code,name,period,hold_ratio,hold_ratio_change,n_funds
000001,平安银行,2025-12-31,68.7462,1.5976,660
000001,平安银行,2026-03-31,65.7811,-2.9651,87
000001,平安银行,2026-06-30,67.2594,1.4783,709
000002,万科A,2025-12-31,43.8478,-0.6986,274
000002,万科A,2026-03-31,40.7540,-3.0938,16
000002,万科A,2026-06-30,39.8293,-0.9247,274
000006,深振业A,2025-12-31,40.4659,0.5062,63
000006,深振业A,2026-03-31,40.1316,-0.3343,1
000006,深振业A,2026-06-30,37.8886,-2.2430,13
000007,全新好,2025-12-31,29.1404,0.8447,4
000007,全新好,2026-03-31,30.2386,1.0982,0
000007,全新好,2026-06-30,27.5561,-2.6825,12
000008,神州高铁,2025-12-31,41.8725,0.4640,14
000008,神州高铁,2026-03-31,41.6938,-0.1787,4
000008,神州高铁,2026-06-30,41.2345,-0.4593,4
000009,中国宝安,2025-12-31,50.3213,2.7807,259
000009,中国宝安,2026-03-31,44.6434,-5.6779,2
000009,中国宝安,2026-06-30,46.1824,1.5390,167
000010,*ST美丽,2025-12-31,24.9384,5.8145,5
000010,*ST美丽,2026-03-31,23.4502,-1.4882,0
000010,*ST美丽,2026-06-30,23.7425,0.2923,0
000011,深物业A,2025-12-31,69.6136,0.4768,46
000011,深物业A,2026-03-31,69.7303,0.1167,2
000011,深物业A,2026-06-30,68.8792,-0.8511,19
000012,南玻A,2025-12-31,43.6983,3.2796,100
000012,南玻A,2026-03-31,40.9395,-2.7588,0
000012,南玻A,2026-06-30,41.6815,0.7420,32
000014,沙河股份,2025-12-31,37.3477,1.1702,16
000014,沙河股份,2026-03-31,35.6202,-1.7275,1
000014,沙河股份,2026-06-30,36.5245,0.9043,35
000016,*ST康佳A,2025-12-31,33.5440,-0.0776,11
000016,*ST康佳A,2026-03-31,33.6907,0.1467,0
000016,*ST康佳A,2026-06-30,32.8213,-0.8694,0
000017,深中华A,2025-12-31,49.5809,27.1636,47
000017,深中华A,2026-03-31,51.4427,1.8618,1
000017,深中华A,2026-06-30,55.1476,3.7049,37
000019,深粮控股,2025-12-31,41.9859,2.0746,68
000019,深粮控股,2026-03-31,38.4133,-3.5726,0
000019,深粮控股,2026-06-30,40.0469,1.6336,43
000020,深华发A,2025-12-31,66.4994,-0.8280,20
000020,深华发A,2026-03-31,66.4268,-0.0726,1
000020,深华发A,2026-06-30,67.0899,0.6631,22
000021,深科技,2025-12-31,43.4479,0.8387,209
000021,深科技,2026-03-31,39.6464,-3.8015,6
000021,深科技,2026-06-30,39.6538,0.0074,235
000025,特力A,2025-12-31,55.8697,-0.4738,19
000025,特力A,2026-03-31,56.2299,0.3602,3
000025,特力A,2026-06-30,55.5965,-0.6334,17
000026,飞亚达,2025-12-31,54.2499,2.6504,96
000026,飞亚达,2026-03-31,51.0876,-3.1623,3
000026,飞亚达,2026-06-30,54.8735,3.7859,93
000027,深圳能源,2025-12-31,77.1122,0.3070,121
000027,深圳能源,2026-03-31,76.1226,-0.9896,2
000027,深圳能源,2026-06-30,77.1793,1.0567,186
000028,国药一致,2025-12-31,70.3952,1.4061,67
000028,国药一致,2026-03-31,69.0886,-1.3066,8
000028,国药一致,2026-06-30,69.0403,-0.0483,58
000029,深深房A,2025-12-31,71.3444,-0.3154,112
000029,深深房A,2026-03-31,70.2981,-1.0463,2
000029,深深房A,2026-06-30,70.4517,0.1536,53
000030,富奥股份,2025-12-31,79.1780,1.5067,143
000030,富奥股份,2026-03-31,76.6458,-2.5322,3
000030,富奥股份,2026-06-30,74.0172,-2.6286,49
000031,大悦城,2025-12-31,78.7701,-0.5322,37
000031,大悦城,2026-03-31,77.7525,-1.0176,1
000031,大悦城,2026-06-30,73.2882,-4.4643,29
000032,深桑达A,2025-12-31,54.9944,-3.4120,188
000032,深桑达A,2026-03-31,49.1853,-5.8091,14
000032,深桑达A,2026-06-30,51.6318,2.4465,277
000034,神州数码,2025-12-31,20.7722,3.5475,261
000034,神州数码,2026-03-31,15.8635,-4.9087,0
000034,神州数码,2026-06-30,17.9646,2.1011,288
000035,中国天楹,2025-12-31,50.7207,3.9643,135
000035,中国天楹,2026-03-31,44.0019,-6.7188,5
000035,中国天楹,2026-06-30,44.6132,0.6113,175
000036,华联控股,2025-12-31,36.0856,2.4825,61
000036,华联控股,2026-03-31,34.4833,-1.6023,8
000036,华联控股,2026-06-30,38.1227,3.6394,101
000037,深南电A,2025-12-31,41.5019,0.5548,6
000037,深南电A,2026-03-31,40.9471,-0.5548,0
000037,深南电A,2026-06-30,40.9660,0.0189,4
000039,中集集团,2025-12-31,40.1413,8.6539,394
000039,中集集团,2026-03-31,35.9805,-4.1608,28
000039,中集集团,2026-06-30,45.6411,9.6606,507
000042,中洲控股,2025-12-31,57.6999,-0.6452,16
000042,中洲控股,2026-03-31,55.4568,-2.2431,1
000042,中洲控股,2026-06-30,53.8177,-1.6391,4
000045,深纺织A,2025-12-31,56.2359,0.4003,26
000045,深纺织A,2026-03-31,55.5038,-0.7321,0
000045,深纺织A,2026-06-30,57.8314,2.3276,59
000048,京基智农,2025-12-31,65.8821,-2.6321,40
000048,京基智农,2026-03-31,62.4142,-3.4679,2
000048,京基智农,2026-06-30,63.7883,1.3741,78
000049,德赛电池,2025-12-31,49.0168,1.2532,119
000049,德赛电池,2026-03-31,46.8768,-2.1400,3
000049,德赛电池,2026-06-30,49.1069,2.2301,101
000050,深天马A,2025-12-31,64.3247,0.2839,308
000050,深天马A,2026-03-31,60.5351,-3.7896,5
000050,深天马A,2026-06-30,62.7697,2.2346,203
000055,方大集团,2025-12-31,18.1545,-0.0312,8
000055,方大集团,2026-03-31,17.6566,-0.4979,0
000055,方大集团,2026-06-30,18.3284,0.6718,12
000056,*ST皇庭,2025-12-31,20.0701,0.0279,4
000056,*ST皇庭,2026-03-31,21.2484,1.1783,0
000056,*ST皇庭,2026-06-30,21.2592,0.0108,0
000058,深赛格,2025-12-31,72.3054,0.6474,73
000058,深赛格,2026-03-31,71.3472,-0.9582,0
000058,深赛格,2026-06-30,71.7999,0.4527,51
000059,华锦股份,2025-12-31,55.9792,5.1986,123
000059,华锦股份,2026-03-31,51.4388,-4.5404,7
000059,华锦股份,2026-06-30,50.7147,-0.7241,143
000060,中金岭南,2025-12-31,40.4782,-2.3472,231
000060,中金岭南,2026-03-31,33.6400,-6.8382,6
000060,中金岭南,2026-06-30,36.6631,3.0231,281
000061,农产品,2025-12-31,71.2181,-1.0208,30
000061,农产品,2026-03-31,68.2330,-2.9851,3
000061,农产品,2026-06-30,69.0708,0.8378,78
000062,深圳华强,2025-12-31,49.3444,-7.6261,104
000062,深圳华强,2026-03-31,48.5738,-0.7706,1
000062,深圳华强,2026-06-30,53.4463,4.8725,119
000063,中兴通讯,2025-12-31,36.8865,0.7608,765
000063,中兴通讯,2026-03-31,31.2697,-5.6168,52
000063,中兴通讯,2026-06-30,33.5031,2.2334,536
000065,北方国际,2025-12-31,61.6726,3.6538,81
000065,北方国际,2026-03-31,60.5211,-1.1515,8
000065,北方国际,2026-06-30,58.9340,-1.5871,51
000066,中国长城,2025-12-31,45.1301,0.1029,202
000066,中国长城,2026-03-31,42.9118,-2.2183,8
000066,中国长城,2026-06-30,45.3864,2.4746,252
000068,华控赛格,2025-12-31,43.8401,-1.4949,11
000068,华控赛格,2026-03-31,43.9412,0.1011,1
000068,华控赛格,2026-06-30,44.5231,0.5819,21
000069,华侨城A,2025-12-31,56.2030,1.5110,123
000069,华侨城A,2026-03-31,55.3156,-0.8874,7
000069,华侨城A,2026-06-30,54.5819,-0.7337,96
000070,特发信息,2025-12-31,40.8792,2.6660,11
000070,特发信息,2026-03-31,44.0558,3.1766,6
000070,特发信息,2026-06-30,46.0914,2.0356,59
000078,ST海王,2025-12-31,48.4614,1.6325,16
000078,ST海王,2026-03-31,48.4752,0.0138,0
000078,ST海王,2026-06-30,46.2564,-2.2188,0
000088,盐田港,2025-12-31,72.4424,1.0330,103
000088,盐田港,2026-03-31,71.7486,-0.6938,2
000088,盐田港,2026-06-30,72.5508,0.8022,130
000089,深圳机场,2025-12-31,65.6011,3.1282,92
000089,深圳机场,2026-03-31,62.2801,-3.3210,1
000089,深圳机场,2026-06-30,62.4638,0.1837,83
000090,天健集团,2025-12-31,44.9761,1.0596,69
000090,天健集团,2026-03-31,43.9010,-1.0751,3
000090,天健集团,2026-06-30,45.3102,1.4092,78
000096,广聚能源,2025-12-31,57.7519,-0.3637,19
000096,广聚能源,2026-03-31,55.4630,-2.2889,2
000096,广聚能源,2026-06-30,55.9706,0.5076,35
000099,中信海直,2025-12-31,41.5943,0.5009,69
000099,中信海直,2026-03-31,39.2672,-2.3271,3
000099,中信海直,2026-06-30,39.7169,0.4497,54
000100,TCL科技,2025-12-31,29.2301,7.7543,926
000100,TCL科技,2026-03-31,19.2776,-9.9525,198
000100,TCL科技,2026-06-30,27.1781,7.9005,1094
000151,中成股份,2025-12-31,41.6043,-0.2352,20
000151,中成股份,2026-03-31,43.5990,1.9947,1
000151,中成股份,2026-06-30,40.9148,-2.6842,34
000153,丰原药业,2025-12-31,31.1268,0.4464,27
000153,丰原药业,2026-03-31,30.7362,-0.3906,1
000153,丰原药业,2026-06-30,31.0798,0.3436,34
000155,川能动力,2025-12-31,56.2985,0.7247,144
000155,川能动力,2026-03-31,54.9649,-1.3336,15
000155,川能动力,2026-06-30,55.6746,0.7097,201
000156,华数传媒,2025-12-31,56.0352,1.6777,97
000156,华数传媒,2026-03-31,53.9831,-2.0521,0
000156,华数传媒,2026-06-30,55.1281,1.1450,96
000157,中联重科,2025-12-31,58.5414,8.4670,768
000157,中联重科,2026-03-31,51.0161,-7.5253,103
000157,中联重科,2026-06-30,53.7646,2.7485,629
000158,常山北明,2025-12-31,35.2617,-0.0096,8
000158,常山北明,2026-03-31,35.3692,0.1075,0
000158,常山北明,2026-06-30,35.4281,0.0589,4
000159,国际实业,2025-12-31,26.1528,2.8178,52
000159,国际实业,2026-03-31,23.1948,-2.9580,0
000159,国际实业,2026-06-30,23.2278,0.0330,21
000166,申万宏源,2025-12-31,78.0705,3.0819,451
000166,申万宏源,2026-03-31,74.9811,-3.0894,30
000166,申万宏源,2026-06-30,76.4724,1.4913,359
000301,东方盛虹,2025-12-31,82.7333,4.6080,371
000301,东方盛虹,2026-03-31,79.3973,-3.3360,7
000301,东方盛虹,2026-06-30,83.5043,4.1070,493
000333,美的集团,2025-12-31,61.1210,2.2208,1919
000333,美的集团,2026-03-31,59.2274,-1.8936,915
000333,美的集团,2026-06-30,60.1041,0.8767,1733
000338,潍柴动力,2025-12-31,39.1074,13.6537,1055
000338,潍柴动力,2026-03-31,30.9569,-8.1505,329
000338,潍柴动力,2026-06-30,43.8369,12.8800,1430
000400,许继电气,2025-12-31,53.3286,4.3493,323
000400,许继电气,2026-03-31,45.6298,-7.6988,6
000400,许继电气,2026-06-30,45.9162,0.2864,244
000401,金隅冀东,2025-12-31,69.9316,0.1175,49
000401,金隅冀东,2026-03-31,69.1857,-0.7459,2
000401,金隅冀东,2026-06-30,69.5845,0.3988,31
000402,金融街,2025-12-31,54.5092,-1.3584,19
000402,金融街,2026-03-31,54.6559,0.1467,1
000402,金融街,2026-06-30,52.2724,-2.3835,47
000403,派林生物,2025-12-31,48.1512,3.4375,97
000403,派林生物,2026-03-31,44.3770,-3.7742,1
000403,派林生物,2026-06-30,46.3340,1.9570,67
000404,长虹华意,2025-12-31,38.5333,0.7315,83
000404,长虹华意,2026-03-31,39.0582,0.5249,6
000404,长虹华意,2026-06-30,47.9188,8.8606,154
000407,胜利股份,2025-12-31,30.6423,-0.6082,10
000407,胜利股份,2026-03-31,27.2873,-3.3550,1
000407,胜利股份,2026-06-30,27.4369,0.1496,31
000408,藏格矿业,2025-12-31,63.2023,5.9760,930
000408,藏格矿业,2026-03-31,58.3002,-4.9021,161
000408,藏格矿业,2026-06-30,61.0895,2.7893,942
000409,云鼎科技,2025-12-31,40.1623,23.7527,10
000409,云鼎科技,2026-03-31,39.8123,-0.3500,0
000409,云鼎科技,2026-06-30,38.8002,-1.0121,8
000410,沈阳机床,2025-12-31,37.3823,-2.6424,12
000410,沈阳机床,2026-03-31,36.9665,-0.4158,0
000410,沈阳机床,2026-06-30,39.9763,3.0098,12
000411,英特集团,2025-12-31,57.7549,-3.8315,9
000411,英特集团,2026-03-31,53.0584,-4.6965,0
000411,英特集团,2026-06-30,69.3923,16.3339,16
000415,渤海租赁,2025-12-31,54.5403,6.7212,313
000415,渤海租赁,2026-03-31,50.3516,-4.1887,14
000415,渤海租赁,2026-06-30,55.5886,5.2370,413
000417,合百集团,2025-12-31,39.8076,0.1791,15
000417,合百集团,2026-03-31,40.0741,0.2665,0
000417,合百集团,2026-06-30,38.6727,-1.4014,13
000419,通程控股,2025-12-31,48.4921,1.0452,54
000419,通程控股,2026-03-31,48.8715,0.3794,2
000419,通程控股,2026-06-30,49.6248,0.7533,81
000420,吉林化纤,2025-12-31,29.0361,0.2914,23
000420,吉林化纤,2026-03-31,26.8658,-2.1703,1
000420,吉林化纤,2026-06-30,26.3203,-0.5455,59
000421,南京公用,2025-12-31,59.5117,2.5205,102
000421,南京公用,2026-03-31,57.7086,-1.8031,4
000421,南京公用,2026-06-30,58.1728,0.4642,89
000422,湖北宜化,2025-12-31,35.4015,2.8066,151
000422,湖北宜化,2026-03-31,32.5572,-2.8443,8
000422,湖北宜化,2026-06-30,34.5591,2.0019,99
000423,东阿阿胶,2025-12-31,50.2014,5.7602,463
000423,东阿阿胶,2026-03-31,47.4576,-2.7438,54
000423,东阿阿胶,2026-06-30,52.4821,5.0245,498
000425,徐工机械,2025-12-31,48.2798,6.7848,1167
000425,徐工机械,2026-03-31,41.7376,-6.5422,189
000425,徐工机械,2026-06-30,49.3837,7.6461,1024
000426,兴业银锡,2025-12-31,50.0187,4.1335,583
000426,兴业银锡,2026-03-31,41.9209,-8.0978,104
000426,兴业银锡,2026-06-30,39.4969,-2.4240,525
000428,华天酒店,2025-12-31,58.4497,0.9460,30
000428,华天酒店,2026-03-31,59.0430,0.5933,1
000428,华天酒店,2026-06-30,60.3849,1.3419,41
000429,粤高速A,2025-12-31,78.7068,9.2980,339
000429,粤高速A,2026-03-31,72.4214,-6.2854,15
000429,粤高速A,2026-06-30,80.0704,7.6490,290
000430,张家界,2025-12-31,41.9521,6.2024,0
000430,张家界,2026-03-31,38.7249,-3.2272,0
000430,张家界,2026-06-30,38.1234,-0.6015,3
000488,ST晨鸣,2025-12-31,26.9021,-0.2054,0
000488,ST晨鸣,2026-03-31,27.4455,0.5434,1
000488,ST晨鸣,2026-06-30,27.3479,-0.0976,0
000498,山东路桥,2025-12-31,65.5376,2.0251,116
000498,山东路桥,2026-03-31,62.5082,-3.0294,3
000498,山东路桥,2026-06-30,61.3141,-1.1941,45
000501,武商集团,2025-12-31,47.8851,0.4484,47
000501,武商集团,2026-03-31,46.5215,-1.3636,1
000501,武商集团,2026-06-30,46.6705,0.1490,18
000503,国新健康,2025-12-31,31.2374,1.8898,36
000503,国新健康,2026-03-31,28.7648,-2.4726,0
000503,国新健康,2026-06-30,28.2052,-0.5596,26
000504,南华生物,2025-12-31,43.5408,0.0000,0
000504,南华生物,2026-03-31,43.5408,0.0000,0
000504,南华生物,2026-06-30,43.6286,0.0878,7
000505,京粮控股,2025-12-31,55.8491,1.9900,9
000505,京粮控股,2026-03-31,55.6360,-0.2131,0
000505,京粮控股,2026-06-30,52.0863,-3.5497,33
000506,招金黄金,2025-12-31,48.5229,7.9473,114
000506,招金黄金,2026-03-31,48.1066,-0.4163,32
000506,招金黄金,2026-06-30,48.6769,0.5703,153
000507,珠海港,2025-12-31,35.9734,0.4313,35
000507,珠海港,2026-03-31,36.5662,0.5928,0
000507,珠海港,2026-06-30,35.7351,-0.8311,14
000509,华塑控股,2025-12-31,43.3366,0.0698,10
000509,华塑控股,2026-03-31,44.2060,0.8694,1
000509,华塑控股,2026-06-30,44.5485,0.3425,24
000510,新金路,2025-12-31,20.5166,6.5825,80
000510,新金路,2026-03-31,21.4088,0.8922,21
000510,新金路,2026-06-30,30.1698,8.7610,211
000513,丽珠集团,2025-12-31,52.3079,3.8670,381
000513,丽珠集团,2026-03-31,46.4159,-5.8920,17
000513,丽珠集团,2026-06-30,49.6606,3.2447,264
000514,渝开发,2025-12-31,63.9960,-0.6222,6
000514,渝开发,2026-03-31,64.3024,0.3064,1
000514,渝开发,2026-06-30,65.3341,1.0317,24
000516,国际医学,2025-12-31,34.0628,-0.2976,6
000516,国际医学,2026-03-31,33.6380,-0.4248,0
000516,国际医学,2026-06-30,31.2397,-2.3983,3
000517,荣安地产,2025-12-31,63.9364,-0.4570,15
000517,荣安地产,2026-03-31,64.7847,0.8483,3
000517,荣安地产,2026-06-30,63.5066,-1.2781,15
000518,四环生物,2025-12-31,38.0746,0.0000,0
000518,四环生物,2026-03-31,38.9933,0.9187,0
000518,四环生物,2026-06-30,39.1947,0.2014,0
000519,中兵红箭,2025-12-31,47.1872,3.1634,240
000519,中兵红箭,2026-03-31,42.7312,-4.4560,3
000519,中兵红箭,2026-06-30,49.3352,6.6040,345
000520,凤凰航运,2025-12-31,32.0361,-0.3792,21
000520,凤凰航运,2026-03-31,31.8265,-0.2096,0
000520,凤凰航运,2026-06-30,32.3598,0.5333,18
000521,长虹美菱,2025-12-31,38.3992,-1.0110,72
000521,长虹美菱,2026-03-31,36.4318,-1.9674,6
000521,长虹美菱,2026-06-30,40.6411,4.2093,50
000523,红棉股份,2025-12-31,44.8027,-3.2042,17
000523,红棉股份,2026-03-31,40.1681,-4.6346,0
000523,红棉股份,2026-06-30,55.1374,14.9693,29
000524,岭南控股,2025-12-31,73.0272,-0.9434,17
000524,岭南控股,2026-03-31,71.2648,-1.7624,3
000524,岭南控股,2026-06-30,71.3487,0.0839,27
000525,红太阳,2025-12-31,31.7668,-0.7572,1
000525,红太阳,2026-03-31,31.0153,-0.7515,2
000525,红太阳,2026-06-30,29.4848,-1.5305,7
000526,学大教育,2025-12-31,55.3296,7.3178,100
000526,学大教育,2026-03-31,45.7587,-9.5709,5
000526,学大教育,2026-06-30,47.1764,1.4177,91
000528,柳工,2025-12-31,56.2847,14.3891,436
000528,柳工,2026-03-31,39.9398,-16.3449,28
000528,柳工,2026-06-30,39.9357,-0.0041,253
000529,广弘控股,2025-12-31,58.0116,0.4899,38
000529,广弘控股,2026-03-31,56.5491,-1.4625,1
000529,广弘控股,2026-06-30,56.5996,0.0505,32
000530,冰山冷热,2025-12-31,31.1499,2.6657,10
000530,冰山冷热,2026-03-31,29.4138,-1.7361,0
000530,冰山冷热,2026-06-30,28.4893,-0.9245,3
000531,穗恒运A,2025-12-31,59.2579,0.9002,73
000531,穗恒运A,2026-03-31,57.5307,-1.7272,1
000531,穗恒运A,2026-06-30,56.9877,-0.5430,33
000532,华金资本,2025-12-31,49.4723,-0.7781,24
000532,华金资本,2026-03-31,50.6022,1.1299,2
000532,华金资本,2026-06-30,49.4055,-1.1967,23
000533,顺钠股份,2025-12-31,21.3738,1.0609,9
000533,顺钠股份,2026-03-31,24.4719,3.0981,0
000533,顺钠股份,2026-06-30,25.7219,1.2500,44
000534,万泽股份,2025-12-31,51.8658,21.3201,226
000534,万泽股份,2026-03-31,49.7537,-2.1121,65
000534,万泽股份,2026-06-30,57.8322,8.0785,371
000536,华映科技,2025-12-31,45.5991,-0.4377,1
000536,华映科技,2026-03-31,44.3597,-1.2394,0
000536,华映科技,2026-06-30,43.6499,-0.7098,2
000537,绿发电力,2025-12-31,72.5311,0.9374,110
000537,绿发电力,2026-03-31,71.6788,-0.8523,4
000537,绿发电力,2026-06-30,71.7907,0.1119,115
000538,云南白药,2025-12-31,68.7462,3.0991,554
000538,云南白药,2026-03-31,67.9231,-0.8231,33
000538,云南白药,2026-06-30,66.5170,-1.4061,533
000539,粤电力A,2025-12-31,73.9659,0.7937,130
000539,粤电力A,2026-03-31,73.1762,-0.7897,0
000539,粤电力A,2026-06-30,69.8769,-3.2993,128
000540,*ST中天,2025-12-31,0.0002,,1
000540,*ST中天,2026-06-30,0.0002,,1
000541,佛山照明,2025-12-31,53.2312,0.1717,29
000541,佛山照明,2026-03-31,52.6965,-0.5347,1
000541,佛山照明,2026-06-30,50.3173,-2.3792,16
000543,皖能电力,2025-12-31,66.7598,2.9782,269
000543,皖能电力,2026-03-31,62.5735,-4.1863,7
000543,皖能电力,2026-06-30,67.2233,4.6498,143
000544,中原环保,2025-12-31,78.7828,0.0852,34
000544,中原环保,2026-03-31,79.0562,0.2734,1
000544,中原环保,2026-06-30,78.7066,-0.3496,53
000545,金浦钛业,2025-12-31,14.7605,-6.6208,1
000545,金浦钛业,2026-03-31,16.8700,2.1095,0
000545,金浦钛业,2026-06-30,15.2341,-1.6359,6
000546,金圆股份,2025-12-31,34.7036,0.0113,1
000546,金圆股份,2026-03-31,37.7546,3.0510,1
000546,金圆股份,2026-06-30,34.3501,-3.4045,13
000547,航天发展,2025-12-31,28.6513,1.2957,91
000547,航天发展,2026-03-31,23.5262,-5.1251,17
000547,航天发展,2026-06-30,26.1584,2.6322,127
000548,湖南投资,2025-12-31,34.0357,1.1325,47
000548,湖南投资,2026-03-31,34.7990,0.7633,1
000548,湖南投资,2026-06-30,35.1406,0.3416,65
000550,江铃汽车,2025-12-31,75.3510,3.2218,87
000550,江铃汽车,2026-03-31,71.7160,-3.6350,6
000550,江铃汽车,2026-06-30,75.9111,4.1951,186
000551,创元科技,2025-12-31,37.8280,1.5626,32
000551,创元科技,2026-03-31,37.3460,-0.4820,2
000551,创元科技,2026-06-30,39.8520,2.5060,77
000552,甘肃能化,2025-12-31,52.5963,1.9432,55
000552,甘肃能化,2026-03-31,49.7571,-2.8392,3
000552,甘肃能化,2026-06-30,51.9044,2.1473,98
000553,安道麦A,2025-12-31,87.5302,-0.2664,97
000553,安道麦A,2026-03-31,86.3569,-1.1733,3
000553,安道麦A,2026-06-30,86.5242,0.1673,69
000554,泰山石油,2025-12-31,3.0986,2.1114,43
000554,泰山石油,2026-03-31,0.7941,-2.3045,0
000554,泰山石油,2026-06-30,3.8876,3.0935,59
000555,神州信息,2025-12-31,50.8351,2.0718,180
000555,神州信息,2026-03-31,45.6796,-5.1555,7
000555,神州信息,2026-06-30,47.6577,1.9781,105
000557,西部创业,2025-12-31,59.4508,0.5780,24
000557,西部创业,2026-03-31,58.2304,-1.2204,0
000557,西部创业,2026-06-30,58.3999,0.1695,18
000558,天府文旅,2025-12-31,36.7955,1.3863,8
000558,天府文旅,2026-03-31,37.5277,0.7322,1
000558,天府文旅,2026-06-30,37.3550,-0.1727,11
000559,万向钱潮,2025-12-31,68.9539,0.9910,112
000559,万向钱潮,2026-03-31,68.4586,-0.4953,8
000559,万向钱潮,2026-06-30,68.5413,0.0827,146
000560,我爱我家,2025-12-31,38.4695,-0.3298,65
000560,我爱我家,2026-03-31,38.7288,0.2593,7
000560,我爱我家,2026-06-30,37.7526,-0.9762,45
000561,烽火电子,2025-12-31,60.2701,12.7988,18
000561,烽火电子,2026-03-31,47.2710,-12.9991,1
000561,烽火电子,2026-06-30,52.0656,4.7946,17
000563,陕国投A,2025-12-31,53.3744,0.7810,128
000563,陕国投A,2026-03-31,51.8989,-1.4755,1
000563,陕国投A,2026-06-30,51.4323,-0.4666,51
000564,供销大集,2025-12-31,39.8725,-0.6406,21
000564,供销大集,2026-03-31,41.3639,1.4914,1
000564,供销大集,2026-06-30,40.3279,-1.0360,14
000565,渝三峡A,2025-12-31,41.3887,-0.0612,12
000565,渝三峡A,2026-03-31,41.6623,0.2736,1
000565,渝三峡A,2026-06-30,44.5119,2.8496,72
000566,海南海药,2025-12-31,30.9424,-2.0807,17
000566,海南海药,2026-03-31,29.2751,-1.6673,0
000566,海南海药,2026-06-30,28.1646,-1.1105,18
000567,海德股份,2025-12-31,77.6453,0.1710,27
000567,海德股份,2026-03-31,77.1436,-0.5017,1
000567,海德股份,2026-06-30,77.6065,0.4629,75
000568,泸州老窖,2025-12-31,76.3727,4.8082,927
000568,泸州老窖,2026-03-31,70.2629,-6.1098,120
000568,泸州老窖,2026-06-30,70.4029,0.1400,591
000570,苏常柴A,2025-12-31,43.5937,1.7528,38
000570,苏常柴A,2026-03-31,43.7933,0.1996,3
000570,苏常柴A,2026-06-30,44.7587,0.9654,59
000571,新大洲A,2025-12-31,32.1115,-2.2530,1
000571,新大洲A,2026-03-31,30.3459,-1.7656,0
000571,新大洲A,2026-06-30,31.2049,0.8590,5
000572,海马汽车,2025-12-31,35.4388,-0.6069,7
000572,海马汽车,2026-03-31,35.6443,0.2055,0
000572,海马汽车,2026-06-30,38.5913,2.9470,48
000573,粤宏远A,2025-12-31,24.5004,0.6079,25
000573,粤宏远A,2026-03-31,24.0120,-0.4884,0
000573,粤宏远A,2026-06-30,25.0123,1.0003,27
000576,甘化科工,2025-12-31,43.2906,2.9657,133
000576,甘化科工,2026-03-31,40.4420,-2.8486,4
000576,甘化科工,2026-06-30,40.4081,-0.0339,57
000581,威孚高科,2025-12-31,49.7974,2.6038,212
000581,威孚高科,2026-03-31,48.4944,-1.3030,10
000581,威孚高科,2026-06-30,48.3977,-0.0967,141
000582,北部湾港,2025-12-31,68.9646,4.3407,150
000582,北部湾港,2026-03-31,62.5186,-6.4460,7
000582,北部湾港,2026-06-30,61.9845,-0.5341,113
000586,汇源通信,2025-12-31,39.5407,3.8311,56
000586,汇源通信,2026-03-31,40.3666,0.8259,0
000586,汇源通信,2026-06-30,37.8091,-2.5575,26
000589,贵州轮胎,2025-12-31,33.2247,7.0633,229
000589,贵州轮胎,2026-03-31,27.5498,-5.6749,14
000589,贵州轮胎,2026-06-30,31.0495,3.4997,223
000590,古汉医药,2025-12-31,47.1313,1.6335,14
000590,古汉医药,2026-03-31,48.5609,1.4296,0
000590,古汉医药,2026-06-30,48.4505,-0.1104,30
000591,太阳能,2025-12-31,43.0224,0.3693,155
000591,太阳能,2026-03-31,39.8601,-3.1623,6
000591,太阳能,2026-06-30,42.2868,2.4267,150
000592,平潭发展,2025-12-31,21.1924,1.9305,12
000592,平潭发展,2026-03-31,23.8207,2.6283,3
000592,平潭发展,2026-06-30,23.1385,-0.6822,42
000593,德龙汇能,2025-12-31,39.5216,-3.2911,6
000593,德龙汇能,2026-03-31,38.3284,-1.1932,0
000593,德龙汇能,2026-06-30,39.7837,1.4553,43
000595,新能股份,2025-12-31,61.2919,-4.3897,0
000595,新能股份,2026-03-31,58.6558,-2.6361,0
000595,新能股份,2026-06-30,58.8991,0.2433,0
000596,古井贡酒,2025-12-31,85.8390,5.6382,473
000596,古井贡酒,2026-03-31,77.3951,-8.4439,28
000596,古井贡酒,2026-06-30,82.0376,4.6425,367
000597,东北制药,2025-12-31,58.4720,1.2426,84
000597,东北制药,2026-03-31,57.0924,-1.3796,3
000597,东北制药,2026-06-30,57.4669,0.3745,49
000598,兴蓉环境,2025-12-31,67.1674,4.7682,386
000598,兴蓉环境,2026-03-31,62.4631,-4.7043,7
000598,兴蓉环境,2026-06-30,66.9458,4.4827,275
000599,青岛双星,2025-12-31,41.5522,-0.5031,15
000599,青岛双星,2026-03-31,41.9005,0.3483,0
000599,青岛双星,2026-06-30,43.0044,1.1039,38
000600,建投能源,2025-12-31,58.5742,7.3886,312
000600,建投能源,2026-03-31,50.9282,-7.6460,22
000600,建投能源,2026-06-30,53.5115,2.5833,153
000601,韶能股份,2025-12-31,35.4091,-0.4513,61
000601,韶能股份,2026-03-31,33.9227,-1.4864,0
000601,韶能股份,2026-06-30,33.3124,-0.6103,26
000603,盛达资源,2025-12-31,58.8949,8.1644,369
000603,盛达资源,2026-03-31,46.6344,-12.2605,35
000603,盛达资源,2026-06-30,47.7647,1.1303,206
000605,渤海股份,2025-12-31,45.4112,1.8404,52
000605,渤海股份,2026-03-31,44.4654,-0.9458,2
000605,渤海股份,2026-06-30,47.4844,3.0190,89
000607,华媒控股,2025-12-31,47.8365,1.2627,27
000607,华媒控股,2026-03-31,47.2570,-0.5795,1
000607,华媒控股,2026-06-30,48.0063,0.7493,44
000608,阳光股份,2025-12-31,22.3584,-10.0602,0
000608,阳光股份,2026-06-30,1.5816,,6
000609,*ST中迪,2025-12-31,25.5212,-0.1139,0
000609,*ST中迪,2026-03-31,25.0452,-0.4760,0
000609,*ST中迪,2026-06-30,24.4725,-0.5727,0
000610,*ST西旅,2025-12-31,34.9189,0.4555,9
000610,*ST西旅,2026-03-31,32.6855,-2.2334,2
000610,*ST西旅,2026-06-30,30.7429,-1.9426,0
000612,焦作万方,2025-12-31,38.2566,3.0424,168
000612,焦作万方,2026-03-31,30.9692,-7.2874,7
000612,焦作万方,2026-06-30,30.7680,-0.2012,172
000615,*ST美谷,2025-12-31,40.5031,6.1685,0
000615,*ST美谷,2026-03-31,37.9835,-2.5196,0
000615,*ST美谷,2026-06-30,36.3846,-1.5989,0
000617,中油资本,2025-12-31,83.8083,0.5381,331
000617,中油资本,2026-03-31,82.6114,-1.1969,11
000617,中油资本,2026-06-30,82.9765,0.3651,346
000619,海螺新材,2025-12-31,39.0266,3.0230,49
000619,海螺新材,2026-03-31,37.0122,-2.0144,0
000619,海螺新材,2026-06-30,38.9582,1.9460,80
000620,盈新发展,2025-12-31,51.6383,-9.8426,17
000620,盈新发展,2026-03-31,47.2313,-4.4070,0
000620,盈新发展,2026-06-30,42.1899,-5.0414,18
000623,吉林敖东,2025-12-31,40.3361,2.9000,314
000623,吉林敖东,2026-03-31,36.1418,-4.1943,12
000623,吉林敖东,2026-06-30,37.9956,1.8538,287
000625,长安汽车,2025-12-31,56.7152,1.3104,385
000625,长安汽车,2026-03-31,51.4396,-5.2756,21
000625,长安汽车,2026-06-30,48.7404,-2.6992,363
000626,远大控股,2025-12-31,60.1504,0.9975,31
000626,远大控股,2026-03-31,60.0752,-0.0752,0
000626,远大控股,2026-06-30,59.7882,-0.2870,25
000628,高新发展,2025-12-31,19.1748,-0.0109,31
000628,高新发展,2026-03-31,16.8398,-2.3350,0
000628,高新发展,2026-06-30,21.9627,5.1229,61
000629,钒钛股份,2025-12-31,61.3968,2.3486,194
000629,钒钛股份,2026-03-31,58.7375,-2.6593,2
000629,钒钛股份,2026-06-30,59.7075,0.9700,205
000630,铜陵有色,2025-12-31,54.9691,5.7835,587
000630,铜陵有色,2026-03-31,43.3283,-11.6408,27
000630,铜陵有色,2026-06-30,46.1138,2.7855,568
000631,顺发恒能,2025-12-31,73.0493,-0.1787,7
000631,顺发恒能,2026-03-31,76.4713,3.4220,3
000631,顺发恒能,2026-06-30,74.4006,-2.0707,10
000632,ST三木,2025-12-31,23.9024,0.6401,10
000632,ST三木,2026-03-31,25.0300,1.1276,4
000632,ST三木,2026-06-30,23.2300,-1.8000,0
000633,合金投资,2025-12-31,25.8252,-0.9642,8
000633,合金投资,2026-03-31,27.4802,1.6550,0
000633,合金投资,2026-06-30,28.2905,0.8103,45
000635,英力特,2025-12-31,53.6167,1.5879,35
000635,英力特,2026-03-31,47.0602,-6.5565,3
000635,英力特,2026-06-30,49.3453,2.2851,26
000636,风华高科,2025-12-31,44.1881,2.3280,76
000636,风华高科,2026-03-31,37.6708,-6.5173,7
000636,风华高科,2026-06-30,49.9576,12.2868,450
000637,茂化实华,2025-12-31,25.9292,3.6716,26
000637,茂化实华,2026-03-31,26.0020,0.0728,0
000637,茂化实华,2026-06-30,25.7408,-0.2612,44
000639,ST西王,2025-12-31,30.3782,-1.2703,34
000639,ST西王,2026-03-31,28.4581,-1.9201,1
000639,ST西王,2026-06-30,27.6473,-0.8108,1
000650,仁和药业,2025-12-31,30.0602,0.8528,115
000650,仁和药业,2026-03-31,27.8633,-2.1969,4
000650,仁和药业,2026-06-30,28.5411,0.6778,104
000651,格力电器,2025-12-31,46.5162,3.2400,1015
000651,格力电器,2026-03-31,41.8816,-4.6346,256
000651,格力电器,2026-06-30,42.7604,0.8788,1085
000652,泰达股份,2025-12-31,36.9037,-0.1147,12
000652,泰达股份,2026-03-31,36.8308,-0.0729,0
000652,泰达股份,2026-06-30,34.0353,-2.7955,14
000655,金岭矿业,2025-12-31,62.6913,0.6412,38
000655,金岭矿业,2026-03-31,62.1399,-0.5514,1
000655,金岭矿业,2026-06-30,62.4739,0.3340,37
000656,金科股份,2025-12-31,30.2234,-6.8178,0
000656,金科股份,2026-03-31,28.2141,-2.0093,0
000656,金科股份,2026-06-30,24.8227,-3.3914,0
000657,中钨高新,2025-12-31,59.9121,3.5264,514
000657,中钨高新,2026-03-31,53.1496,-6.7625,73
000657,中钨高新,2026-06-30,63.2754,10.1258,1035
000659,珠海中富,2025-12-31,17.0694,0.1130,11
000659,珠海中富,2026-03-31,16.1385,-0.9309,0
000659,珠海中富,2026-06-30,16.1243,-0.0142,8
000661,长春高新,2025-12-31,35.8227,1.9915,384
000661,长春高新,2026-03-31,29.8633,-5.9594,31
000661,长春高新,2026-06-30,29.4163,-0.4470,286
000663,永安林业,2025-12-31,32.2919,2.5520,10
000663,永安林业,2026-03-31,33.0196,0.7277,1
000663,永安林业,2026-06-30,35.3096,2.2900,40
000665,湖北广电,2025-12-31,44.9389,0.0013,7
000665,湖北广电,2026-03-31,44.9376,-0.0013,0
000665,湖北广电,2026-06-30,43.9376,-1.0000,1
000668,荣丰控股,2025-12-31,40.9078,0.0000,0
000668,荣丰控股,2026-03-31,40.9078,0.0000,0
000668,荣丰控股,2026-06-30,41.7707,0.8629,4
000669,ST金鸿,2025-12-31,24.6530,-3.4011,0
000669,ST金鸿,2026-03-31,23.6904,-0.9626,0
000669,ST金鸿,2026-06-30,23.6904,0.0000,0
000670,盈方微,2025-12-31,22.2523,-1.7200,13
000670,盈方微,2026-03-31,20.1568,-2.0955,0
000670,盈方微,2026-06-30,20.2030,0.0462,7
000672,上峰材料,2025-12-31,68.2988,5.4752,192
000672,上峰材料,2026-03-31,61.8487,-6.4501,11
000672,上峰材料,2026-06-30,65.5233,3.6746,213
000676,智度股份,2025-12-31,27.8724,0.2555,35
000676,智度股份,2026-03-31,26.3642,-1.5082,1
000676,智度股份,2026-06-30,28.0941,1.7299,79
000677,ST海龙,2025-12-31,30.4351,-3.2116,8
000677,ST海龙,2026-03-31,27.9261,-2.5090,0
000677,ST海龙,2026-06-30,28.1918,0.2657,0
000678,襄阳轴承,2025-12-31,46.2267,0.5054,2
000678,襄阳轴承,2026-03-31,45.7690,-0.4577,0
000678,襄阳轴承,2026-06-30,46.9331,1.1641,4
000679,大连友谊,2025-12-31,31.4001,0.0006,3
000679,大连友谊,2026-03-31,31.3995,-0.0006,0
000679,大连友谊,2026-06-30,31.9632,0.5637,23
000680,山推股份,2025-12-31,56.1794,11.6426,281
000680,山推股份,2026-03-31,46.1119,-10.0675,32
000680,山推股份,2026-06-30,54.2275,8.1156,260
000681,视觉中国,2025-12-31,5.3311,1.6421,71
000681,视觉中国,2026-03-31,2.9450,-2.3861,5
000681,视觉中国,2026-06-30,2.8280,-0.1170,94
000682,东方电子,2025-12-31,53.9860,2.7131,120
000682,东方电子,2026-03-31,51.3691,-2.6169,4
000682,东方电子,2026-06-30,49.9042,-1.4649,129
000683,博源化工,2025-12-31,49.0417,8.4633,506
000683,博源化工,2026-03-31,42.1389,-6.9028,44
000683,博源化工,2026-06-30,45.9141,3.7752,468
000685,中山公用,2025-12-31,59.3785,-0.4812,78
000685,中山公用,2026-03-31,56.9997,-2.3788,3
000685,中山公用,2026-06-30,57.1012,0.1015,179
000686,东北证券,2025-12-31,55.9998,3.7794,129
000686,东北证券,2026-03-31,51.1311,-4.8687,4
000686,东北证券,2026-06-30,52.0419,0.9108,125
000688,国城矿业,2025-12-31,83.4517,5.5556,278
000688,国城矿业,2026-03-31,75.7721,-7.6796,81
000688,国城矿业,2026-06-30,77.7186,1.9465,344
000690,宝新能源,2025-12-31,29.1602,3.6145,111
000690,宝新能源,2026-03-31,22.3803,-6.7799,3
000690,宝新能源,2026-06-30,27.6954,5.3151,134
000691,亚太实业,2025-12-31,16.3986,-2.6400,0
000691,亚太实业,2026-03-31,15.3685,-1.0301,0
000691,亚太实业,2026-06-30,16.0914,0.7229,1
000692,惠天热电,2025-12-31,30.0494,-0.9652,11
000692,惠天热电,2026-03-31,31.2897,1.2403,1
000692,惠天热电,2026-06-30,31.7342,0.4445,26
000695,滨海能源,2025-12-31,31.3828,1.1850,13
000695,滨海能源,2026-03-31,30.9257,-0.4571,0
000695,滨海能源,2026-06-30,39.0879,8.1622,30
000697,炼石航空,2025-12-31,43.4465,18.0707,1
000697,炼石航空,2026-03-31,43.4915,0.0450,1
000697,炼石航空,2026-06-30,42.3206,-1.1709,20
000698,ST沈化,2025-12-31,45.3202,-0.7250,1
000698,ST沈化,2026-03-31,46.2329,0.9127,0
000698,ST沈化,2026-06-30,44.9673,-1.2656,0
000700,模塑科技,2025-12-31,48.6300,2.7166,110
000700,模塑科技,2026-03-31,44.8567,-3.7733,20
000700,模塑科技,2026-06-30,45.8734,1.0167,103
000701,厦门信达,2025-12-31,42.5210,0.9973,15
000701,厦门信达,2026-03-31,42.1852,-0.3358,2
000701,厦门信达,2026-06-30,42.1850,-0.0002,44
000702,正虹科技,2025-12-31,28.6859,3.5513,39
000702,正虹科技,2026-03-31,29.0073,0.3214,5
000702,正虹科技,2026-06-30,29.0344,0.0271,51
000703,恒逸石化,2025-12-31,76.6462,8.7989,278
000703,恒逸石化,2026-03-31,70.5651,-6.0811,53
000703,恒逸石化,2026-06-30,71.6599,1.0948,529
000705,浙江震元,2025-12-31,12.3851,0.7948,19
000705,浙江震元,2026-03-31,11.6717,-0.7134,1
000705,浙江震元,2026-06-30,14.0350,2.3633,39
000707,双环科技,2025-12-31,27.0590,1.2646,35
000707,双环科技,2026-03-31,25.3381,-1.7209,5
000707,双环科技,2026-06-30,24.1103,-1.2278,16
000708,中信特钢,2025-12-31,91.3474,3.9702,754
000708,中信特钢,2026-03-31,88.6391,-2.7083,46
000708,中信特钢,2026-06-30,90.8063,2.1672,589
000709,河钢股份,2025-12-31,68.0982,0.6569,172
000709,河钢股份,2026-03-31,66.1029,-1.9953,3
000709,河钢股份,2026-06-30,66.5041,0.4012,181
000710,贝瑞基因,2025-12-31,24.8419,0.4898,22
000710,贝瑞基因,2026-03-31,24.5735,-0.2684,1
000710,贝瑞基因,2026-06-30,24.9109,0.3374,26
000711,京蓝科技,2025-12-31,23.2223,-5.4629,0
000711,京蓝科技,2026-03-31,14.9844,-8.2379,0
000711,京蓝科技,2026-06-30,9.2104,-5.7740,1
000712,锦龙股份,2025-12-31,25.3185,-1.0434,50
000712,锦龙股份,2026-03-31,21.6591,-3.6594,3
000712,锦龙股份,2026-06-30,26.4476,4.7885,59
000713,国投丰乐,2025-12-31,30.5703,1.3295,29
000713,国投丰乐,2026-03-31,29.8473,-0.7230,1
000713,国投丰乐,2026-06-30,30.0692,0.2219,10
000715,中兴商业,2025-12-31,33.8902,1.4459,17
000715,中兴商业,2026-03-31,34.2899,0.3997,0
000715,中兴商业,2026-06-30,35.1084,0.8185,24
000716,黑芝麻,2025-12-31,31.1786,0.2366,9
000716,黑芝麻,2026-03-31,29.9492,-1.2294,0
000716,黑芝麻,2026-06-30,30.2923,0.3431,6
000717,中南股份,2025-12-31,56.1066,0.3343,73
000717,中南股份,2026-03-31,55.3400,-0.7666,1
000717,中南股份,2026-06-30,54.8019,-0.5381,29
000718,苏宁环球,2025-12-31,33.1027,0.7822,20
000718,苏宁环球,2026-03-31,31.7721,-1.3306,0
000718,苏宁环球,2026-06-30,30.9791,-0.7930,7
000719,中原传媒,2025-12-31,72.4444,2.9364,240
000719,中原传媒,2026-03-31,66.3538,-6.0906,23
000719,中原传媒,2026-06-30,76.0578,9.7040,204
000720,新能泰山,2025-12-31,42.9149,-4.0664,9
000720,新能泰山,2026-03-31,43.4077,0.4928,0
000720,新能泰山,2026-06-30,43.8670,0.4593,6
000721,西安饮食,2025-12-31,36.9269,0.0196,5
000721,西安饮食,2026-03-31,37.2593,0.3324,1
000721,西安饮食,2026-06-30,37.1414,-0.1179,2
000722,湖南发展,2025-12-31,54.7317,0.3997,18
000722,湖南发展,2026-03-31,54.8630,0.1313,1
000722,湖南发展,2026-06-30,54.4139,-0.4491,11
000723,美锦能源,2025-12-31,43.8221,-0.9285,93
000723,美锦能源,2026-03-31,42.4747,-1.3474,5
000723,美锦能源,2026-06-30,43.0796,0.6049,80
000725,京东方A,2025-12-31,35.4191,3.2422,947
000725,京东方A,2026-03-31,29.1268,-6.2923,154
000725,京东方A,2026-06-30,31.8522,2.7254,1256
000726,鲁泰A,2025-12-31,32.1812,-0.7029,111
000726,鲁泰A,2026-03-31,29.9395,-2.2417,0
000726,鲁泰A,2026-06-30,28.6306,-1.3089,23
000727,冠捷科技,2025-12-31,49.4290,0.3042,30
000727,冠捷科技,2026-03-31,47.9576,-1.4714,1
000727,冠捷科技,2026-06-30,49.2892,1.3316,29
000728,国元证券,2025-12-31,63.4150,3.6617,219
000728,国元证券,2026-03-31,58.9123,-4.5027,6
000728,国元证券,2026-06-30,60.8348,1.9225,187
000729,燕京啤酒,2025-12-31,72.3361,4.9096,444
000729,燕京啤酒,2026-03-31,67.2391,-5.0970,81
000729,燕京啤酒,2026-06-30,69.0606,1.8215,431
000731,四川美丰,2025-12-31,20.7961,3.1916,35
000731,四川美丰,2026-03-31,20.7011,-0.0950,3
000731,四川美丰,2026-06-30,22.3262,1.6251,20
000733,振华科技,2025-12-31,48.5824,3.6709,475
000733,振华科技,2026-03-31,39.6166,-8.9658,9
000733,振华科技,2026-06-30,43.1349,3.5183,321
000735,罗牛山,2025-12-31,25.0803,0.2824,17
000735,罗牛山,2026-03-31,24.6131,-0.4672,1
000735,罗牛山,2026-06-30,24.9456,0.3325,29
000736,中交发展,2025-12-31,55.7350,0.0000,0
000736,中交发展,2026-03-31,57.2655,1.5305,0
000736,中交发展,2026-06-30,56.9978,-0.2677,0
000737,北方铜业,2025-12-31,62.7318,1.8759,63
000737,北方铜业,2026-03-31,60.2922,-2.4396,4
000737,北方铜业,2026-06-30,60.9036,0.6114,139
000738,航发控制,2025-12-31,64.4304,4.1136,283
000738,航发控制,2026-03-31,58.8798,-5.5506,8
000738,航发控制,2026-06-30,61.4338,2.5540,267
000739,普洛药业,2025-12-31,68.6152,5.5862,215
000739,普洛药业,2026-03-31,65.2895,-3.3257,22
000739,普洛药业,2026-06-30,71.1685,5.8790,248
000750,国海证券,2025-12-31,45.2680,3.3992,169
000750,国海证券,2026-03-31,41.8738,-3.3942,3
000750,国海证券,2026-06-30,44.5266,2.6528,161
000751,锌业股份,2025-12-31,26.1665,0.8804,27
000751,锌业股份,2026-03-31,27.6693,1.5028,0
000751,锌业股份,2026-06-30,26.7943,-0.8750,26
000752,*ST西发,2025-12-31,18.8375,0.0000,0
000752,*ST西发,2026-03-31,18.8375,0.0000,0
000752,*ST西发,2026-06-30,18.8375,0.0000,0
000753,漳州发展,2025-12-31,40.9622,-0.3245,11
000753,漳州发展,2026-03-31,40.3767,-0.5855,0
000753,漳州发展,2026-06-30,41.4302,1.0535,24
000755,山西高速,2025-12-31,80.1417,0.3985,32
000755,山西高速,2026-03-31,80.2471,0.1054,0
000755,山西高速,2026-06-30,80.6800,0.4329,13
000756,新华制药,2025-12-31,51.0094,0.1251,20
000756,新华制药,2026-03-31,49.3985,-1.6109,1
000756,新华制药,2026-06-30,49.1530,-0.2455,12
000757,浩物股份,2025-12-31,36.7302,0.5772,43
000757,浩物股份,2026-03-31,34.5165,-2.2137,1
000757,浩物股份,2026-06-30,37.0869,2.5704,66
000758,中色股份,2025-12-31,40.1832,0.4522,73
000758,中色股份,2026-03-31,39.6408,-0.5424,4
000758,中色股份,2026-06-30,40.1132,0.4724,73
000759,中百集团,2025-12-31,39.1995,1.3462,4
000759,中百集团,2026-03-31,39.5408,0.3413,0
000759,中百集团,2026-06-30,40.5519,1.0111,2
000761,本钢板材,2025-12-31,86.2497,1.0877,71
000761,本钢板材,2026-03-31,85.2772,-0.9725,4
000761,本钢板材,2026-06-30,85.4675,0.1903,28
000762,西藏矿业,2025-12-31,27.5687,2.9151,87
000762,西藏矿业,2026-03-31,25.9216,-1.6471,6
000762,西藏矿业,2026-06-30,27.4245,1.5029,95
000766,通化金马,2025-12-31,12.2129,2.1111,55
000766,通化金马,2026-03-31,10.2523,-1.9606,3
000766,通化金马,2026-06-30,10.1633,-0.0890,56
000767,晋控电力,2025-12-31,58.2668,-0.4856,74
000767,晋控电力,2026-03-31,53.6480,-4.6188,2
000767,晋控电力,2026-06-30,48.3513,-5.2967,38
000768,中航西飞,2025-12-31,67.3681,1.6591,455
000768,中航西飞,2026-03-31,61.7237,-5.6444,38
000768,中航西飞,2026-06-30,60.0838,-1.6399,324
000776,广发证券,2025-12-31,67.7827,-1.9606,725
000776,广发证券,2026-03-31,63.7292,-4.0535,77
000776,广发证券,2026-06-30,66.1037,2.3745,839
000777,中核科技,2025-12-31,30.0658,2.4689,21
000777,中核科技,2026-03-31,27.7474,-2.3184,1
000777,中核科技,2026-06-30,28.0521,0.3047,7
000778,新兴铸管,2025-12-31,47.7302,2.1670,172
000778,新兴铸管,2026-03-31,45.9549,-1.7753,21
000778,新兴铸管,2026-06-30,46.1456,0.1907,101
000779,甘咨询,2025-12-31,51.7086,-1.0127,16
000779,甘咨询,2026-03-31,51.9102,0.2016,0
000779,甘咨询,2026-06-30,52.2792,0.3690,37
000782,恒申新材,2025-12-31,14.9036,1.2810,15
000782,恒申新材,2026-03-31,19.5179,4.6143,1
000782,恒申新材,2026-06-30,18.0527,-1.4652,21
000783,长江证券,2025-12-31,59.3951,5.3377,370
000783,长江证券,2026-03-31,54.6809,-4.7142,7
000783,长江证券,2026-06-30,58.8240,4.1431,361
000785,居然智家,2025-12-31,76.7533,2.8969,77
000785,居然智家,2026-03-31,75.4120,-1.3413,0
000785,居然智家,2026-06-30,71.1424,-4.2696,57
000786,北新建材,2025-12-31,65.4340,2.8703,486
000786,北新建材,2026-03-31,56.6858,-8.7482,64
000786,北新建材,2026-06-30,61.9858,5.3000,505
000788,北大医药,2025-12-31,34.2950,-0.6533,11
000788,北大医药,2026-03-31,34.2507,-0.0443,1
000788,北大医药,2026-06-30,32.1029,-2.1478,29
000789,万年青,2025-12-31,50.5880,0.3658,23
000789,万年青,2026-03-31,50.2251,-0.3629,1
000789,万年青,2026-06-30,50.0853,-0.1398,10
000790,华神科技,2025-12-31,19.8533,0.7736,30
000790,华神科技,2026-03-31,21.5591,1.7058,3
000790,华神科技,2026-06-30,23.2962,1.7371,43
000791,甘肃能源,2025-12-31,70.9167,2.7512,176
000791,甘肃能源,2026-03-31,63.7958,-7.1209,4
000791,甘肃能源,2026-06-30,64.1892,0.3934,85
000792,盐湖股份,2025-12-31,58.1895,6.7875,1097
000792,盐湖股份,2026-03-31,54.4425,-3.7470,301
000792,盐湖股份,2026-06-30,53.2257,-1.2168,953
000793,ST华闻,2025-12-31,27.9268,0.0000,1
000793,ST华闻,2026-03-31,27.9268,0.0000,1
000793,ST华闻,2026-06-30,46.9599,19.0331,1
000795,英洛华,2025-12-31,52.4753,0.1914,46
000795,英洛华,2026-03-31,51.3686,-1.1067,9
000795,英洛华,2026-06-30,51.9767,0.6081,38
000796,凯撒旅业,2025-12-31,28.1420,-0.4935,3
000796,凯撒旅业,2026-03-31,28.5964,0.4544,0
000796,凯撒旅业,2026-06-30,28.4583,-0.1381,11
000797,中国武夷,2025-12-31,56.6636,-0.8686,18
000797,中国武夷,2026-03-31,56.3058,-0.3578,1
000797,中国武夷,2026-06-30,56.9149,0.6091,23
000798,中水渔业,2025-12-31,55.3478,-3.3442,17
000798,中水渔业,2026-03-31,55.3658,0.0180,0
000798,中水渔业,2026-06-30,56.4051,1.0393,41
000799,酒鬼酒,2025-12-31,42.7816,1.7452,102
000799,酒鬼酒,2026-03-31,40.2317,-2.5499,9
000799,酒鬼酒,2026-06-30,40.9700,0.7383,55
000800,一汽解放,2025-12-31,81.5652,-0.2926,124
000800,一汽解放,2026-03-31,80.9614,-0.6038,2
000800,一汽解放,2026-06-30,81.7155,0.7541,191
000801,四川九洲,2025-12-31,56.0125,2.6020,88
000801,四川九洲,2026-03-31,52.4326,-3.5799,5
000801,四川九洲,2026-06-30,54.6058,2.1732,104
000802,北京文化,2025-12-31,23.4038,-1.8678,8
000802,北京文化,2026-03-31,23.4049,0.0011,0
000802,北京文化,2026-06-30,25.6650,2.2601,24
000803,山高环能,2025-12-31,52.6426,9.1965,71
000803,山高环能,2026-03-31,45.7399,-6.9027,22
000803,山高环能,2026-06-30,51.5697,5.8298,101
000807,云铝股份,2025-12-31,66.6093,5.9528,1055
000807,云铝股份,2026-03-31,59.1604,-7.4489,189
000807,云铝股份,2026-06-30,60.5415,1.3811,1001
000809,和展能源,2025-12-31,35.5565,0.0496,6
000809,和展能源,2026-03-31,36.0090,0.4525,0
000809,和展能源,2026-06-30,35.2903,-0.7187,17
000810,创维数字,2025-12-31,59.6247,1.6632,88
000810,创维数字,2026-03-31,57.9193,-1.7054,7
000810,创维数字,2026-06-30,61.6043,3.6850,234
000811,冰轮环境,2025-12-31,54.8646,7.1530,281
000811,冰轮环境,2026-03-31,51.1777,-3.6869,21
000811,冰轮环境,2026-06-30,63.9352,12.7575,443
000812,陕西金叶,2025-12-31,27.6806,0.4345,22
000812,陕西金叶,2026-03-31,23.8571,-3.8235,2
000812,陕西金叶,2026-06-30,24.6099,0.7528,34
000813,德展健康,2025-12-31,35.7550,1.3084,28
000813,德展健康,2026-03-31,35.1324,-0.6226,0
000813,德展健康,2026-06-30,31.1217,-4.0107,36
000815,美利云,2025-12-31,35.1019,0.0227,17
000815,美利云,2026-03-31,39.7966,4.6947,0
000815,美利云,2026-06-30,35.3094,-4.4872,15
000816,智慧农业,2025-12-31,26.5610,0.8233,6
000816,智慧农业,2026-03-31,25.6827,-0.8783,0
000816,智慧农业,2026-06-30,26.2763,0.5936,6
000818,航锦科技,2025-12-31,33.1533,1.1138,90
000818,航锦科技,2026-03-31,31.5312,-1.6221,4
000818,航锦科技,2026-06-30,30.7560,-0.7752,17
000819,岳阳兴长,2025-12-31,37.8404,-2.4032,22
000819,岳阳兴长,2026-03-31,36.7824,-1.0580,0
000819,岳阳兴长,2026-06-30,34.8453,-1.9371,30
000820,神雾节能,2025-12-31,4.0569,0.0000,0
000820,神雾节能,2026-03-31,4.0569,0.0000,0
000820,神雾节能,2026-06-30,4.0569,0.0000,0
000821,ST京机,2025-12-31,27.3298,1.7815,51
000821,ST京机,2026-03-31,23.2131,-4.1167,1
000821,ST京机,2026-06-30,22.9870,-0.2261,3
000822,山东海化,2025-12-31,41.6027,0.6119,34
000822,山东海化,2026-03-31,42.8248,1.2221,1
000822,山东海化,2026-06-30,41.9101,-0.9147,31
000823,超声电子,2025-12-31,38.4836,1.4183,87
000823,超声电子,2026-03-31,36.0337,-2.4499,0
000823,超声电子,2026-06-30,34.9377,-1.0960,43
000825,太钢不锈,2025-12-31,68.1125,1.1377,143
000825,太钢不锈,2026-03-31,68.0192,-0.0933,2
000825,太钢不锈,2026-06-30,67.5077,-0.5115,146
000826,*ST启环,2025-12-31,21.1398,0.1489,2
000826,*ST启环,2026-03-31,22.6851,1.5453,0
000826,*ST启环,2026-06-30,20.1817,-2.5034,1
000828,东莞控股,2025-12-31,73.2077,1.4449,120
000828,东莞控股,2026-03-31,72.2496,-0.9581,3
000828,东莞控股,2026-06-30,72.5626,0.3130,84
000829,天音控股,2025-12-31,42.3243,4.4790,56
000829,天音控股,2026-03-31,38.2173,-4.1070,3
000829,天音控股,2026-06-30,38.9959,0.7786,48
000830,鲁西化工,2025-12-31,66.2823,10.1611,607
000830,鲁西化工,2026-03-31,58.9559,-7.3264,58
000830,鲁西化工,2026-06-30,63.1784,4.2225,395
000831,中国稀土,2025-12-31,47.4925,2.0784,367
000831,中国稀土,2026-03-31,44.7992,-2.6933,30
000831,中国稀土,2026-06-30,48.4429,3.6437,415
000833,粤桂股份,2025-12-31,25.5883,5.4895,123
000833,粤桂股份,2026-03-31,24.4143,-1.1740,15
000833,粤桂股份,2026-06-30,24.0873,-0.3270,141
000837,秦川机床,2025-12-31,53.3256,1.7351,56
000837,秦川机床,2026-03-31,50.4850,-2.8406,2
000837,秦川机床,2026-06-30,51.4959,1.0109,72
000838,*ST发展,2025-12-31,34.6926,0.3461,8
000838,*ST发展,2026-03-31,39.7099,5.0173,1
000838,*ST发展,2026-06-30,36.1212,-3.5887,0
000839,国安股份,2025-12-31,37.3361,0.2173,12
000839,国安股份,2026-03-31,38.0029,0.6668,0
000839,国安股份,2026-06-30,37.0384,-0.9645,4
000848,承德露露,2025-12-31,53.7221,2.6665,142
000848,承德露露,2026-03-31,49.7144,-4.0077,5
000848,承德露露,2026-06-30,54.2282,4.5138,194
000850,华茂股份,2025-12-31,49.3322,2.0114,22
000850,华茂股份,2026-03-31,49.1953,-0.1369,1
000850,华茂股份,2026-06-30,48.0301,-1.1652,25
000852,石化机械,2025-12-31,56.1922,1.9800,63
000852,石化机械,2026-03-31,57.3885,1.1963,6
000852,石化机械,2026-06-30,58.1960,0.8075,75
000856,冀东装备,2025-12-31,32.2355,1.7960,31
000856,冀东装备,2026-03-31,34.1045,1.8690,2
000856,冀东装备,2026-06-30,34.4526,0.3481,51
000858,五粮液,2025-12-31,70.2189,1.3703,845
000858,五粮液,2026-03-31,67.6841,-2.5348,222
000858,五粮液,2026-06-30,65.9745,-1.7096,621
000859,国风新材,2025-12-31,29.8697,0.2851,6
000859,国风新材,2026-03-31,30.1155,0.2458,0
000859,国风新材,2026-06-30,30.1183,0.0028,5
000860,顺鑫农业,2025-12-31,52.0412,2.8327,53
000860,顺鑫农业,2026-03-31,48.8189,-3.2223,6
000860,顺鑫农业,2026-06-30,49.3829,0.5640,43
000862,银星能源,2025-12-31,32.2989,0.8262,53
000862,银星能源,2026-03-31,28.8807,-3.4182,1
000862,银星能源,2026-06-30,28.8387,-0.0420,26
000863,三湘印象,2025-12-31,24.6090,2.5677,26
000863,三湘印象,2026-03-31,21.8968,-2.7122,2
000863,三湘印象,2026-06-30,20.9220,-0.9748,32
000868,安凯客车,2025-12-31,35.0652,-1.7330,9
000868,安凯客车,2026-03-31,33.9579,-1.1073,0
000868,安凯客车,2026-06-30,49.1220,15.1641,16
000869,张裕A,2025-12-31,79.2128,0.4371,18
000869,张裕A,2026-03-31,78.0305,-1.1823,1
000869,张裕A,2026-06-30,78.4963,0.4658,34
000875,电投绿能,2025-12-31,43.1575,3.2196,93
000875,电投绿能,2026-03-31,38.3190,-4.8385,7
000875,电投绿能,2026-06-30,42.1158,3.7968,113
000876,新希望,2025-12-31,70.7890,3.4042,202
000876,新希望,2026-03-31,65.5263,-5.2627,17
000876,新希望,2026-06-30,65.4739,-0.0524,84
000877,天山股份,2025-12-31,86.1116,-0.1440,57
000877,天山股份,2026-03-31,85.9422,-0.1694,2
000877,天山股份,2026-06-30,86.0400,0.0978,62
000878,云南铜业,2025-12-31,46.7640,2.5263,274
000878,云南铜业,2026-03-31,42.7502,-4.0138,9
000878,云南铜业,2026-06-30,44.6976,1.9474,328
000880,潍柴重机,2025-12-31,9.7531,-1.6993,117
000880,潍柴重机,2026-03-31,5.5911,-4.1620,5
000880,潍柴重机,2026-06-30,8.9678,3.3767,87
000881,中广核技,2025-12-31,42.1866,0.2399,26
000881,中广核技,2026-03-31,43.6446,1.4580,0
000881,中广核技,2026-06-30,43.5095,-0.1351,20
000882,华联股份,2025-12-31,30.3336,-0.9204,9
000882,华联股份,2026-03-31,30.1102,-0.2234,1
000882,华联股份,2026-06-30,29.7000,-0.4102,4
000883,湖北能源,2025-12-31,84.1801,0.9892,166
000883,湖北能源,2026-03-31,83.1221,-1.0580,1
000883,湖北能源,2026-06-30,83.9865,0.8644,199
000885,城发环境,2025-12-31,75.0562,-1.1147,65
000885,城发环境,2026-03-31,73.1659,-1.8903,1
000885,城发环境,2026-06-30,73.0876,-0.0783,74
000886,海南高速,2025-12-31,29.7324,-0.0240,30
000886,海南高速,2026-03-31,30.0615,0.3291,1
000886,海南高速,2026-06-30,29.1479,-0.9136,43
000887,中鼎股份,2025-12-31,46.7815,1.8945,395
000887,中鼎股份,2026-03-31,42.7144,-4.0671,5
000887,中鼎股份,2026-06-30,44.5519,1.8375,235
000888,峨眉山A,2025-12-31,50.0726,6.5267,381
000888,峨眉山A,2026-03-31,45.3385,-4.7341,15
000888,峨眉山A,2026-06-30,49.5057,4.1672,354
000889,中嘉博创,2025-12-31,29.5719,1.6899,10
000889,中嘉博创,2026-03-31,29.7017,0.1298,0
000889,中嘉博创,2026-06-30,30.6340,0.9323,2
000890,法尔胜,2025-12-31,41.0665,-0.8108,10
000890,法尔胜,2026-03-31,42.0896,1.0231,0
000890,法尔胜,2026-06-30,48.4933,6.4037,17
000892,欢瑞世纪,2025-12-31,35.3495,1.2928,51
000892,欢瑞世纪,2026-03-31,31.8466,-3.5029,3
000892,欢瑞世纪,2026-06-30,32.1007,0.2541,34
000893,亚钾国际,2025-12-31,55.4319,5.6583,478
000893,亚钾国际,2026-03-31,52.5490,-2.8829,137
000893,亚钾国际,2026-06-30,52.9421,0.3931,520
000895,双汇发展,2025-12-31,83.9034,2.9746,686
000895,双汇发展,2026-03-31,81.6871,-2.2163,98
000895,双汇发展,2026-06-30,82.7660,1.0789,589
000897,津滨发展,2025-12-31,27.2304,0.0399,15
000897,津滨发展,2026-03-31,25.0383,-2.1921,1
000897,津滨发展,2026-06-30,24.7575,-0.2808,20
000898,鞍钢股份,2025-12-31,78.7818,1.0727,146
000898,鞍钢股份,2026-03-31,76.8453,-1.9365,2
000898,鞍钢股份,2026-06-30,75.5989,-1.2464,78
000899,赣能股份,2025-12-31,74.9103,2.1143,138
000899,赣能股份,2026-03-31,73.0810,-1.8293,2
000899,赣能股份,2026-06-30,74.9495,1.8685,63
000900,现代投资,2025-12-31,50.6355,-0.5481,50
000900,现代投资,2026-03-31,50.4790,-0.1565,0
000900,现代投资,2026-06-30,47.5895,-2.8895,47
000901,航天科技,2025-12-31,40.6983,1.9363,60
000901,航天科技,2026-03-31,37.1227,-3.5756,3
000901,航天科技,2026-06-30,37.5459,0.4232,88
000902,新洋丰,2025-12-31,68.1029,6.7421,221
000902,新洋丰,2026-03-31,62.0319,-6.0710,19
000902,新洋丰,2026-06-30,64.6821,2.6502,175
000903,ST云动,2025-12-31,33.8570,0.0000,0
000903,ST云动,2026-03-31,33.8570,0.0000,0
000903,ST云动,2026-06-30,33.8570,0.0000,0
000905,厦门港务,2025-12-31,52.9549,-0.5348,7
000905,厦门港务,2026-03-31,52.7833,-0.1716,0
000905,厦门港务,2026-06-30,54.5780,1.7947,58
000906,浙商中拓,2025-12-31,50.2785,0.3807,34
000906,浙商中拓,2026-03-31,50.6286,0.3501,1
000906,浙商中拓,2026-06-30,53.1784,2.5498,41
000908,石药景峰,2025-12-31,14.1814,0.0000,0
000908,石药景峰,2026-03-31,14.1814,0.0000,0
000908,石药景峰,2026-06-30,14.3107,0.1293,3
000909,*ST数源,2025-12-31,41.4357,0.0000,0
000909,*ST数源,2026-03-31,41.4357,0.0000,0
000909,*ST数源,2026-06-30,41.9502,0.5145,0
000910,大亚圣象,2025-12-31,49.9713,0.5089,23
000910,大亚圣象,2026-03-31,47.5530,-2.4183,0
000910,大亚圣象,2026-06-30,47.7552,0.2022,11
000911,*ST广糖,2025-12-31,55.8336,2.1813,46
000911,*ST广糖,2026-03-31,55.8143,-0.0193,1
000911,*ST广糖,2026-06-30,54.9045,-0.9098,0
000912,泸天化,2025-12-31,66.1383,-0.9706,9
000912,泸天化,2026-03-31,64.2743,-1.8640,0
000912,泸天化,2026-06-30,62.4401,-1.8342,13
000913,钱江摩托,2025-12-31,48.0882,3.1659,37
000913,钱江摩托,2026-03-31,50.8725,2.7843,14
000913,钱江摩托,2026-06-30,49.9116,-0.9609,39
000915,华特达因,2025-12-31,36.2339,5.8890,286
000915,华特达因,2026-03-31,31.4378,-4.7961,13
000915,华特达因,2026-06-30,33.9364,2.4986,103
000917,电广传媒,2025-12-31,22.1113,1.4645,112
000917,电广传媒,2026-03-31,19.7062,-2.4051,2
000917,电广传媒,2026-06-30,20.0379,0.3317,67
000919,金陵药业,2025-12-31,48.8832,3.6732,61
000919,金陵药业,2026-03-31,48.4214,-0.4618,0
000919,金陵药业,2026-06-30,48.8379,0.4165,37
000920,沃顿科技,2025-12-31,54.5102,6.4528,55
000920,沃顿科技,2026-03-31,54.2206,-0.2896,2
000920,沃顿科技,2026-06-30,53.9870,-0.2336,15
000921,海信家电,2025-12-31,72.7936,5.2537,273
000921,海信家电,2026-03-31,67.1826,-5.6110,11
000921,海信家电,2026-06-30,76.1210,8.9384,367
000922,佳电股份,2025-12-31,41.8739,2.1839,40
000922,佳电股份,2026-03-31,41.8023,-0.0716,0
000922,佳电股份,2026-06-30,41.4675,-0.3348,95
000923,河钢资源,2025-12-31,53.1554,6.7337,173
000923,河钢资源,2026-03-31,45.4943,-7.6611,16
000923,河钢资源,2026-06-30,49.4940,3.9997,163
000925,众合科技,2025-12-31,20.3080,-1.7617,40
000925,众合科技,2026-03-31,15.4048,-4.9032,1
000925,众合科技,2026-06-30,13.6904,-1.7144,19
000926,福星股份,2025-12-31,21.6634,-0.1773,13
000926,福星股份,2026-03-31,23.7023,2.0389,1
000926,福星股份,2026-06-30,22.0916,-1.6107,7
000927,中国铁物,2025-12-31,73.8129,0.3317,56
000927,中国铁物,2026-03-31,71.1145,-2.6984,0
000927,中国铁物,2026-06-30,70.7702,-0.3443,37
000928,中钢国际,2025-12-31,53.8940,2.9051,142
000928,中钢国际,2026-03-31,51.4290,-2.4650,3
000928,中钢国际,2026-06-30,52.1802,0.7512,74
000929,兰州黄河,2025-12-31,30.0082,-1.1676,0
000929,兰州黄河,2026-03-31,33.1102,3.1020,0
000929,兰州黄河,2026-06-30,32.1974,-0.9128,4
000930,中粮科技,2025-12-31,59.7681,1.0838,63
000930,中粮科技,2026-03-31,58.9360,-0.8321,5
000930,中粮科技,2026-06-30,58.7000,-0.2360,57
000931,中关村,2025-12-31,33.5896,1.0341,40
000931,中关村,2026-03-31,32.6976,-0.8920,1
000931,中关村,2026-06-30,32.1609,-0.5367,5
000932,华菱钢铁,2025-12-31,67.9879,4.8076,570
000932,华菱钢铁,2026-03-31,61.2356,-6.7523,19
000932,华菱钢铁,2026-06-30,65.1837,3.9481,416
000933,神火股份,2025-12-31,54.9833,10.7507,923
000933,神火股份,2026-03-31,45.6373,-9.3460,164
000933,神火股份,2026-06-30,49.7475,4.1102,912
000935,四川双马,2025-12-31,66.0166,5.3469,83
000935,四川双马,2026-03-31,64.1516,-1.8650,10
000935,四川双马,2026-06-30,63.1092,-1.0424,97
000936,华西股份,2025-12-31,40.0971,0.1679,43
000936,华西股份,2026-03-31,40.2743,0.1772,1
000936,华西股份,2026-06-30,40.8478,0.5735,11
000937,冀中能源,2025-12-31,78.1992,0.1529,179
000937,冀中能源,2026-03-31,76.2799,-1.9193,26
000937,冀中能源,2026-06-30,77.7372,1.4573,147
000938,紫光股份,2025-12-31,48.7409,0.9405,520
000938,紫光股份,2026-03-31,43.6142,-5.1267,36
000938,紫光股份,2026-06-30,41.0789,-2.5353,730
000948,南天信息,2025-12-31,37.7953,1.0710,36
000948,南天信息,2026-03-31,36.5035,-1.2918,1
000948,南天信息,2026-06-30,37.4584,0.9549,38
000949,新乡化纤,2025-12-31,48.5578,5.5236,106
000949,新乡化纤,2026-03-31,47.9654,-0.5924,21
000949,新乡化纤,2026-06-30,56.9803,9.0149,282
000950,重药控股,2025-12-31,62.5956,1.0307,47
000950,重药控股,2026-03-31,61.6395,-0.9561,0
000950,重药控股,2026-06-30,61.8813,0.2418,66
000951,中国重汽,2025-12-31,64.1132,4.4897,335
000951,中国重汽,2026-03-31,62.7250,-1.3882,44
000951,中国重汽,2026-06-30,70.2618,7.5368,503
000952,广济药业,2025-12-31,31.3744,-0.5762,20
000952,广济药业,2026-03-31,32.9088,1.5344,0
000952,广济药业,2026-06-30,35.0793,2.1705,32
000953,中哲精化,2025-12-31,34.0895,-0.2590,4
000953,中哲精化,2026-03-31,34.8108,0.7213,0
000953,中哲精化,2026-06-30,35.4680,0.6572,31
000955,欣龙控股,2025-12-31,25.0583,-5.3688,8
000955,欣龙控股,2026-03-31,27.1362,2.0779,1
000955,欣龙控股,2026-06-30,27.2058,0.0696,17
000957,中通客车,2025-12-31,39.4404,3.0559,105
000957,中通客车,2026-03-31,37.8304,-1.6100,8
000957,中通客车,2026-06-30,41.1804,3.3500,125
000958,电投产融,2025-12-31,78.1308,0.2431,87
000958,电投产融,2026-03-31,77.4416,-0.6892,2
000958,电投产融,2026-06-30,78.5807,1.1391,110
000959,首钢股份,2025-12-31,88.0590,4.7694,282
000959,首钢股份,2026-03-31,85.2881,-2.7709,7
000959,首钢股份,2026-06-30,85.5413,0.2532,184
000960,锡业股份,2025-12-31,60.2425,7.1541,530
000960,锡业股份,2026-03-31,51.1719,-9.0706,28
000960,锡业股份,2026-06-30,50.7125,-0.4594,541
000962,东方钽业,2025-12-31,53.8844,4.1515,172
000962,东方钽业,2026-03-31,49.8344,-4.0500,37
000962,东方钽业,2026-06-30,58.3365,8.5021,382
000963,华东医药,2025-12-31,75.6899,5.9863,547
000963,华东医药,2026-03-31,70.7907,-4.8992,50
000963,华东医药,2026-06-30,70.2107,-0.5800,437
000965,天保基建,2025-12-31,52.3252,-0.9420,17
000965,天保基建,2026-03-31,52.5803,0.2551,1
000965,天保基建,2026-06-30,52.8020,0.2217,21
000966,长源电力,2025-12-31,66.5685,0.6633,48
000966,长源电力,2026-03-31,62.8916,-3.6769,4
000966,长源电力,2026-06-30,66.2994,3.4078,70
000967,盈峰环境,2025-12-31,77.0462,5.5133,252
000967,盈峰环境,2026-03-31,69.8248,-7.2214,6
000967,盈峰环境,2026-06-30,56.2655,-13.5593,356
000968,蓝焰控股,2025-12-31,61.7116,0.2776,30
000968,蓝焰控股,2026-03-31,62.5440,0.8324,7
000968,蓝焰控股,2026-06-30,63.6043,1.0603,62
000969,安泰科技,2025-12-31,40.8512,1.9248,53
000969,安泰科技,2026-03-31,39.5946,-1.2566,14
000969,安泰科技,2026-06-30,40.7149,1.1203,168
000970,中科三环,2025-12-31,39.6491,2.9357,81
000970,中科三环,2026-03-31,36.7753,-2.8738,4
000970,中科三环,2026-06-30,37.7421,0.9668,73
000972,中基健康,2025-12-31,40.3683,-1.4421,0
000972,中基健康,2026-03-31,39.9171,-0.4512,0
000972,中基健康,2026-06-30,39.9171,0.0000,0
000973,佛塑科技,2025-12-31,44.4150,15.0208,156
000973,佛塑科技,2026-03-31,44.1006,-0.3144,80
000973,佛塑科技,2026-06-30,36.5055,-7.5951,269
000975,山金国际,2025-12-31,57.4484,9.9666,1044
000975,山金国际,2026-03-31,49.2152,-8.2332,182
000975,山金国际,2026-06-30,53.1936,3.9784,948
000977,浪潮信息,2025-12-31,48.1639,4.4540,831
000977,浪潮信息,2026-03-31,39.6513,-8.5126,74
000977,浪潮信息,2026-06-30,45.6705,6.0192,856
000978,桂林旅游,2025-12-31,55.0446,3.6532,63
000978,桂林旅游,2026-03-31,53.4590,-1.5856,2
000978,桂林旅游,2026-06-30,52.9211,-0.5379,18
000980,众泰汽车,2025-12-31,36.9218,-1.1180,6
000980,众泰汽车,2026-03-31,36.9930,0.0712,0
000980,众泰汽车,2026-06-30,35.1987,-1.7943,3
000981,山子高科,2025-12-31,37.1306,-5.1014,8
000981,山子高科,2026-03-31,35.7572,-1.3734,0
000981,山子高科,2026-06-30,36.2962,0.5390,10
000983,山西焦煤,2025-12-31,63.5478,3.1404,245
000983,山西焦煤,2026-03-31,66.5195,2.9717,28
000983,山西焦煤,2026-06-30,70.1641,3.6446,384
000985,大庆华科,2025-12-31,64.2757,0.7740,24
000985,大庆华科,2026-03-31,65.2216,0.9459,1
000985,大庆华科,2026-06-30,69.1031,3.8815,64
000987,越秀资本,2025-12-31,79.1544,0.7594,207
000987,越秀资本,2026-03-31,76.4939,-2.6605,2
000987,越秀资本,2026-06-30,77.2908,0.7969,217
000988,华工科技,2025-12-31,29.4336,-2.1334,435
000988,华工科技,2026-03-31,27.1882,-2.2454,38
000988,华工科技,2026-06-30,27.8684,0.6802,581
000989,九芝堂,2025-12-31,31.3553,0.4583,23
000989,九芝堂,2026-03-31,31.9144,0.5591,2
000989,九芝堂,2026-06-30,30.2813,-1.6331,99
000990,诚志股份,2025-12-31,52.9123,3.1996,142
000990,诚志股份,2026-03-31,51.4121,-1.5002,4
000990,诚志股份,2026-06-30,52.8096,1.3975,133
000993,闽东电力,2025-12-31,56.6922,1.5720,55
000993,闽东电力,2026-03-31,57.8834,1.1912,2
000993,闽东电力,2026-06-30,59.0689,1.1855,14
000995,皇台酒业,2025-12-31,37.1395,0.4872,6
000995,皇台酒业,2026-03-31,39.2312,2.0917,4
000995,皇台酒业,2026-06-30,43.6077,4.3765,25
000997,新大陆,2025-12-31,46.0122,2.9979,346
000997,新大陆,2026-03-31,42.1663,-3.8459,16
000997,新大陆,2026-06-30,39.2021,-2.9642,197
000998,隆平高科,2025-12-31,33.3546,1.5546,122
000998,隆平高科,2026-03-31,32.4298,-0.9248,13
000998,隆平高科,2026-06-30,33.1491,0.7193,123
000999,华润三九,2025-12-31,74.7144,3.5679,464
000999,华润三九,2026-03-31,69.6090,-5.1054,39
000999,华润三九,2026-06-30,71.4371,1.8281,485
001201,东瑞股份,2025-12-31,25.7327,1.9200,27
001201,东瑞股份,2026-03-31,23.8649,-1.8678,1
001201,东瑞股份,2026-06-30,21.7244,-2.1405,17
001202,炬申股份,2025-12-31,5.3572,3.0139,35
001202,炬申股份,2026-03-31,3.0335,-2.3237,0
001202,炬申股份,2026-06-30,4.9747,1.9412,44
001203,大中矿业,2025-12-31,66.1284,9.3424,367
001203,大中矿业,2026-03-31,56.6566,-9.4718,103
001203,大中矿业,2026-06-30,57.5274,0.8708,406
001205,盛航股份,2025-12-31,29.8917,-0.1764,25
001205,盛航股份,2026-03-31,29.6141,-0.2776,5
001205,盛航股份,2026-06-30,29.1584,-0.4557,36
001206,依依股份,2025-12-31,28.3846,16.1895,132
001206,依依股份,2026-03-31,6.7331,-21.6515,1
001206,依依股份,2026-06-30,6.9881,0.2550,33
001207,联科科技,2025-12-31,56.2883,4.2144,64
001207,联科科技,2026-03-31,50.3320,-5.9563,6
001207,联科科技,2026-06-30,50.3166,-0.0154,36
001208,华菱线缆,2025-12-31,12.7529,-3.1918,18
001208,华菱线缆,2026-03-31,10.9278,-1.8251,3
001208,华菱线缆,2026-06-30,19.2950,8.3672,59
001209,洪兴股份,2025-12-31,8.0688,2.0882,26
001209,洪兴股份,2026-03-31,6.9657,-1.1031,0
001209,洪兴股份,2026-06-30,7.9270,0.9613,59
001210,金房能源,2025-12-31,10.6390,-1.1310,29
001210,金房能源,2026-03-31,9.4765,-1.1625,0
001210,金房能源,2026-06-30,11.2375,1.7610,11
001211,双枪科技,2025-12-31,40.1551,1.1110,26
001211,双枪科技,2026-03-31,39.2814,-0.8737,1
001211,双枪科技,2026-06-30,38.7149,-0.5665,24
001212,中旗新材,2025-12-31,31.2004,-1.3572,11
001212,中旗新材,2026-03-31,29.6736,-1.5268,2
001212,中旗新材,2026-06-30,27.5579,-2.1157,62
001213,中铁特货,2025-12-31,84.5638,0.3765,99
001213,中铁特货,2026-03-31,84.1503,-0.4135,2
001213,中铁特货,2026-06-30,83.9398,-0.2105,26
001215,千味央厨,2025-12-31,56.1597,5.0400,36
001215,千味央厨,2026-03-31,51.3081,-4.8516,5
001215,千味央厨,2026-06-30,50.9423,-0.3658,42
001216,华瓷股份,2025-12-31,71.9064,0.6063,37
001216,华瓷股份,2026-03-31,70.9551,-0.9513,0
001216,华瓷股份,2026-06-30,71.1381,0.1830,17
001217,华尔泰,2025-12-31,62.6784,0.7255,13
001217,华尔泰,2026-03-31,63.4465,0.7681,0
001217,华尔泰,2026-06-30,63.1512,-0.2953,23
001218,丽臣实业,2025-12-31,9.2068,7.2922,138
001218,丽臣实业,2026-03-31,4.3579,-4.8489,8
001218,丽臣实业,2026-06-30,8.6201,4.2622,135
001219,青岛食品,2025-12-31,52.0940,2.6712,66
001219,青岛食品,2026-03-31,50.8231,-1.2709,8
001219,青岛食品,2026-06-30,51.5586,0.7355,59
001220,世盟股份,2026-03-31,1.0961,,12
001220,世盟股份,2026-06-30,1.7931,0.6970,2657
001221,悍高集团,2025-12-31,30.6480,13.4744,2278
001221,悍高集团,2026-03-31,32.7300,2.0820,26
001221,悍高集团,2026-06-30,35.4262,2.6962,302
001222,源飞宠物,2025-12-31,38.4460,1.9625,49
001222,源飞宠物,2026-03-31,34.5673,-3.8787,2
001222,源飞宠物,2026-06-30,34.3837,-0.1836,43
001223,欧克科技,2025-12-31,6.3905,0.1280,31
001223,欧克科技,2026-03-31,6.7866,0.3961,0
001223,欧克科技,2026-06-30,10.8480,4.0614,16
001225,和泰机电,2025-12-31,34.5874,6.6941,3
001225,和泰机电,2026-03-31,20.2951,-14.2923,1
001225,和泰机电,2026-06-30,18.5899,-1.7052,9
001226,拓山重工,2025-12-31,10.6194,5.0765,5
001226,拓山重工,2026-03-31,8.1942,-2.4252,0
001226,拓山重工,2026-06-30,8.0476,-0.1466,12
001227,兰州银行,2025-12-31,38.3719,3.9671,90
001227,兰州银行,2026-03-31,34.1558,-4.2161,0
001227,兰州银行,2026-06-30,38.0813,3.9255,86
001228,永泰运,2025-12-31,22.6700,0.8533,70
001228,永泰运,2026-03-31,19.6203,-3.0497,1
001228,永泰运,2026-06-30,20.0632,0.4429,37
001229,魅视科技,2025-12-31,19.3744,2.7152,19
001229,魅视科技,2026-03-31,14.6661,-4.7083,0
001229,魅视科技,2026-06-30,17.3585,2.6924,14
001230,劲旅环境,2025-12-31,23.5698,3.4255,59
001230,劲旅环境,2026-03-31,17.9041,-5.6657,1
001230,劲旅环境,2026-06-30,19.6834,1.7793,49
001231,农心科技,2025-12-31,15.2159,0.5304,36
001231,农心科技,2026-03-31,12.6281,-2.5878,2
001231,农心科技,2026-06-30,17.2500,4.6219,75
001233,海安集团,2025-12-31,0.9097,,2050
001233,海安集团,2026-03-31,18.4733,17.5636,25
001233,海安集团,2026-06-30,28.5085,10.0352,339
001234,泰慕士,2025-12-31,61.8358,0.3816,12
001234,泰慕士,2026-03-31,63.1326,1.2968,1
001234,泰慕士,2026-06-30,63.8914,0.7588,28
001236,弘业期货,2025-12-31,66.5875,-1.3213,48
001236,弘业期货,2026-03-31,64.8491,-1.7384,1
001236,弘业期货,2026-06-30,65.0276,0.1785,68
001237,惠康科技,2026-06-30,5.6355,,2643
001238,浙江正特,2025-12-31,66.0996,0.2694,21
001238,浙江正特,2026-03-31,65.9737,-0.1259,0
001238,浙江正特,2026-06-30,65.8634,-0.1103,7
001239,永达股份,2025-12-31,2.9318,0.8904,34
001239,永达股份,2026-03-31,0.6857,-2.2461,1
001239,永达股份,2026-06-30,0.1721,-0.5136,21
001248,华润新能源,2026-06-30,0.0000,,2855
001255,博菲电气,2025-12-31,66.7682,2.7882,18
001255,博菲电气,2026-03-31,63.7642,-3.0040,3
001255,博菲电气,2026-06-30,61.4812,-2.2830,36
001256,炜冈科技,2025-12-31,51.9706,39.6090,46
001256,炜冈科技,2026-03-31,49.7913,-2.1793,0
001256,炜冈科技,2026-06-30,51.1226,1.3313,33
001257,盛龙股份,2026-03-31,0.8374,,110
001257,盛龙股份,2026-06-30,7.6813,6.8439,2603
001258,立新能源,2025-12-31,70.4807,0.6273,89
001258,立新能源,2026-03-31,67.6643,-2.8164,2
001258,立新能源,2026-06-30,66.6335,-1.0308,28
001259,利仁科技,2025-12-31,17.1399,-0.7270,53
001259,利仁科技,2026-03-31,14.6664,-2.4735,2
001259,利仁科技,2026-06-30,9.9786,-4.6878,12
001260,坤泰股份,2025-12-31,11.2115,8.6032,49
001260,坤泰股份,2026-03-31,8.4735,-2.7380,2
001260,坤泰股份,2026-06-30,19.3657,10.8922,93
001266,宏英智能,2025-12-31,13.2706,-3.4216,22
001266,宏英智能,2026-03-31,14.6996,1.4290,0
001266,宏英智能,2026-06-30,18.0830,3.3834,99
001267,汇绿生态,2025-12-31,30.5764,-6.1047,98
001267,汇绿生态,2026-03-31,26.2053,-4.3711,22
001267,汇绿生态,2026-06-30,29.4944,3.2891,170
001268,联合精密,2025-12-31,6.2749,2.5223,12
001268,联合精密,2026-03-31,11.0178,4.7429,2
001268,联合精密,2026-06-30,12.0055,0.9877,21
001269,欧晶科技,2025-12-31,71.8468,0.4722,20
001269,欧晶科技,2026-03-31,69.7178,-2.1290,0
001269,欧晶科技,2026-06-30,71.6481,1.9303,13
001270,铖昌科技,2025-12-31,52.6544,-2.8755,8
001270,铖昌科技,2026-03-31,50.8644,-1.7900,1
001270,铖昌科技,2026-06-30,55.1243,4.2599,39
001277,速达股份,2025-12-31,55.6331,-0.5203,12
001277,速达股份,2026-03-31,51.2600,-4.3731,0
001277,速达股份,2026-06-30,54.8667,3.6067,51
001278,一彬科技,2025-12-31,15.9955,-0.5498,54
001278,一彬科技,2026-03-31,22.1265,6.1310,0
001278,一彬科技,2026-06-30,25.3245,3.1980,79
001279,强邦新材,2025-12-31,1.4746,,54
001279,强邦新材,2026-03-31,0.8333,-0.6413,2
001279,强邦新材,2026-06-30,0.5213,-0.3120,38
001280,中国铀业,2025-12-31,5.6208,,2376
001280,中国铀业,2026-03-31,7.8129,2.1921,303
001280,中国铀业,2026-06-30,13.1749,5.3620,613
001282,三联锻造,2025-12-31,28.7111,-2.9187,16
001282,三联锻造,2026-03-31,29.3295,0.6184,1
001282,三联锻造,2026-06-30,19.7324,-9.5971,28
001283,豪鹏科技,2025-12-31,19.0907,3.5189,122
001283,豪鹏科技,2026-03-31,11.7534,-7.3373,11
001283,豪鹏科技,2026-06-30,17.3561,5.6027,85
001285,瑞立科密,2025-12-31,5.0405,4.9939,2348
001285,瑞立科密,2026-03-31,6.5069,1.4664,8
001285,瑞立科密,2026-06-30,4.0617,-2.4452,267
001286,陕西能源,2025-12-31,48.6129,5.9307,329
001286,陕西能源,2026-03-31,46.7567,-1.8562,12
001286,陕西能源,2026-06-30,66.4114,19.6547,371
001287,中电港,2025-12-31,35.8078,-6.6644,74
001287,中电港,2026-03-31,31.9678,-3.8400,4
001287,中电港,2026-06-30,58.8877,26.9199,156
001288,运机集团,2025-12-31,35.7283,5.1544,72
001288,运机集团,2026-03-31,43.0765,7.3482,20
001288,运机集团,2026-06-30,36.8962,-6.1803,78
001289,龙源电力,2025-12-31,97.6050,0.0079,139
001289,龙源电力,2026-03-31,97.6011,-0.0039,8
001289,龙源电力,2026-06-30,97.5145,-0.0866,132
001296,长江材料,2025-12-31,3.4409,,10
001296,长江材料,2026-03-31,5.5438,2.1029,0
001296,长江材料,2026-06-30,2.8481,-2.6957,15
001298,好上好,2025-12-31,33.5097,3.5051,7
001298,好上好,2026-03-31,32.7476,-0.7621,0
001298,好上好,2026-06-30,60.9763,28.2287,95
001299,美能能源,2025-12-31,61.5549,54.8095,18
001299,美能能源,2026-03-31,64.0410,2.4861,1
001299,美能能源,2026-06-30,62.3077,-1.7333,27
001300,三柏硕,2025-12-31,74.0176,64.2377,16
001300,三柏硕,2026-03-31,74.0510,0.0334,0
001300,三柏硕,2026-06-30,74.5332,0.4822,20
001301,尚太科技,2025-12-31,46.1780,12.0139,274
001301,尚太科技,2026-03-31,24.6584,-21.5196,28
001301,尚太科技,2026-06-30,39.2445,14.5861,265
001306,夏厦精密,2025-12-31,13.0848,-19.8073,56
001306,夏厦精密,2026-03-31,8.1029,-4.9819,5
001306,夏厦精密,2026-06-30,7.0582,-1.0447,48
001308,康冠科技,2025-12-31,69.8734,1.5708,54
001308,康冠科技,2026-03-31,68.9953,-0.8781,1
001308,康冠科技,2026-06-30,63.9642,-5.0311,38
001309,德明利,2025-12-31,21.6933,5.3101,375
001309,德明利,2026-03-31,14.1458,-7.5475,87
001309,德明利,2026-06-30,14.3548,0.2090,541
001311,多利科技,2025-12-31,13.4340,2.2959,57
001311,多利科技,2026-03-31,12.1187,-1.3153,3
001311,多利科技,2026-06-30,12.7600,0.6413,127
001312,福恩股份,2026-06-30,1.6590,,2648
001313,粤海饲料,2025-12-31,73.7214,0.7466,48
001313,粤海饲料,2026-03-31,70.8164,-2.9050,1
001313,粤海饲料,2026-06-30,71.6896,0.8732,83
001314,亿道信息,2025-12-31,8.3726,-3.3903,31
001314,亿道信息,2026-03-31,54.1002,45.7276,0
001314,亿道信息,2026-06-30,56.3157,2.2155,182
001316,润贝航科,2025-12-31,73.4744,8.8842,47
001316,润贝航科,2026-03-31,69.6924,-3.7820,8
001316,润贝航科,2026-06-30,73.7000,4.0076,119
001317,三羊马,2025-12-31,1.5726,1.0484,10
001317,三羊马,2026-03-31,3.8749,2.3023,0
001317,三羊马,2026-06-30,1.4160,-2.4589,13
001318,阳光乳业,2025-12-31,73.9936,-0.1678,9
001318,阳光乳业,2026-03-31,71.8001,-2.1935,0
001318,阳光乳业,2026-06-30,72.2439,0.4438,35
001319,铭科精技,2025-12-31,10.8777,0.7226,66
001319,铭科精技,2026-03-31,9.7734,-1.1043,0
001319,铭科精技,2026-06-30,8.5983,-1.1751,17
001322,箭牌家居,2025-12-31,78.5645,44.0814,55
001322,箭牌家居,2026-03-31,77.7746,-0.7899,3
001322,箭牌家居,2026-06-30,77.6660,-0.1086,33
001323,慕思股份,2025-12-31,69.0760,30.4314,53
001323,慕思股份,2026-03-31,64.8627,-4.2133,1
001323,慕思股份,2026-06-30,64.6725,-0.1902,54
001324,长青科技,2025-12-31,26.5412,-2.1700,35
001324,长青科技,2026-03-31,24.6339,-1.9073,1
001324,长青科技,2026-06-30,53.9053,29.2714,44
001325,元创股份,2026-03-31,3.0627,,0
001325,元创股份,2026-06-30,1.8384,-1.2243,3
001326,联域股份,2025-12-31,8.2756,-2.3518,43
001326,联域股份,2026-03-31,8.8019,0.5263,2
001326,联域股份,2026-06-30,11.7553,2.9534,52
001328,登康口腔,2025-12-31,48.0626,23.5808,170
001328,登康口腔,2026-03-31,33.1261,-14.9365,18
001328,登康口腔,2026-06-30,82.8402,49.7141,113
001330,博纳影业,2025-12-31,33.0858,-8.5302,26
001330,博纳影业,2026-03-31,29.5842,-3.5016,1
001330,博纳影业,2026-06-30,28.4350,-1.1492,26
001331,胜通能源,2025-12-31,44.5505,-5.8868,13
001331,胜通能源,2026-03-31,43.3290,-1.2215,0
001331,胜通能源,2026-06-30,68.0773,24.7483,26
001332,锡装股份,2025-12-31,16.4097,7.8516,68
001332,锡装股份,2026-03-31,6.7003,-9.7094,6
001332,锡装股份,2026-06-30,10.8548,4.1545,76
001333,光华股份,2025-12-31,12.4724,6.6088,35
001333,光华股份,2026-03-31,5.8636,-6.6088,0
001333,光华股份,2026-06-30,16.1577,10.2941,26
001335,信凯科技,2025-12-31,1.3445,1.3438,140
001335,信凯科技,2026-03-31,2.8856,1.5411,0
001335,信凯科技,2026-06-30,10.6754,7.7898,62
001336,楚环科技,2025-12-31,21.6026,-4.4130,24
001336,楚环科技,2026-03-31,17.9518,-3.6508,0
001336,楚环科技,2026-06-30,25.7228,7.7710,100
001337,四川黄金,2025-12-31,55.6026,3.0747,143
001337,四川黄金,2026-03-31,64.8567,9.2541,4
001337,四川黄金,2026-06-30,67.6044,2.7477,226
001338,永顺泰,2025-12-31,61.4349,46.3582,89
001338,永顺泰,2026-03-31,60.9956,-0.4393,6
001338,永顺泰,2026-06-30,60.9298,-0.0658,77
001339,智微智能,2025-12-31,4.1010,0.4091,54
001339,智微智能,2026-03-31,7.3587,3.2577,6
001339,智微智能,2026-06-30,15.9248,8.5661,312
001356,富岭股份,2025-12-31,3.1442,0.2231,102
001356,富岭股份,2026-03-31,35.2107,32.0665,0
001356,富岭股份,2026-06-30,34.4726,-0.7381,66
001358,兴欣新材,2025-12-31,9.0052,0.9216,34
001358,兴欣新材,2026-03-31,4.7667,-4.2385,0
001358,兴欣新材,2026-06-30,6.3928,1.6261,40
001359,平安电工,2025-12-31,15.5928,14.0509,61
001359,平安电工,2026-03-31,7.4016,-8.1912,1
001359,平安电工,2026-06-30,10.7608,3.3592,142
001360,南矿集团,2025-12-31,4.1005,,19
001360,南矿集团,2026-03-31,1.3410,-2.7595,0
001360,南矿集团,2026-06-30,19.4611,18.1201,76
001365,天海电子,2026-06-30,4.5080,,2747
001366,播恩集团,2025-12-31,22.0077,8.9043,71
001366,播恩集团,2026-03-31,71.7919,49.7842,4
001366,播恩集团,2026-06-30,72.8143,1.0224,79
001367,海森药业,2025-12-31,0.7230,,25
001367,海森药业,2026-03-31,10.2241,9.5011,1
001367,海森药业,2026-06-30,59.5211,49.2970,25
001368,通达创智,2025-12-31,3.5332,1.7634,27
001368,通达创智,2026-03-31,4.6603,1.1271,1
001368,通达创智,2026-06-30,73.6282,68.9679,80
001369,双欣材料,2025-12-31,2.7799,,2526
001369,双欣材料,2026-03-31,1.6792,-1.1007,14
001369,双欣材料,2026-06-30,2.0497,0.3705,1089
001373,翔腾新材,2025-12-31,21.3725,-2.6552,30
001373,翔腾新材,2026-03-31,23.7806,2.4081,4
001373,翔腾新材,2026-06-30,14.2497,-9.5309,76
001376,百通能源,2025-12-31,22.5716,14.7735,121
001376,百通能源,2026-03-31,11.1458,-11.4258,8
001376,百通能源,2026-06-30,11.5182,0.3724,99
001378,德冠新材,2025-12-31,3.5681,1.8856,50
001378,德冠新材,2026-03-31,1.5358,-2.0323,0
001378,德冠新材,2026-06-30,3.0944,1.5586,56
001379,腾达科技,2025-12-31,12.1586,-2.9938,29
001379,腾达科技,2026-03-31,6.4544,-5.7042,0
001379,腾达科技,2026-06-30,8.6557,2.2013,60
001380,华纬科技,2025-12-31,15.6514,-7.4060,32
001380,华纬科技,2026-03-31,14.8767,-0.7747,1
001380,华纬科技,2026-06-30,62.3928,47.5161,18
001382,新亚电缆,2025-12-31,2.4955,1.3447,115
001382,新亚电缆,2026-03-31,8.2007,5.7052,4
001382,新亚电缆,2026-06-30,7.4941,-0.7066,70
001386,马可波罗,2025-12-31,2.2602,,2057
001386,马可波罗,2026-03-31,1.9609,-0.2993,45
001386,马可波罗,2026-06-30,8.1895,6.2286,287
001387,雪祺电气,2025-12-31,35.6255,0.2972,66
001387,雪祺电气,2026-03-31,32.5304,-3.0951,4
001387,雪祺电气,2026-06-30,32.2053,-0.3251,87
001388,信通电子,2025-12-31,4.8681,0.6831,2321
001388,信通电子,2026-03-31,5.7795,0.9114,2
001388,信通电子,2026-06-30,9.8757,4.0962,144
001389,广合科技,2025-12-31,42.6274,4.7588,253
001389,广合科技,2026-03-31,31.5992,-11.0282,31
001389,广合科技,2026-06-30,47.5385,15.9393,639
001390,古麒绒材,2025-12-31,2.5721,0.9008,189
001390,古麒绒材,2026-03-31,2.0028,-0.5693,0
001390,古麒绒材,2026-06-30,39.7375,37.7347,79
001391,国货航,2025-12-31,44.6629,39.0116,209
001391,国货航,2026-03-31,33.1444,-11.5185,1
001391,国货航,2026-06-30,27.5840,-5.5604,184
001393,维通利,2026-06-30,4.2419,,2670
001395,亚联机械,2025-12-31,2.3257,-4.1048,92
001395,亚联机械,2026-03-31,8.2803,5.9546,0
001395,亚联机械,2026-06-30,8.2343,-0.0460,56
001396,誉帆科技,2025-12-31,1.5922,,2123
001396,誉帆科技,2026-03-31,12.8062,11.2140,5
001396,誉帆科技,2026-06-30,13.6888,0.8826,951
001399,惠科股份,2026-06-30,2.3354,,2827
001400,江顺科技,2025-12-31,8.6723,7.2869,18
001400,江顺科技,2026-03-31,27.5556,18.8833,14
001400,江顺科技,2026-06-30,16.5647,-10.9909,31
001696,宗申动力,2025-12-31,29.8314,3.1709,239
001696,宗申动力,2026-03-31,24.6282,-5.2032,13
001696,宗申动力,2026-06-30,35.7205,11.0923,209
001872,招商港口,2025-12-31,95.4935,2.7499,164
001872,招商港口,2026-03-31,95.4818,-0.0117,3
001872,招商港口,2026-06-30,95.9072,0.4254,122
001896,豫能控股,2025-12-31,64.3247,1.7099,58
001896,豫能控股,2026-03-31,63.7227,-0.6020,3
001896,豫能控股,2026-06-30,64.6197,0.8970,49
001914,招商积余,2025-12-31,78.1327,5.8471,292
001914,招商积余,2026-03-31,72.0802,-6.0525,16
001914,招商积余,2026-06-30,75.6134,3.5332,183
001965,招商公路,2025-12-31,87.7978,4.0766,472
001965,招商公路,2026-03-31,84.4867,-3.3111,28
001965,招商公路,2026-06-30,87.0337,2.5470,457
001979,招商蛇口,2025-12-31,75.8723,3.5087,691
001979,招商蛇口,2026-03-31,71.3996,-4.4727,80
001979,招商蛇口,2026-06-30,75.2036,3.8040,641
002001,新和成,2025-12-31,66.6263,3.9845,749
002001,新和成,2026-03-31,62.5716,-4.0547,190
002001,新和成,2026-06-30,67.2778,4.7062,1008
002003,伟星股份,2025-12-31,54.1225,6.4187,198
002003,伟星股份,2026-03-31,47.1464,-6.9761,17
002003,伟星股份,2026-06-30,50.0535,2.9071,115
002004,华邦健康,2025-12-31,27.3557,3.0448,186
002004,华邦健康,2026-03-31,24.8374,-2.5183,3
002004,华邦健康,2026-06-30,27.0222,2.1848,155
002005,德豪润达,2025-12-31,39.3052,-1.7031,0
002005,德豪润达,2026-03-31,38.8246,-0.4806,0
002005,德豪润达,2026-06-30,37.8558,-0.9688,0
002006,精工科技,2025-12-31,34.6134,1.6717,119
002006,精工科技,2026-03-31,31.4172,-3.1962,6
002006,精工科技,2026-06-30,32.1473,0.7301,60
002007,华兰生物,2025-12-31,43.2198,4.4801,247
002007,华兰生物,2026-03-31,37.6113,-5.6085,7
002007,华兰生物,2026-06-30,41.3356,3.7243,232
002008,大族激光,2025-12-31,46.3263,11.6261,653
002008,大族激光,2026-03-31,41.8031,-4.5232,156
002008,大族激光,2026-06-30,44.6792,2.8761,1118
002009,天奇股份,2025-12-31,16.3579,1.9755,14
002009,天奇股份,2026-03-31,16.1699,-0.1880,0
002009,天奇股份,2026-06-30,15.4121,-0.7578,30
002010,传化智联,2025-12-31,59.4693,1.3421,100
002010,传化智联,2026-03-31,57.7057,-1.7636,1
002010,传化智联,2026-06-30,58.1191,0.4134,80
002011,盾安环境,2025-12-31,46.2529,1.5677,175
002011,盾安环境,2026-03-31,51.1423,4.8894,14
002011,盾安环境,2026-06-30,51.3004,0.1581,106
002012,凯恩股份,2025-12-31,25.9359,3.9844,31
002012,凯恩股份,2026-03-31,25.6190,-0.3169,0
002012,凯恩股份,2026-06-30,31.6983,6.0793,30
002014,永新股份,2025-12-31,72.7383,3.5933,88
002014,永新股份,2026-03-31,71.6284,-1.1099,12
002014,永新股份,2026-06-30,71.7160,0.0876,53
002015,协鑫能科,2025-12-31,57.0089,-0.8411,67
002015,协鑫能科,2026-03-31,54.7270,-2.2819,3
002015,协鑫能科,2026-06-30,52.6336,-2.0934,73
002016,世荣兆业,2025-12-31,66.3023,2.8321,124
002016,世荣兆业,2026-03-31,64.6979,-1.6044,4
002016,世荣兆业,2026-06-30,66.5548,1.8569,77
002017,东信和平,2025-12-31,48.4173,1.1085,72
002017,东信和平,2026-03-31,46.8407,-1.5766,2
002017,东信和平,2026-06-30,50.7713,3.9306,130
002019,亿帆医药,2025-12-31,10.1867,3.1228,68
002019,亿帆医药,2026-03-31,8.5399,-1.6468,2
002019,亿帆医药,2026-06-30,9.8850,1.3451,52
002020,京新药业,2025-12-31,37.0388,11.2696,277
002020,京新药业,2026-03-31,25.4062,-11.6326,12
002020,京新药业,2026-06-30,30.6271,5.2209,160
002021,中捷资源,2025-12-31,22.4700,0.5181,13
002021,中捷资源,2026-03-31,23.0480,0.5780,0
002021,中捷资源,2026-06-30,20.2159,-2.8321,11
002022,科华生物,2025-12-31,21.6304,1.3084,52
002022,科华生物,2026-03-31,20.1957,-1.4347,1
002022,科华生物,2026-06-30,22.0775,1.8818,34
002023,海特高新,2025-12-31,17.7253,4.0171,157
002023,海特高新,2026-03-31,11.3914,-6.3339,1
002023,海特高新,2026-06-30,13.6999,2.3085,49
002024,ST易购,2025-12-31,47.6153,-0.2281,0
002024,ST易购,2026-03-31,46.6139,-1.0014,0
002024,ST易购,2026-06-30,45.1551,-1.4588,0
002025,航天电器,2025-12-31,58.2990,-0.2930,310
002025,航天电器,2026-03-31,54.2400,-4.0590,63
002025,航天电器,2026-06-30,61.7231,7.4831,477
002026,山东威达,2025-12-31,36.9226,0.9484,56
002026,山东威达,2026-03-31,39.4804,2.5578,1
002026,山东威达,2026-06-30,40.9623,1.4819,22
002027,分众传媒,2025-12-31,55.2300,2.7724,1175
002027,分众传媒,2026-03-31,47.9797,-7.2503,139
002027,分众传媒,2026-06-30,49.1244,1.1447,921
002028,思源电气,2025-12-31,52.5193,13.2422,1128
002028,思源电气,2026-03-31,44.0255,-8.4938,405
002028,思源电气,2026-06-30,45.9076,1.8821,1151
002029,七匹狼,2025-12-31,41.2522,0.3947,16
002029,七匹狼,2026-03-31,41.5462,0.2940,0
002029,七匹狼,2026-06-30,41.3627,-0.1835,34
002030,达安基因,2025-12-31,34.0457,0.2784,41
002030,达安基因,2026-03-31,33.9569,-0.0888,1
002030,达安基因,2026-06-30,33.2542,-0.7027,24
002031,巨轮智能,2025-12-31,7.6363,1.9938,19
002031,巨轮智能,2026-03-31,5.5908,-2.0455,6
002031,巨轮智能,2026-06-30,3.5692,-2.0216,20
002032,苏泊尔,2025-12-31,91.5344,-0.4182,234
002032,苏泊尔,2026-03-31,90.1813,-1.3531,36
002032,苏泊尔,2026-06-30,92.2511,2.0698,278
002033,丽江股份,2025-12-31,52.1673,4.1848,133
002033,丽江股份,2026-03-31,50.6054,-1.5619,4
002033,丽江股份,2026-06-30,51.3705,0.7651,86
002034,旺能环境,2025-12-31,44.8001,0.1499,84
002034,旺能环境,2026-03-31,43.6543,-1.1458,3
002034,旺能环境,2026-06-30,38.4196,-5.2347,85
002035,华帝股份,2025-12-31,37.8819,3.8697,82
002035,华帝股份,2026-03-31,29.3984,-8.4835,10
002035,华帝股份,2026-06-30,32.5694,3.1710,56
002036,联创电子,2025-12-31,14.0963,-0.4472,72
002036,联创电子,2026-03-31,11.0148,-3.0815,0
002036,联创电子,2026-06-30,11.4592,0.4444,39
002037,保利联合,2025-12-31,50.1110,0.2943,22
002037,保利联合,2026-03-31,50.4284,0.3174,0
002037,保利联合,2026-06-30,51.3692,0.9408,19
002038,双鹭药业,2025-12-31,23.0334,0.9352,68
002038,双鹭药业,2026-03-31,21.5579,-1.4755,0
002038,双鹭药业,2026-06-30,20.6023,-0.9556,10
002039,黔源电力,2025-12-31,52.5397,4.8930,226
002039,黔源电力,2026-03-31,49.2947,-3.2450,15
002039,黔源电力,2026-06-30,56.9488,7.6541,145
002040,南京港,2025-12-31,67.8120,-0.2118,13
002040,南京港,2026-03-31,70.0239,2.2119,0
002040,南京港,2026-06-30,67.8307,-2.1932,21
002041,登海种业,2025-12-31,55.7279,1.0341,63
002041,登海种业,2026-03-31,55.1150,-0.6129,2
002041,登海种业,2026-06-30,55.8566,0.7416,88
002042,华孚时尚,2025-12-31,43.0147,0.1384,44
002042,华孚时尚,2026-03-31,44.5976,1.5829,0
002042,华孚时尚,2026-06-30,44.7326,0.1350,39
002043,兔宝宝,2025-12-31,67.6764,18.5371,346
002043,兔宝宝,2026-03-31,55.3028,-12.3736,50
002043,兔宝宝,2026-06-30,69.5274,14.2246,357
002044,美年健康,2025-12-31,40.5424,5.8437,250
002044,美年健康,2026-03-31,35.4258,-5.1166,20
002044,美年健康,2026-06-30,39.1543,3.7285,228
002045,国光电器,2025-12-31,29.9824,-0.9808,45
002045,国光电器,2026-03-31,28.0917,-1.8907,0
002045,国光电器,2026-06-30,29.8770,1.7853,89
002046,国机精工,2025-12-31,54.6004,1.5513,52
002046,国机精工,2026-03-31,52.8138,-1.7866,2
002046,国机精工,2026-06-30,61.1440,8.3302,136
002047,宝鹰股份,2025-12-31,34.7949,-0.0178,0
002047,宝鹰股份,2026-03-31,33.9124,-0.8825,0
002047,宝鹰股份,2026-06-30,33.9121,-0.0003,0
002048,宁波华翔,2025-12-31,47.8016,1.6709,345
002048,宁波华翔,2026-03-31,40.5465,-7.2551,23
002048,宁波华翔,2026-06-30,37.6406,-2.9059,158
002049,紫光国微,2025-12-31,42.4326,1.3280,811
002049,紫光国微,2026-03-31,32.8438,-9.5888,26
002049,紫光国微,2026-06-30,36.4947,3.6509,673
002050,三花智控,2025-12-31,57.5426,-1.2322,776
002050,三花智控,2026-03-31,51.6186,-5.9240,103
002050,三花智控,2026-06-30,53.1304,1.5118,615
002051,中工国际,2025-12-31,66.9918,2.1987,75
002051,中工国际,2026-03-31,65.9846,-1.0072,5
002051,中工国际,2026-06-30,65.1687,-0.8159,36
002052,同洲电子,2025-12-31,9.9006,0.8655,26
002052,同洲电子,2026-03-31,8.3071,-1.5935,0
002052,同洲电子,2026-06-30,9.1592,0.8521,16
002053,云南能投,2025-12-31,75.2839,-0.0120,25
002053,云南能投,2026-03-31,75.8171,0.5332,0
002053,云南能投,2026-06-30,75.0929,-0.7242,56
002054,德美化工,2025-12-31,20.3340,2.0817,72
002054,德美化工,2026-03-31,16.3609,-3.9731,1
002054,德美化工,2026-06-30,18.3775,2.0166,82
002055,ST得润,2025-12-31,1.9102,-3.9866,41
002055,ST得润,2026-03-31,2.3477,0.4375,0
002055,ST得润,2026-06-30,1.3712,-0.9765,0
002056,横店东磁,2025-12-31,65.4146,3.5041,447
002056,横店东磁,2026-03-31,59.6902,-5.7244,10
002056,横店东磁,2026-06-30,64.5359,4.8457,335
002057,中钢天源,2025-12-31,36.1952,1.3516,77
002057,中钢天源,2026-03-31,34.7630,-1.4322,3
002057,中钢天源,2026-06-30,37.5437,2.7807,101
002058,紫竹高科,2025-12-31,49.2935,0.6603,0
002058,紫竹高科,2026-03-31,52.6075,3.3140,3
002058,紫竹高科,2026-06-30,51.8652,-0.7423,4
002059,云南旅游,2025-12-31,61.8095,0.3532,10
002059,云南旅游,2026-03-31,61.2423,-0.5672,1
002059,云南旅游,2026-06-30,60.0785,-1.1638,5
002060,广东建工,2025-12-31,44.1837,2.1691,91
002060,广东建工,2026-03-31,41.0613,-3.1224,0
002060,广东建工,2026-06-30,40.9037,-0.1576,52
002061,浙江交科,2025-12-31,62.9700,2.0894,77
002061,浙江交科,2026-03-31,60.3092,-2.6608,2
002061,浙江交科,2026-06-30,62.6087,2.2995,112
002062,宏润建设,2025-12-31,39.0827,0.2024,83
002062,宏润建设,2026-03-31,38.0414,-1.0413,1
002062,宏润建设,2026-06-30,40.6008,2.5594,53
002063,远光软件,2025-12-31,25.6672,2.1927,142
002063,远光软件,2026-03-31,24.8094,-0.8578,3
002063,远光软件,2026-06-30,24.7334,-0.0760,82
002064,华峰化学,2025-12-31,55.0216,4.4561,582
002064,华峰化学,2026-03-31,50.2812,-4.7404,36
002064,华峰化学,2026-06-30,56.9979,6.7167,731
002065,东华软件,2025-12-31,34.2623,2.4832,239
002065,东华软件,2026-03-31,31.2378,-3.0245,11
002065,东华软件,2026-06-30,33.0856,1.8478,298
002066,瑞泰科技,2025-12-31,42.9472,-0.8468,12
002066,瑞泰科技,2026-03-31,43.1842,0.2370,1
002066,瑞泰科技,2026-06-30,40.4837,-2.7005,17
002067,景兴纸业,2025-12-31,1.1214,-0.7385,12
002067,景兴纸业,2026-03-31,0.2789,-0.8425,0
002067,景兴纸业,2026-06-30,2.3066,2.0277,46
002068,黑猫股份,2025-12-31,51.6349,0.0879,33
002068,黑猫股份,2026-03-31,51.9199,0.2850,2
002068,黑猫股份,2026-06-30,55.1005,3.1806,51
002069,獐子岛,2025-12-31,42.8294,0.5825,11
002069,獐子岛,2026-03-31,42.0357,-0.7937,0
002069,獐子岛,2026-06-30,41.4458,-0.5899,16
002072,凯瑞德,2025-12-31,16.7561,-12.0445,12
002072,凯瑞德,2026-03-31,16.2575,-0.4986,0
002072,凯瑞德,2026-06-30,17.5722,1.3147,2
002073,软控股份,2025-12-31,12.5027,1.7599,106
002073,软控股份,2026-03-31,8.0623,-4.4404,4
002073,软控股份,2026-06-30,4.0484,-4.0139,42
002074,国轩高科,2025-12-31,48.7204,3.5221,634
002074,国轩高科,2026-03-31,42.1630,-6.5574,13
002074,国轩高科,2026-06-30,44.2248,2.0618,373
002075,沙钢股份,2025-12-31,35.5900,3.5792,87
002075,沙钢股份,2026-03-31,32.0548,-3.5352,4
002075,沙钢股份,2026-06-30,32.9780,0.9232,61
002076,星光股份,2025-12-31,11.6854,0.5277,0
002076,星光股份,2026-03-31,11.6854,0.0000,0
002076,星光股份,2026-06-30,11.2112,-0.4742,4
002077,大港股份,2025-12-31,51.1737,0.4280,35
002077,大港股份,2026-03-31,50.5251,-0.6486,2
002077,大港股份,2026-06-30,54.1657,3.6406,102
002078,太阳纸业,2025-12-31,66.9102,7.7107,669
002078,太阳纸业,2026-03-31,56.9736,-9.9366,107
002078,太阳纸业,2026-06-30,64.7890,7.8154,665
002079,苏州固锝,2025-12-31,27.5787,0.4944,65
002079,苏州固锝,2026-03-31,24.9914,-2.5873,1
002079,苏州固锝,2026-06-30,30.3966,5.4052,200
002080,中材科技,2025-12-31,73.1031,0.4249,656
002080,中材科技,2026-03-31,69.5465,-3.5566,75
002080,中材科技,2026-06-30,75.7579,6.2114,930
002081,金螳螂,2025-12-31,53.1782,0.2493,41
002081,金螳螂,2026-03-31,51.6957,-1.4825,1
002081,金螳螂,2026-06-30,52.5097,0.8140,71
002082,ST万邦,2025-12-31,50.7682,4.2296,19
002082,ST万邦,2026-03-31,49.9828,-0.7854,2
002082,ST万邦,2026-06-30,50.2121,0.2293,0
002083,孚日股份,2025-12-31,29.7813,2.0515,14
002083,孚日股份,2026-03-31,29.5012,-0.2801,0
002083,孚日股份,2026-06-30,30.3423,0.8411,43
002084,海鸥住工,2025-12-31,46.4324,1.3875,20
002084,海鸥住工,2026-03-31,46.4710,0.0386,0
002084,海鸥住工,2026-06-30,49.7975,3.3265,44
002085,万丰奥威,2025-12-31,42.8590,1.9579,266
002085,万丰奥威,2026-03-31,39.7027,-3.1563,13
002085,万丰奥威,2026-06-30,39.5494,-0.1533,189
002086,东方海洋,2025-12-31,26.3875,-1.5260,1
002086,东方海洋,2026-03-31,22.8076,-3.5799,0
002086,东方海洋,2026-06-30,17.1610,-5.6466,3
002088,鲁阳节能,2025-12-31,60.9595,0.0569,19
002088,鲁阳节能,2026-03-31,59.2528,-1.7067,0
002088,鲁阳节能,2026-06-30,59.9426,0.6898,15
002090,金智科技,2025-12-31,21.7421,0.9348,69
002090,金智科技,2026-03-31,22.8709,1.1288,2
002090,金智科技,2026-06-30,23.7912,0.9203,77
002091,江苏国泰,2025-12-31,57.6762,3.3761,265
002091,江苏国泰,2026-03-31,53.8897,-3.7865,8
002091,江苏国泰,2026-06-30,56.1593,2.2696,171
002092,中泰化学,2025-12-31,37.0687,5.0003,61
002092,中泰化学,2026-03-31,35.7722,-1.2965,17
002092,中泰化学,2026-06-30,34.9064,-0.8658,95
002093,国脉科技,2025-12-31,5.6363,0.2130,33
002093,国脉科技,2026-03-31,4.8377,-0.7986,0
002093,国脉科技,2026-06-30,5.4597,0.6220,68
002094,青岛金王,2025-12-31,23.3988,0.6317,15
002094,青岛金王,2026-03-31,25.0484,1.6496,2
002094,青岛金王,2026-06-30,26.2213,1.1729,40
002095,生意宝,2025-12-31,48.0599,-1.9140,9
002095,生意宝,2026-03-31,48.5490,0.4891,0
002095,生意宝,2026-06-30,48.6853,0.1363,7
002096,易普力,2025-12-31,51.6159,7.4430,165
002096,易普力,2026-03-31,68.6670,17.0511,4
002096,易普力,2026-06-30,70.2155,1.5485,87
002097,山河智能,2025-12-31,35.3873,2.1769,84
002097,山河智能,2026-03-31,32.2100,-3.1773,2
002097,山河智能,2026-06-30,33.6152,1.4052,69
002098,浔兴股份,2025-12-31,58.4713,-0.3457,4
002098,浔兴股份,2026-03-31,57.6711,-0.8002,0
002098,浔兴股份,2026-06-30,58.1358,0.4647,25
002099,海翔药业,2025-12-31,38.3864,1.1394,80
002099,海翔药业,2026-03-31,34.7451,-3.6413,0
002099,海翔药业,2026-06-30,35.1537,0.4086,52
002100,天康生物,2025-12-31,52.4031,7.1696,168
002100,天康生物,2026-03-31,45.8020,-6.6011,29
002100,天康生物,2026-06-30,56.3889,10.5869,164
002101,广东鸿图,2025-12-31,55.2516,1.6923,75
002101,广东鸿图,2026-03-31,53.3982,-1.8534,1
002101,广东鸿图,2026-06-30,52.7205,-0.6777,34
002102,ST能特,2025-12-31,21.8168,-1.9601,54
002102,ST能特,2026-03-31,20.7427,-1.0741,1
002102,ST能特,2026-06-30,20.7381,-0.0046,0
002103,广博股份,2025-12-31,20.0469,0.9220,32
002103,广博股份,2026-03-31,18.8326,-1.2143,1
002103,广博股份,2026-06-30,18.9785,0.1459,28
002104,恒宝股份,2025-12-31,7.6720,4.4098,36
002104,恒宝股份,2026-03-31,5.1852,-2.4868,7
002104,恒宝股份,2026-06-30,8.9657,3.7805,82
002105,信隆健康,2025-12-31,50.4525,0.2458,15
002105,信隆健康,2026-03-31,50.9831,0.5306,1
002105,信隆健康,2026-06-30,53.8045,2.8214,69
002106,莱宝高科,2025-12-31,32.5934,-0.6460,44
002106,莱宝高科,2026-03-31,31.9115,-0.6819,0
002106,莱宝高科,2026-06-30,33.4530,1.5415,31
002107,沃华医药,2025-12-31,52.0030,0.7270,19
002107,沃华医药,2026-03-31,52.4082,0.4052,3
002107,沃华医药,2026-06-30,52.1668,-0.2414,44
002108,沧州明珠,2025-12-31,23.8104,-4.9727,11
002108,沧州明珠,2026-03-31,24.7561,0.9457,0
002108,沧州明珠,2026-06-30,23.9415,-0.8146,15
002109,ST兴化,2025-12-31,65.1668,0.1114,18
002109,ST兴化,2026-03-31,61.5085,-3.6583,0
002109,ST兴化,2026-06-30,62.2580,0.7495,0
002110,三钢闽光,2025-12-31,73.0072,4.6420,130
002110,三钢闽光,2026-03-31,68.6528,-4.3544,3
002110,三钢闽光,2026-06-30,69.1128,0.4600,85
002111,威海广泰,2025-12-31,44.3458,8.2337,148
002111,威海广泰,2026-03-31,43.5241,-0.8217,10
002111,威海广泰,2026-06-30,46.1548,2.6307,188
002112,三变科技,2025-12-31,14.8944,-15.4742,12
002112,三变科技,2026-03-31,15.4160,0.5216,1
002112,三变科技,2026-06-30,17.9831,2.5671,32
002114,罗平锌电,2025-12-31,31.1420,0.1205,21
002114,罗平锌电,2026-03-31,30.9013,-0.2407,2
002114,罗平锌电,2026-06-30,31.5089,0.6076,24
002115,三维通信,2025-12-31,9.1665,-0.4689,19
002115,三维通信,2026-03-31,8.4768,-0.6897,0
002115,三维通信,2026-06-30,9.7467,1.2699,92
002116,中国海诚,2025-12-31,60.6910,1.5667,52
002116,中国海诚,2026-03-31,60.6257,-0.0653,1
002116,中国海诚,2026-06-30,59.6400,-0.9857,25
002117,东港股份,2025-12-31,33.6315,2.2626,93
002117,东港股份,2026-03-31,32.3046,-1.3269,1
002117,东港股份,2026-06-30,32.3325,0.0279,33
002119,康强电子,2025-12-31,33.1645,-1.1394,53
002119,康强电子,2026-03-31,36.7094,3.5449,2
002119,康强电子,2026-06-30,38.7423,2.0329,61
002120,韵达股份,2025-12-31,59.9179,0.9456,217
002120,韵达股份,2026-03-31,56.9352,-2.9827,6
002120,韵达股份,2026-06-30,60.9490,4.0138,405
002121,科陆电子,2025-12-31,32.4451,2.6362,51
002121,科陆电子,2026-03-31,34.0132,1.5681,3
002121,科陆电子,2026-06-30,30.5405,-3.4727,37
002122,ST汇洲,2025-12-31,34.1964,-0.2075,0
002122,ST汇洲,2026-03-31,33.9553,-0.2411,0
002122,ST汇洲,2026-06-30,33.9706,0.0153,0
002123,梦网科技,2025-12-31,7.7114,0.2087,28
002123,梦网科技,2026-03-31,5.5336,-2.1778,2
002123,梦网科技,2026-06-30,5.5822,0.0486,31
002124,天邦食品,2025-12-31,6.9101,1.1837,12
002124,天邦食品,2026-03-31,6.1977,-0.7124,4
002124,天邦食品,2026-06-30,6.2201,0.0224,19
002125,湘潭电化,2025-12-31,44.8603,0.4689,37
002125,湘潭电化,2026-03-31,42.6204,-2.2399,0
002125,湘潭电化,2026-06-30,45.1157,2.4953,55
002126,银轮股份,2025-12-31,34.1774,11.2352,607
002126,银轮股份,2026-03-31,21.8031,-12.3743,143
002126,银轮股份,2026-06-30,30.8272,9.0241,747
002127,南极电商,2025-12-31,15.6727,1.4556,83
002127,南极电商,2026-03-31,10.1419,-5.5308,0
002127,南极电商,2026-06-30,10.1619,0.0200,25
002128,电投能源,2025-12-31,70.6309,2.2855,441
002128,电投能源,2026-03-31,66.1646,-4.4663,65
002128,电投能源,2026-06-30,69.5163,3.3517,496
002129,TCL中环,2025-12-31,41.6726,0.0823,275
002129,TCL中环,2026-03-31,36.9617,-4.7109,13
002129,TCL中环,2026-06-30,39.0009,2.0392,237
002130,沃尔核材,2025-12-31,18.9591,1.4952,265
002130,沃尔核材,2026-03-31,11.5307,-7.4284,2
002130,沃尔核材,2026-06-30,13.2349,1.7042,268
002131,利欧股份,2025-12-31,6.3515,3.2813,137
002131,利欧股份,2026-03-31,4.7447,-1.6068,15
002131,利欧股份,2026-06-30,8.0549,3.3102,272
002132,恒星科技,2025-12-31,7.4689,0.8393,16
002132,恒星科技,2026-03-31,6.4873,-0.9816,1
002132,恒星科技,2026-06-30,6.5236,0.0363,66
002133,广宇集团,2025-12-31,23.9189,0.8529,36
002133,广宇集团,2026-03-31,24.4257,0.5068,0
002133,广宇集团,2026-06-30,24.3335,-0.0922,58
002134,天津普林,2025-12-31,30.0970,0.0564,23
002134,天津普林,2026-03-31,32.8388,2.7418,0
002134,天津普林,2026-06-30,36.1625,3.3237,120
002135,东南网架,2025-12-31,38.6642,-0.0903,22
002135,东南网架,2026-03-31,46.7139,8.0497,6
002135,东南网架,2026-06-30,47.5070,0.7931,45
002136,安纳达,2025-12-31,34.3677,0.6618,21
002136,安纳达,2026-03-31,33.7275,-0.6402,1
002136,安纳达,2026-06-30,33.0046,-0.7229,48
002137,实益达,2025-12-31,2.4518,1.5507,62
002137,实益达,2026-03-31,1.5424,-0.9094,1
002137,实益达,2026-06-30,0.4143,-1.1281,7
002138,顺络电子,2025-12-31,38.9359,10.4371,621
002138,顺络电子,2026-03-31,24.9133,-14.0226,37
002138,顺络电子,2026-06-30,39.0112,14.0979,802
002139,拓邦股份,2025-12-31,14.9676,6.7926,99
002139,拓邦股份,2026-03-31,8.4041,-6.5635,6
002139,拓邦股份,2026-06-30,9.5494,1.1453,89
002140,东华科技,2025-12-31,69.2519,9.4073,30
002140,东华科技,2026-03-31,70.6592,1.4073,4
002140,东华科技,2026-06-30,70.2261,-0.4331,53
002141,贤丰控股,2025-12-31,31.2018,-1.7979,1
002141,贤丰控股,2026-03-31,31.2016,-0.0002,0
002141,贤丰控股,2026-06-30,31.8729,0.6713,6
002142,宁波银行,2025-12-31,69.5738,5.8876,876
002142,宁波银行,2026-03-31,65.5768,-3.9970,251
002142,宁波银行,2026-06-30,68.8722,3.2954,964
002144,宏达高科,2025-12-31,3.9704,3.3165,46
002144,宏达高科,2026-03-31,2.3977,-1.5727,0
002144,宏达高科,2026-06-30,5.3965,2.9988,66
002145,钛能化学,2025-12-31,13.4275,1.0559,129
002145,钛能化学,2026-03-31,11.4629,-1.9646,4
002145,钛能化学,2026-06-30,15.8210,4.3581,56
002146,荣盛发展,2025-12-31,29.6073,-0.0858,5
002146,荣盛发展,2026-03-31,29.1841,-0.4232,1
002146,荣盛发展,2026-06-30,29.0708,-0.1133,6
002148,北纬科技,2025-12-31,10.6337,6.4400,57
002148,北纬科技,2026-03-31,6.2257,-4.4080,3
002148,北纬科技,2026-06-30,9.5396,3.3139,58
002149,西部材料,2025-12-31,42.4388,5.1012,100
002149,西部材料,2026-03-31,38.3839,-4.0549,19
002149,西部材料,2026-06-30,36.5249,-1.8590,87
002150,正泰电源,2025-12-31,59.0669,1.6218,100
002150,正泰电源,2026-03-31,56.3880,-2.6789,7
002150,正泰电源,2026-06-30,57.9705,1.5825,52
002151,北斗星通,2025-12-31,14.4969,1.9344,119
002151,北斗星通,2026-03-31,12.7555,-1.7414,14
002151,北斗星通,2026-06-30,18.5974,5.8419,154
002152,广电运通,2025-12-31,59.1873,1.9502,332
002152,广电运通,2026-03-31,56.0930,-3.0943,12
002152,广电运通,2026-06-30,58.2899,2.1969,280
002153,石基信息,2025-12-31,39.3625,0.9382,158
002153,石基信息,2026-03-31,36.0753,-3.2872,2
002153,石基信息,2026-06-30,35.0059,-1.0694,190
002154,报喜鸟,2025-12-31,4.9903,0.9904,45
002154,报喜鸟,2026-03-31,4.1738,-0.8165,4
002154,报喜鸟,2026-06-30,15.2608,11.0870,256
002155,湖南黄金,2025-12-31,50.0155,3.5671,489
002155,湖南黄金,2026-03-31,45.4695,-4.5460,54
002155,湖南黄金,2026-06-30,45.8483,0.3788,457
002156,通富微电,2025-12-31,42.6747,4.7573,598
002156,通富微电,2026-03-31,35.6699,-7.0048,45
002156,通富微电,2026-06-30,34.7422,-0.9277,612
002157,正邦科技,2025-12-31,29.1053,3.6853,113
002157,正邦科技,2026-03-31,26.7484,-2.3569,16
002157,正邦科技,2026-06-30,31.0109,4.2625,126
002158,汉钟精机,2025-12-31,69.0216,3.0446,103
002158,汉钟精机,2026-03-31,68.2897,-0.7319,5
002158,汉钟精机,2026-06-30,72.3980,4.1083,119
002159,三特索道,2025-12-31,41.8444,1.9453,59
002159,三特索道,2026-03-31,44.4878,2.6434,10
002159,三特索道,2026-06-30,46.8068,2.3190,57
002160,常铝股份,2025-12-31,20.7688,-0.6840,22
002160,常铝股份,2026-03-31,39.2214,18.4526,1
002160,常铝股份,2026-06-30,38.7754,-0.4460,15
002161,远望谷,2025-12-31,3.6146,1.3272,55
002161,远望谷,2026-03-31,5.9070,2.2924,7
002161,远望谷,2026-06-30,6.9791,1.0721,33
002162,悦心健康,2025-12-31,55.9160,1.2981,29
002162,悦心健康,2026-03-31,55.4580,-0.4580,1
002162,悦心健康,2026-06-30,55.8937,0.4357,35
002163,海南发展,2025-12-31,36.8553,3.3949,24
002163,海南发展,2026-03-31,34.4922,-2.3631,3
002163,海南发展,2026-06-30,36.0238,1.5316,91
002164,宁波东力,2025-12-31,38.9887,5.2611,46
002164,宁波东力,2026-03-31,30.3896,-8.5991,2
002164,宁波东力,2026-06-30,30.3763,-0.0133,11
002165,红宝丽,2025-12-31,25.4891,1.7121,27
002165,红宝丽,2026-03-31,25.9131,0.4240,0
002165,红宝丽,2026-06-30,23.8013,-2.1118,4
002166,莱茵生物,2025-12-31,0.3599,,18
002166,莱茵生物,2026-03-31,1.2245,0.8646,1
002166,莱茵生物,2026-06-30,2.3275,1.1030,65
002167,东方锆业,2025-12-31,27.6649,1.4739,41
002167,东方锆业,2026-03-31,26.8626,-0.8023,1
002167,东方锆业,2026-06-30,33.8847,7.0221,52
002168,ST惠程,2025-12-31,19.3544,-1.0766,0
002168,ST惠程,2026-03-31,20.1489,0.7945,0
002168,ST惠程,2026-06-30,19.6300,-0.5189,0
002169,智光电气,2025-12-31,24.1286,1.0295,27
002169,智光电气,2026-03-31,23.8148,-0.3138,4
002169,智光电气,2026-06-30,23.8716,0.0568,83
002170,芭田股份,2025-12-31,8.6564,0.6827,148
002170,芭田股份,2026-03-31,2.9067,-5.7497,8
002170,芭田股份,2026-06-30,5.7432,2.8365,187
002171,楚江新材,2025-12-31,32.3417,-4.2501,100
002171,楚江新材,2026-03-31,29.9345,-2.4072,7
002171,楚江新材,2026-06-30,31.6546,1.7201,80
002172,澳洋健康,2025-12-31,31.7376,0.1176,49
002172,澳洋健康,2026-03-31,32.5942,0.8566,3
002172,澳洋健康,2026-06-30,31.6589,-0.9353,43
002173,创新医疗,2025-12-31,5.0140,0.0592,12
002173,创新医疗,2026-03-31,3.1565,-1.8575,5
002173,创新医疗,2026-06-30,3.3053,0.1488,9
002174,游族网络,2025-12-31,26.7768,3.8396,104
002174,游族网络,2026-03-31,23.3688,-3.4080,4
002174,游族网络,2026-06-30,25.0666,1.6978,102
002175,*ST东智,2025-12-31,21.9263,0.3343,11
002175,*ST东智,2026-03-31,22.3941,0.4678,0
002175,*ST东智,2026-06-30,22.2410,-0.1531,0
002176,江特电机,2025-12-31,22.6849,1.0280,117
002176,江特电机,2026-03-31,21.2686,-1.4163,5
002176,江特电机,2026-06-30,22.8302,1.5616,153
002177,御银股份,2025-12-31,5.9027,3.9258,15
002177,御银股份,2026-03-31,4.3467,-1.5560,2
002177,御银股份,2026-06-30,1.1558,-3.1909,15
002178,延华智能,2025-12-31,27.1318,-0.0758,5
002178,延华智能,2026-03-31,26.8864,-0.2454,0
002178,延华智能,2026-06-30,27.6276,0.7412,12
002179,中航光电,2025-12-31,60.2049,1.1426,561
002179,中航光电,2026-03-31,53.5400,-6.6649,48
002179,中航光电,2026-06-30,59.7368,6.1968,726
002180,奔图科技,2025-12-31,42.4317,-0.5530,205
002180,奔图科技,2026-03-31,37.0284,-5.4033,11
002180,奔图科技,2026-06-30,39.9453,2.9169,110
002181,粤传媒,2025-12-31,69.1913,1.1309,57
002181,粤传媒,2026-03-31,67.9864,-1.2049,0
002181,粤传媒,2026-06-30,70.1880,2.2016,42
002182,宝武镁业,2025-12-31,41.9293,4.8279,153
002182,宝武镁业,2026-03-31,37.9353,-3.9940,7
002182,宝武镁业,2026-06-30,36.2123,-1.7230,102
002183,怡亚通,2025-12-31,35.3623,-0.1491,38
002183,怡亚通,2026-03-31,33.2202,-2.1421,1
002183,怡亚通,2026-06-30,33.1950,-0.0252,48
002184,海得控制,2025-12-31,1.9529,-2.6285,24
002184,海得控制,2026-03-31,3.4702,1.5173,0
002184,海得控制,2026-06-30,4.0444,0.5742,13
002185,华天科技,2025-12-31,33.9868,1.4514,327
002185,华天科技,2026-03-31,30.6113,-3.3755,9
002185,华天科技,2026-06-30,31.1441,0.5328,405
002186,全聚德,2025-12-31,44.6810,0.2599,15
002186,全聚德,2026-03-31,44.9249,0.2439,2
002186,全聚德,2026-06-30,45.3470,0.4221,28
002187,广百股份,2025-12-31,61.8637,5.4669,5
002187,广百股份,2026-03-31,62.8799,1.0162,1
002187,广百股份,2026-06-30,63.6742,0.7943,31
002188,中天服务,2025-12-31,28.7105,0.7326,22
002188,中天服务,2026-03-31,26.0389,-2.6716,1
002188,中天服务,2026-06-30,29.1381,3.0992,55
002189,中光学,2025-12-31,43.7802,-1.9072,13
002189,中光学,2026-03-31,43.6379,-0.1423,0
002189,中光学,2026-06-30,43.7514,0.1135,16
002190,成飞集成,2025-12-31,51.7863,-1.3978,6
002190,成飞集成,2026-03-31,51.6660,-0.1203,0
002190,成飞集成,2026-06-30,51.4867,-0.1793,9
002191,劲嘉股份,2025-12-31,33.9039,-2.2529,13
002191,劲嘉股份,2026-03-31,33.6422,-0.2617,0
002191,劲嘉股份,2026-06-30,23.9594,-9.6828,9
002192,融捷股份,2025-12-31,31.5568,3.0767,86
002192,融捷股份,2026-03-31,30.9423,-0.6145,13
002192,融捷股份,2026-06-30,33.3130,2.3707,159
002193,ST如意,2025-12-31,32.1884,1.5447,15
002193,ST如意,2026-03-31,32.1160,-0.0724,0
002193,ST如意,2026-06-30,28.0362,-4.0798,0
002194,武汉凡谷,2025-12-31,4.0496,2.6695,44
002194,武汉凡谷,2026-03-31,1.9220,-2.1276,0
002194,武汉凡谷,2026-06-30,1.7379,-0.1841,25
002195,岩山科技,2025-12-31,15.6406,1.4429,288
002195,岩山科技,2026-03-31,13.1748,-2.4658,13
002195,岩山科技,2026-06-30,13.7389,0.5641,295
002196,方正电机,2025-12-31,13.1033,0.2988,17
002196,方正电机,2026-03-31,13.5216,0.4183,0
002196,方正电机,2026-06-30,12.8299,-0.6917,16
002197,证通电子,2025-12-31,3.7453,0.0000,0
002197,证通电子,2026-03-31,5.2439,1.4986,0
002197,证通电子,2026-06-30,6.7000,1.4561,38
002198,ST嘉应,2025-12-31,20.7187,-0.6174,16
002198,ST嘉应,2026-03-31,21.8229,1.1042,0
002198,ST嘉应,2026-06-30,22.7113,0.8884,0
002199,东晶电子,2025-12-31,36.8886,1.8957,0
002199,东晶电子,2026-03-31,35.9480,-0.9406,0
002199,东晶电子,2026-06-30,38.1802,2.2322,0
002200,交投生态,2025-12-31,27.4583,2.1212,0
002200,交投生态,2026-03-31,27.4583,0.0000,0
002200,交投生态,2026-06-30,27.4583,0.0000,0
002201,九鼎新材,2025-12-31,35.0983,-2.8496,10
002201,九鼎新材,2026-03-31,33.3466,-1.7517,1
002201,九鼎新材,2026-06-30,32.5136,-0.8330,12
002202,金风科技,2025-12-31,47.3300,-2.0948,623
002202,金风科技,2026-03-31,39.6364,-7.6936,96
002202,金风科技,2026-06-30,36.3229,-3.3135,488
002203,海亮股份,2025-12-31,54.9347,4.5966,249
002203,海亮股份,2026-03-31,48.5888,-6.3459,15
002203,海亮股份,2026-06-30,57.8241,9.2353,353
002204,大连重工,2025-12-31,64.5669,4.9746,162
002204,大连重工,2026-03-31,60.9215,-3.6454,7
002204,大连重工,2026-06-30,61.6768,0.7553,135
002205,国统股份,2025-12-31,36.1036,0.9849,9
002205,国统股份,2026-03-31,35.9284,-0.1752,0
002205,国统股份,2026-06-30,38.2901,2.3617,50
002206,海利得,2025-12-31,9.6502,0.9257,196
002206,海利得,2026-03-31,8.3776,-1.2726,6
002206,海利得,2026-06-30,10.3097,1.9321,102
002207,*ST准油,2025-12-31,30.1763,-0.8773,3
002207,*ST准油,2026-03-31,33.3060,3.1297,0
002207,*ST准油,2026-06-30,31.4802,-1.8258,0
002208,合肥城建,2025-12-31,61.9830,0.6489,17
002208,合肥城建,2026-03-31,60.4903,-1.4927,1
002208,合肥城建,2026-06-30,61.0246,0.5343,13
002209,达意隆,2025-12-31,27.0883,8.7100,83
002209,达意隆,2026-03-31,15.7379,-11.3504,8
002209,达意隆,2026-06-30,19.1048,3.3669,47
002210,飞马国际,2025-12-31,32.8926,-0.8767,15
002210,飞马国际,2026-03-31,34.2395,1.3469,0
002210,飞马国际,2026-06-30,32.9378,-1.3017,21
002211,ST宏达,2025-12-31,15.0611,-0.8271,0
002211,ST宏达,2026-03-31,17.4404,2.3793,0
002211,ST宏达,2026-06-30,17.1386,-0.3018,0
002212,天融信,2025-12-31,12.7558,1.1587,53
002212,天融信,2026-03-31,9.7368,-3.0190,0
002212,天融信,2026-06-30,9.8282,0.0914,64
002213,大为股份,2025-12-31,18.5837,3.0833,8
002213,大为股份,2026-03-31,16.5921,-1.9916,0
002213,大为股份,2026-06-30,21.5829,4.9908,27
002214,大立科技,2025-12-31,0.8002,-1.0187,0
002214,大立科技,2026-03-31,0.8267,0.0265,0
002214,大立科技,2026-06-30,0.8011,-0.0256,0
002215,诺普信,2025-12-31,18.9740,0.1832,116
002215,诺普信,2026-03-31,17.3818,-1.5922,6
002215,诺普信,2026-06-30,19.7000,2.3182,110
002216,三全食品,2025-12-31,44.4098,3.8993,118
002216,三全食品,2026-03-31,40.9388,-3.4710,1
002216,三全食品,2026-06-30,44.8796,3.9408,186
002217,ST合力泰,2025-12-31,40.6753,-4.1734,0
002217,ST合力泰,2026-03-31,37.5036,-3.1717,0
002217,ST合力泰,2026-06-30,31.5936,-5.9100,1
002218,拓日新能,2025-12-31,42.5220,0.0368,10
002218,拓日新能,2026-03-31,40.2538,-2.2682,1
002218,拓日新能,2026-06-30,41.0894,0.8356,44
002219,新里程,2025-12-31,39.7292,-1.7805,27
002219,新里程,2026-03-31,41.4305,1.7013,1
002219,新里程,2026-06-30,40.5074,-0.9231,19
002221,东华能源,2025-12-31,46.0371,1.5752,40
002221,东华能源,2026-03-31,45.7526,-0.2845,17
002221,东华能源,2026-06-30,46.7226,0.9700,85
002222,福晶科技,2025-12-31,43.4902,7.0577,433
002222,福晶科技,2026-03-31,34.8725,-8.6177,56
002222,福晶科技,2026-06-30,32.9724,-1.9001,374
002223,鱼跃医疗,2025-12-31,47.0393,7.1922,464
002223,鱼跃医疗,2026-03-31,43.8280,-3.2113,34
002223,鱼跃医疗,2026-06-30,45.9108,2.0828,356
002224,三力士,2025-12-31,2.4711,0.3273,19
002224,三力士,2026-03-31,0.8727,-1.5984,0
002224,三力士,2026-06-30,1.1120,0.2393,12
002225,濮耐股份,2025-12-31,12.9635,0.8350,100
002225,濮耐股份,2026-03-31,9.7563,-3.2072,8
002225,濮耐股份,2026-06-30,10.4907,0.7344,50
002226,江南化工,2025-12-31,64.6148,2.1477,48
002226,江南化工,2026-03-31,62.4659,-2.1489,0
002226,江南化工,2026-06-30,62.6616,0.1957,35
002227,*ST特迅,2025-12-31,53.3012,0.0065,3
002227,*ST特迅,2026-03-31,55.2412,1.9400,1
002227,*ST特迅,2026-06-30,56.1796,0.9384,0
002228,合兴包装,2025-12-31,43.5849,-0.1547,9
002228,合兴包装,2026-03-31,44.1216,0.5367,0
002228,合兴包装,2026-06-30,45.1148,0.9932,72
002229,鸿博股份,2025-12-31,1.5398,-0.8602,3
002229,鸿博股份,2026-03-31,6.2607,4.7209,1
002229,鸿博股份,2026-06-30,2.6476,-3.6131,0
002230,科大讯飞,2025-12-31,35.7883,4.0638,585
002230,科大讯飞,2026-03-31,30.3032,-5.4851,115
002230,科大讯飞,2026-06-30,27.3836,-2.9196,510
002232,启明信息,2025-12-31,56.5026,-0.2733,13
002232,启明信息,2026-03-31,56.4143,-0.0883,0
002232,启明信息,2026-06-30,57.4089,0.9946,29
002233,塔牌集团,2025-12-31,30.7812,13.1593,255
002233,塔牌集团,2026-03-31,24.4427,-6.3385,17
002233,塔牌集团,2026-06-30,30.0624,5.6197,189
002234,民和股份,2025-12-31,5.9268,3.1697,55
002234,民和股份,2026-03-31,3.3184,-2.6084,2
002234,民和股份,2026-06-30,4.5367,1.2183,32
002235,安妮股份,2025-12-31,3.1755,1.5923,9
002235,安妮股份,2026-03-31,4.2929,1.1174,0
002235,安妮股份,2026-06-30,2.2495,-2.0434,9
002236,大华股份,2025-12-31,24.7492,8.9890,678
002236,大华股份,2026-03-31,12.7688,-11.9804,32
002236,大华股份,2026-06-30,27.2924,14.5236,556
002237,恒邦股份,2025-12-31,37.1740,-3.4843,146
002237,恒邦股份,2026-03-31,36.9224,-0.2516,6
002237,恒邦股份,2026-06-30,38.6148,1.6924,136
002238,天威视讯,2025-12-31,76.4429,0.7727,27
002238,天威视讯,2026-03-31,75.6879,-0.7550,0
002238,天威视讯,2026-06-30,75.9902,0.3023,33
002239,奥特佳,2025-12-31,26.4997,2.0114,67
002239,奥特佳,2026-03-31,26.4288,-0.0709,1
002239,奥特佳,2026-06-30,26.4411,0.0123,53
002240,盛新锂能,2025-12-31,45.0461,19.1807,339
002240,盛新锂能,2026-03-31,36.1122,-8.9339,64
002240,盛新锂能,2026-06-30,38.6198,2.5076,294
002241,歌尔股份,2025-12-31,35.7684,1.3266,958
002241,歌尔股份,2026-03-31,24.7351,-11.0333,26
002241,歌尔股份,2026-06-30,25.9291,1.1940,475
002242,九阳股份,2025-12-31,73.8031,0.9848,71
002242,九阳股份,2026-03-31,72.3504,-1.4527,1
002242,九阳股份,2026-06-30,72.3148,-0.0356,35
002243,力合科创,2025-12-31,53.6878,-0.5362,64
002243,力合科创,2026-03-31,51.3678,-2.3200,0
002243,力合科创,2026-06-30,51.4041,0.0363,38
002244,滨江集团,2025-12-31,67.6966,0.6845,479
002244,滨江集团,2026-03-31,61.6744,-6.0222,49
002244,滨江集团,2026-06-30,68.6261,6.9517,444
002245,蔚蓝锂芯,2025-12-31,22.6304,1.5877,254
002245,蔚蓝锂芯,2026-03-31,18.5937,-4.0367,7
002245,蔚蓝锂芯,2026-06-30,36.2237,17.6300,426
002246,北化股份,2025-12-31,54.4064,1.4206,158
002246,北化股份,2026-03-31,53.6108,-0.7956,17
002246,北化股份,2026-06-30,57.1612,3.5504,128
002247,聚力文化,2025-12-31,9.4418,2.7859,47
002247,聚力文化,2026-03-31,8.5292,-0.9126,0
002247,聚力文化,2026-06-30,6.8229,-1.7063,45
002248,华东数控,2025-12-31,25.0730,3.0823,29
002248,华东数控,2026-03-31,22.9101,-2.1629,2
002248,华东数控,2026-06-30,22.1502,-0.7599,28
002249,大洋电机,2025-12-31,9.6003,-0.9335,70
002249,大洋电机,2026-03-31,5.4796,-4.1207,2
002249,大洋电机,2026-06-30,6.2665,0.7869,83
002250,联化科技,2025-12-31,12.0004,3.9341,84
002250,联化科技,2026-03-31,12.1794,0.1790,14
002250,联化科技,2026-06-30,12.6409,0.4615,185
002251,步步高,2025-12-31,28.7629,0.5849,38
002251,步步高,2026-03-31,27.2136,-1.5493,0
002251,步步高,2026-06-30,27.1568,-0.0568,47
002252,上海莱士,2025-12-31,59.3618,5.2392,301
002252,上海莱士,2026-03-31,54.3180,-5.0438,14
002252,上海莱士,2026-06-30,56.1957,1.8777,232
002253,川大智胜,2025-12-31,14.5289,-1.5963,0
002253,川大智胜,2026-03-31,14.5289,0.0000,0
002253,川大智胜,2026-06-30,14.5649,0.0360,2
002254,泰和新材,2025-12-31,41.0044,1.3805,44
002254,泰和新材,2026-03-31,42.4634,1.4590,0
002254,泰和新材,2026-06-30,42.1883,-0.2751,70
002255,海陆重工,2025-12-31,5.8850,3.0341,46
002255,海陆重工,2026-03-31,2.5476,-3.3374,0
002255,海陆重工,2026-06-30,1.4345,-1.1131,43
002256,兆新股份,2025-12-31,27.2371,-0.8596,9
002256,兆新股份,2026-03-31,25.1950,-2.0421,0
002256,兆新股份,2026-06-30,25.4536,0.2586,14
002258,利尔化学,2025-12-31,52.5672,5.3128,247
002258,利尔化学,2026-03-31,47.8153,-4.7519,7
002258,利尔化学,2026-06-30,49.9405,2.1252,108
002259,升达林业,2025-12-31,28.5207,0.1932,4
002259,升达林业,2026-03-31,30.2849,1.7642,0
002259,升达林业,2026-06-30,30.6317,0.3468,34
002261,拓维信息,2025-12-31,8.6981,3.3760,176
002261,拓维信息,2026-03-31,6.6822,-2.0159,42
002261,拓维信息,2026-06-30,6.2627,-0.4195,165
002262,恩华药业,2025-12-31,53.7355,10.5890,342
002262,恩华药业,2026-03-31,47.1313,-6.6042,30
002262,恩华药业,2026-06-30,51.7822,4.6509,221
002263,大东南,2025-12-31,29.8687,0.7149,27
002263,大东南,2026-03-31,29.8899,0.0212,3
002263,大东南,2026-06-30,28.4000,-1.4899,8
002264,新华都,2025-12-31,28.3347,-0.5571,12
002264,新华都,2026-03-31,28.2660,-0.0687,0
002264,新华都,2026-06-30,30.1594,1.8934,41
002265,建设工业,2025-12-31,80.3071,32.5616,123
002265,建设工业,2026-03-31,78.9698,-1.3373,3
002265,建设工业,2026-06-30,79.7853,0.8155,128
002266,浙富控股,2025-12-31,33.8853,-0.7826,169
002266,浙富控股,2026-03-31,33.3085,-0.5768,1
002266,浙富控股,2026-06-30,42.2518,8.9433,576
002267,陕天然气,2025-12-31,70.2775,0.4431,98
002267,陕天然气,2026-03-31,69.5403,-0.7372,3
002267,陕天然气,2026-06-30,69.7064,0.1661,103
002268,电科网安,2025-12-31,42.0409,1.6168,75
002268,电科网安,2026-03-31,38.9075,-3.1334,1
002268,电科网安,2026-06-30,40.3305,1.4230,70
002269,美邦服饰,2025-12-31,36.5725,-5.0394,4
002269,美邦服饰,2026-03-31,36.9700,0.3975,0
002269,美邦服饰,2026-06-30,36.2348,-0.7352,2
002270,华明装备,2025-12-31,72.5933,3.0481,165
002270,华明装备,2026-03-31,62.5864,-10.0069,6
002270,华明装备,2026-06-30,57.1908,-5.3956,152
002271,东方雨虹,2025-12-31,45.3291,11.5728,454
002271,东方雨虹,2026-03-31,36.6345,-8.6946,86
002271,东方雨虹,2026-06-30,42.4908,5.8563,628
002272,川润股份,2025-12-31,2.2926,1.3939,10
002272,川润股份,2026-03-31,2.6346,0.3420,0
002272,川润股份,2026-06-30,11.6226,8.9880,33
002273,水晶光电,2025-12-31,42.3168,5.4871,505
002273,水晶光电,2026-03-31,32.2738,-10.0430,45
002273,水晶光电,2026-06-30,33.4490,1.1752,735
002274,华昌化工,2025-12-31,40.7942,-0.1174,17
002274,华昌化工,2026-03-31,41.6934,0.8992,2
002274,华昌化工,2026-06-30,41.1873,-0.5061,58
002275,桂林三金,2025-12-31,66.9845,1.0244,55
002275,桂林三金,2026-03-31,66.8423,-0.1422,2
002275,桂林三金,2026-06-30,65.5108,-1.3315,43
002276,万马股份,2025-12-31,29.5294,0.9008,97
002276,万马股份,2026-03-31,30.8219,1.2925,7
002276,万马股份,2026-06-30,30.7244,-0.0975,58
002277,友阿股份,2025-12-31,35.7735,-0.0336,8
002277,友阿股份,2026-03-31,35.4236,-0.3499,0
002277,友阿股份,2026-06-30,32.5834,-2.8402,8
002278,神开股份,2025-12-31,16.6847,1.8306,6
002278,神开股份,2026-03-31,14.4940,-2.1907,1
002278,神开股份,2026-06-30,18.2486,3.7546,19
002279,久其软件,2025-12-31,16.3359,1.0372,53
002279,久其软件,2026-03-31,16.1271,-0.2088,0
002279,久其软件,2026-06-30,14.0770,-2.0501,20
002281,光迅科技,2025-12-31,55.4708,6.3380,594
002281,光迅科技,2026-03-31,48.3605,-7.1103,59
002281,光迅科技,2026-06-30,55.0547,6.6942,893
002282,博深股份,2025-12-31,35.2600,0.4876,42
002282,博深股份,2026-03-31,34.6741,-0.5859,0
002282,博深股份,2026-06-30,36.5186,1.8445,15
002283,天润工业,2025-12-31,21.4039,1.0846,63
002283,天润工业,2026-03-31,24.4869,3.0830,14
002283,天润工业,2026-06-30,30.3786,5.8917,272
002284,亚太股份,2025-12-31,51.5464,6.1964,268
002284,亚太股份,2026-03-31,45.1876,-6.3588,17
002284,亚太股份,2026-06-30,45.7460,0.5584,211
002285,世联行,2025-12-31,54.2230,0.4283,14
002285,世联行,2026-03-31,55.9469,1.7239,1
002285,世联行,2026-06-30,53.9475,-1.9994,36
002286,保龄宝,2025-12-31,21.3076,0.9493,70
002286,保龄宝,2026-03-31,22.9427,1.6351,0
002286,保龄宝,2026-06-30,24.1552,1.2125,40
002287,奇正藏药,2025-12-31,82.5223,-0.4758,29
002287,奇正藏药,2026-03-31,81.6959,-0.8264,2
002287,奇正藏药,2026-06-30,81.8936,0.1977,44
002288,*ST超华,2025-12-31,0.0014,0.0000,1
002288,*ST超华,2026-06-30,0.0014,,1
002289,宇顺电子,2025-12-31,32.8676,0.6483,0
002289,宇顺电子,2026-03-31,32.8676,0.0000,0
002289,宇顺电子,2026-06-30,32.8813,0.0137,3
002290,禾盛新材,2025-12-31,30.5669,3.6485,79
002290,禾盛新材,2026-03-31,27.5560,-3.0109,17
002290,禾盛新材,2026-06-30,34.8822,7.3262,205
002291,遥望科技,2025-12-31,15.6312,-1.8928,9
002291,遥望科技,2026-03-31,15.2414,-0.3898,0
002291,遥望科技,2026-06-30,15.1369,-0.1045,19
002292,奥飞娱乐,2025-12-31,15.2849,8.1562,160
002292,奥飞娱乐,2026-03-31,5.5834,-9.7015,4
002292,奥飞娱乐,2026-06-30,9.3424,3.7590,142
002293,罗莱生活,2025-12-31,44.3018,5.2673,305
002293,罗莱生活,2026-03-31,39.4365,-4.8653,21
002293,罗莱生活,2026-06-30,45.7497,6.3132,186
002294,信立泰,2025-12-31,78.2273,4.6870,487
002294,信立泰,2026-03-31,75.6872,-2.5401,143
002294,信立泰,2026-06-30,68.9260,-6.7612,312
002295,精艺股份,2025-12-31,33.7724,-0.3407,3
002295,精艺股份,2026-03-31,33.8297,0.0573,1
002295,精艺股份,2026-06-30,36.7117,2.8820,41
002296,辉煌科技,2025-12-31,1.3678,0.9124,72
002296,辉煌科技,2026-03-31,5.2729,3.9051,7
002296,辉煌科技,2026-06-30,4.9261,-0.3468,60
002297,博云新材,2025-12-31,26.5560,1.8424,43
002297,博云新材,2026-03-31,26.8883,0.3323,3
002297,博云新材,2026-06-30,31.6357,4.7474,125
002298,中电鑫龙,2025-12-31,3.1020,-1.7223,24
002298,中电鑫龙,2026-03-31,6.7494,3.6474,3
002298,中电鑫龙,2026-06-30,4.7517,-1.9977,17
002299,圣农发展,2025-12-31,61.5272,1.6202,346
002299,圣农发展,2026-03-31,60.7264,-0.8008,22
002299,圣农发展,2026-06-30,62.7064,1.9800,300
002300,太阳电缆,2025-12-31,56.0634,-2.1841,12
002300,太阳电缆,2026-03-31,51.0379,-5.0255,0
002300,太阳电缆,2026-06-30,51.5227,0.4848,18
002301,齐心集团,2025-12-31,38.4438,-6.4649,19
002301,齐心集团,2026-03-31,37.8782,-0.5656,0
002301,齐心集团,2026-06-30,43.6311,5.7529,48
002302,西部建设,2025-12-31,65.0338,0.9778,42
002302,西部建设,2026-03-31,63.9763,-1.0575,0
002302,西部建设,2026-06-30,63.9794,0.0031,17
002303,美盈森,2025-12-31,11.9539,5.1860,93
002303,美盈森,2026-03-31,3.8143,-8.1396,1
002303,美盈森,2026-06-30,3.9044,0.0901,18
002304,洋河股份,2025-12-31,77.8866,3.1511,357
002304,洋河股份,2026-03-31,74.8492,-3.0374,39
002304,洋河股份,2026-06-30,75.5228,0.6736,280
002305,*ST南置,2025-12-31,40.4937,0.0000,0
002305,*ST南置,2026-03-31,40.4937,0.0000,0
002305,*ST南置,2026-06-30,40.4937,0.0000,0
002306,ST云网,2025-12-31,19.1012,-0.0009,0
002306,ST云网,2026-03-31,19.5697,0.4685,0
002306,ST云网,2026-06-30,19.1311,-0.4386,0
002307,北新路桥,2025-12-31,47.2242,0.3149,16
002307,北新路桥,2026-03-31,46.8957,-0.3285,0
002307,北新路桥,2026-06-30,42.0381,-4.8576,7
002309,中利集团,2025-12-31,25.3216,-5.6573,13
002309,中利集团,2026-03-31,16.8601,-8.4615,0
002309,中利集团,2026-06-30,15.4216,-1.4385,1
002310,东方新能,2025-12-31,39.9257,-1.2307,1
002310,东方新能,2026-03-31,39.6135,-0.3122,0
002310,东方新能,2026-06-30,37.5062,-2.1073,3
002311,海大集团,2025-12-31,77.2262,4.0735,825
002311,海大集团,2026-03-31,70.6223,-6.6039,137
002311,海大集团,2026-06-30,75.4890,4.8667,675
002312,川发龙蟒,2025-12-31,32.6357,2.0973,215
002312,川发龙蟒,2026-03-31,30.9785,-1.6572,3
002312,川发龙蟒,2026-06-30,31.1660,0.1875,109
002313,日海智能,2025-12-31,43.6740,-1.1916,10
002313,日海智能,2026-03-31,44.4626,0.7886,0
002313,日海智能,2026-06-30,44.8433,0.3807,25
002314,南山控股,2025-12-31,42.5673,1.9068,128
002314,南山控股,2026-03-31,39.3393,-3.2280,2
002314,南山控股,2026-06-30,38.0378,-1.3015,13
002315,焦点科技,2025-12-31,25.5012,13.4061,232
002315,焦点科技,2026-03-31,11.2678,-14.2334,15
002315,焦点科技,2026-06-30,9.5319,-1.7359,143
002316,亚联发展,2025-12-31,14.3855,-1.7305,4
002316,亚联发展,2026-03-31,17.6918,3.3063,2
002316,亚联发展,2026-06-30,17.3857,-0.3061,21
002317,众生药业,2025-12-31,8.1907,-2.1882,130
002317,众生药业,2026-03-31,5.2687,-2.9220,7
002317,众生药业,2026-06-30,24.0205,18.7518,270
002318,久立特材,2025-12-31,63.1954,6.1075,461
002318,久立特材,2026-03-31,58.4529,-4.7425,74
002318,久立特材,2026-06-30,61.9625,3.5096,380
002319,乐通股份,2025-12-31,28.2272,1.1621,16
002319,乐通股份,2026-03-31,28.2763,0.0491,0
002319,乐通股份,2026-06-30,33.2667,4.9904,35
002320,海峡股份,2025-12-31,74.7016,0.6156,41
002320,海峡股份,2026-03-31,75.0545,0.3529,2
002320,海峡股份,2026-06-30,75.7301,0.6756,121
002321,华英农业,2025-12-31,57.4817,-1.0079,26
002321,华英农业,2026-03-31,56.1550,-1.3267,1
002321,华英农业,2026-06-30,56.6684,0.5134,23
002322,理工能科,2025-12-31,35.7650,-1.3827,36
002322,理工能科,2026-03-31,36.7726,1.0076,1
002322,理工能科,2026-06-30,40.1607,3.3881,31
002323,*ST雅博,2025-12-31,34.8919,-1.0068,6
002323,*ST雅博,2026-03-31,32.8515,-2.0404,0
002323,*ST雅博,2026-06-30,31.4890,-1.3625,0
002324,普利特,2025-12-31,9.0462,4.3984,173
002324,普利特,2026-03-31,3.4841,-5.5621,15
002324,普利特,2026-06-30,4.1544,0.6703,109
002326,永太科技,2025-12-31,7.0063,0.2543,71
002326,永太科技,2026-03-31,3.7261,-3.2802,1
002326,永太科技,2026-06-30,3.9275,0.2014,42
002327,富安娜,2025-12-31,16.7795,4.3911,86
002327,富安娜,2026-03-31,13.4728,-3.3067,2
002327,富安娜,2026-06-30,19.0485,5.5757,74
002328,新朋股份,2025-12-31,1.2683,,50
002328,新朋股份,2026-03-31,1.2134,-0.0549,2
002328,新朋股份,2026-06-30,10.4696,9.2562,116
002329,皇氏集团,2025-12-31,0.8297,-1.8270,3
002329,皇氏集团,2026-03-31,3.1950,2.3653,1
002329,皇氏集团,2026-06-30,2.7622,-0.4328,26
002330,得利斯,2025-12-31,47.3433,-0.4446,24
002330,得利斯,2026-03-31,48.8181,1.4748,1
002330,得利斯,2026-06-30,49.1448,0.3267,53
002331,皖通科技,2025-12-31,33.8442,2.0999,39
002331,皖通科技,2026-03-31,32.3440,-1.5002,0
002331,皖通科技,2026-06-30,32.7070,0.3630,31
002332,仙琚制药,2025-12-31,28.5057,-0.4219,48
002332,仙琚制药,2026-03-31,26.7239,-1.7818,0
002332,仙琚制药,2026-06-30,27.7645,1.0406,51
002333,罗普斯金,2025-12-31,63.3373,1.3212,31
002333,罗普斯金,2026-03-31,62.7833,-0.5540,1
002333,罗普斯金,2026-06-30,62.6750,-0.1083,17
002334,英威腾,2025-12-31,6.6667,-0.0374,73
002334,英威腾,2026-03-31,2.9722,-3.6945,1
002334,英威腾,2026-06-30,3.5851,0.6129,25
002335,科华数据,2025-12-31,34.2356,2.8685,316
002335,科华数据,2026-03-31,25.5101,-8.7255,18
002335,科华数据,2026-06-30,29.6865,4.1764,258
002337,赛象科技,2025-12-31,34.5471,-0.1086,29
002337,赛象科技,2026-03-31,33.3841,-1.1630,0
002337,赛象科技,2026-06-30,34.5955,1.2114,35
002338,奥普光电,2025-12-31,58.7813,1.4045,69
002338,奥普光电,2026-03-31,52.7983,-5.9830,6
002338,奥普光电,2026-06-30,58.6027,5.8044,199
002339,积成电子,2025-12-31,17.4575,-0.0898,17
002339,积成电子,2026-03-31,19.7006,2.2431,2
002339,积成电子,2026-06-30,21.0317,1.3311,29
002340,格林美,2025-12-31,24.5589,6.5058,498
002340,格林美,2026-03-31,16.0626,-8.4963,36
002340,格林美,2026-06-30,18.1258,2.0632,388
002342,巨力索具,2025-12-31,22.8320,2.6872,9
002342,巨力索具,2026-03-31,22.9389,0.1069,1
002342,巨力索具,2026-06-30,23.4297,0.4908,34
002343,慈文传媒,2025-12-31,22.6122,0.3872,14
002343,慈文传媒,2026-03-31,22.2846,-0.3276,0
002343,慈文传媒,2026-06-30,24.4676,2.1830,51
002344,海宁皮城,2025-12-31,56.9470,0.2997,36
002344,海宁皮城,2026-03-31,57.2866,0.3396,1
002344,海宁皮城,2026-06-30,57.1088,-0.1778,35
002345,潮宏基,2025-12-31,65.9664,9.1183,350
002345,潮宏基,2026-03-31,52.9238,-13.0426,29
002345,潮宏基,2026-06-30,56.8220,3.8982,306
002346,柘中股份,2025-12-31,53.4984,0.7162,29
002346,柘中股份,2026-03-31,52.9084,-0.5900,1
002346,柘中股份,2026-06-30,47.1326,-5.7758,31
002347,泰尔股份,2025-12-31,3.2737,2.3764,1
002347,泰尔股份,2026-03-31,6.0566,2.7829,0
002347,泰尔股份,2026-06-30,4.3480,-1.7086,24
002348,高乐股份,2025-12-31,16.5930,0.2465,26
002348,高乐股份,2026-03-31,14.6766,-1.9164,0
002348,高乐股份,2026-06-30,15.0784,0.4018,46
002349,精华制药,2025-12-31,40.9027,1.3888,62
002349,精华制药,2026-03-31,40.9710,0.0683,6
002349,精华制药,2026-06-30,39.8240,-1.1470,26
002350,北京科锐,2025-12-31,43.2698,5.3139,21
002350,北京科锐,2026-03-31,42.8981,-0.3717,0
002350,北京科锐,2026-06-30,42.9732,0.0751,14
002351,漫步者,2025-12-31,6.2632,1.0081,50
002351,漫步者,2026-03-31,3.6678,-2.5954,6
002351,漫步者,2026-06-30,5.2414,1.5736,47
002352,顺丰控股,2025-12-31,67.3894,0.4924,766
002352,顺丰控股,2026-03-31,63.9555,-3.4339,132
002352,顺丰控股,2026-06-30,63.7704,-0.1851,647
002353,杰瑞股份,2025-12-31,34.0946,8.9620,816
002353,杰瑞股份,2026-03-31,27.7075,-6.3871,260
002353,杰瑞股份,2026-06-30,37.4758,9.7683,1342
002354,天娱数科,2025-12-31,8.4809,2.3767,79
002354,天娱数科,2026-03-31,5.6085,-2.8724,3
002354,天娱数科,2026-06-30,8.3381,2.7296,69
002355,兴民智通,2025-12-31,15.9164,-1.4273,9
002355,兴民智通,2026-03-31,17.4894,1.5730,1
002355,兴民智通,2026-06-30,11.7901,-5.6993,14
002356,鹏飞绿能,2025-12-31,33.9445,-6.0947,17
002356,鹏飞绿能,2026-03-31,30.0586,-3.8859,0
002356,鹏飞绿能,2026-06-30,29.7925,-0.2661,3
002357,富临运业,2025-12-31,35.4860,3.7564,55
002357,富临运业,2026-03-31,34.1596,-1.3264,2
002357,富临运业,2026-06-30,32.8994,-1.2602,30
002358,森源电气,2025-12-31,30.9263,-1.5786,49
002358,森源电气,2026-03-31,29.9137,-1.0126,1
002358,森源电气,2026-06-30,29.4456,-0.4681,28
002361,神剑股份,2025-12-31,10.3279,0.5395,10
002361,神剑股份,2026-03-31,12.7831,2.4552,1
002361,神剑股份,2026-06-30,10.3591,-2.4240,25
002362,汉王科技,2025-12-31,9.1173,-5.4416,12
002362,汉王科技,2026-03-31,7.9186,-1.1987,0
002362,汉王科技,2026-06-30,7.9601,0.0415,11
002363,隆基机械,2025-12-31,43.8454,1.5681,16
002363,隆基机械,2026-03-31,43.3624,-0.4830,0
002363,隆基机械,2026-06-30,43.0203,-0.3421,25
002364,中恒电气,2025-12-31,45.0970,2.7853,119
002364,中恒电气,2026-03-31,39.3788,-5.7182,5
002364,中恒电气,2026-06-30,44.5360,5.1572,177
002365,永安药业,2025-12-31,9.5448,1.0910,55
002365,永安药业,2026-03-31,10.0824,0.5376,0
002365,永安药业,2026-06-30,5.8501,-4.2323,42
002366,融发核电,2025-12-31,14.0988,-1.1573,2
002366,融发核电,2026-03-31,37.4008,23.3020,0
002366,融发核电,2026-06-30,37.3987,-0.0021,1
002367,康力电梯,2025-12-31,14.1303,5.4676,165
002367,康力电梯,2026-03-31,10.9628,-3.1675,1
002367,康力电梯,2026-06-30,9.1328,-1.8300,37
002368,太极股份,2025-12-31,44.2737,0.1428,91
002368,太极股份,2026-03-31,40.2807,-3.9930,1
002368,太极股份,2026-06-30,41.4346,1.1539,65
002369,卓翼科技,2025-12-31,4.5322,-0.7858,4
002369,卓翼科技,2026-03-31,4.5060,-0.0262,0
002369,卓翼科技,2026-06-30,6.1507,1.6447,20
002370,亚太药业,2025-12-31,15.1428,0.0690,15
002370,亚太药业,2026-03-31,15.0873,-0.0555,0
002370,亚太药业,2026-06-30,15.7312,0.6439,3
002371,北方华创,2025-12-31,77.7790,4.6274,1520
002371,北方华创,2026-03-31,72.7336,-5.0454,483
002371,北方华创,2026-06-30,77.3536,4.6200,2040
002372,伟星新材,2025-12-31,66.4230,3.6781,241
002372,伟星新材,2026-03-31,63.7941,-2.6289,10
002372,伟星新材,2026-06-30,64.9678,1.1737,109
002373,千方科技,2025-12-31,36.7093,3.9424,162
002373,千方科技,2026-03-31,30.9798,-5.7295,6
002373,千方科技,2026-06-30,31.0475,0.0677,118
002374,中锐股份,2025-12-31,19.3851,0.6126,7
002374,中锐股份,2026-03-31,18.7725,-0.6126,0
002374,中锐股份,2026-06-30,18.7773,0.0048,4
002375,亚厦股份,2025-12-31,37.1033,0.5224,45
002375,亚厦股份,2026-03-31,36.4353,-0.6680,1
002375,亚厦股份,2026-06-30,36.4410,0.0057,66
002376,新北洋,2025-12-31,30.4416,0.9431,73
002376,新北洋,2026-03-31,27.8519,-2.5897,1
002376,新北洋,2026-06-30,30.0027,2.1508,118
002377,国创高新,2025-12-31,19.3492,0.7511,26
002377,国创高新,2026-03-31,21.1987,1.8495,3
002377,国创高新,2026-06-30,19.3127,-1.8860,29
002378,章源钨业,2025-12-31,61.9925,-0.4580,85
002378,章源钨业,2026-03-31,61.8235,-0.1690,13
002378,章源钨业,2026-06-30,59.7526,-2.0709,149
002379,宏桥控股,2025-12-31,44.8540,7.6813,304
002379,宏桥控股,2026-03-31,47.5195,2.6655,119
002379,宏桥控股,2026-06-30,46.8655,-0.6540,321
002380,科远智慧,2025-12-31,13.9642,5.6030,102
002380,科远智慧,2026-03-31,10.0490,-3.9152,4
002380,科远智慧,2026-06-30,15.1051,5.0561,155
002381,双箭股份,2025-12-31,13.5542,2.0446,47
002381,双箭股份,2026-03-31,13.5128,-0.0414,2
002381,双箭股份,2026-06-30,15.1720,1.6592,83
002382,蓝帆医疗,2025-12-31,28.9800,2.1657,34
002382,蓝帆医疗,2026-03-31,30.4476,1.4676,8
002382,蓝帆医疗,2026-06-30,30.3960,-0.0516,54
002383,合众思壮,2025-12-31,21.7561,-0.5551,7
002383,合众思壮,2026-03-31,21.3342,-0.4219,0
002383,合众思壮,2026-06-30,21.1895,-0.1447,16
002384,东山精密,2025-12-31,40.8217,16.8413,1139
002384,东山精密,2026-03-31,29.8579,-10.9638,425
002384,东山精密,2026-06-30,32.1148,2.2569,2069
002385,大北农,2025-12-31,9.9296,1.1380,132
002385,大北农,2026-03-31,8.6820,-1.2476,13
002385,大北农,2026-06-30,7.1480,-1.5340,61
002386,天原股份,2025-12-31,38.6213,-0.4048,51
002386,天原股份,2026-03-31,37.9013,-0.7200,3
002386,天原股份,2026-06-30,35.9156,-1.9857,19
002387,维信诺,2025-12-31,58.2936,-0.4200,14
002387,维信诺,2026-03-31,58.2645,-0.0291,5
002387,维信诺,2026-06-30,58.4266,0.1621,11
002388,新亚制程,2025-12-31,12.0241,-5.5843,0
002388,新亚制程,2026-03-31,13.5464,1.5223,0
002388,新亚制程,2026-06-30,13.2490,-0.2974,25
002389,航天彩虹,2025-12-31,46.7285,2.6945,199
002389,航天彩虹,2026-03-31,40.0081,-6.7204,21
002389,航天彩虹,2026-06-30,42.5851,2.5770,192
002390,信邦制药,2025-12-31,40.7180,0.7289,37
002390,信邦制药,2026-03-31,39.8830,-0.8350,0
002390,信邦制药,2026-06-30,40.0957,0.2127,72
002391,长青股份,2025-12-31,6.3600,1.0172,30
002391,长青股份,2026-03-31,7.4669,1.1069,2
002391,长青股份,2026-06-30,8.4433,0.9764,102
002392,北京利尔,2025-12-31,6.8678,0.4197,71
002392,北京利尔,2026-03-31,4.5958,-2.2720,3
002392,北京利尔,2026-06-30,6.1009,1.5051,51
002393,力生制药,2025-12-31,54.8948,1.7570,36
002393,力生制药,2026-03-31,53.5597,-1.3351,0
002393,力生制药,2026-06-30,55.3569,1.7972,23
002394,联发股份,2025-12-31,46.1119,0.1102,28
002394,联发股份,2026-03-31,43.6512,-2.4607,0
002394,联发股份,2026-06-30,47.9948,4.3436,45
002395,双象股份,2025-12-31,64.7267,0.1285,15
002395,双象股份,2026-03-31,65.0316,0.3049,0
002395,双象股份,2026-06-30,65.2363,0.2047,16
002396,星网锐捷,2025-12-31,59.5838,11.4206,351
002396,星网锐捷,2026-03-31,44.9708,-14.6130,12
002396,星网锐捷,2026-06-30,47.0665,2.0957,286
002397,梦洁股份,2025-12-31,12.1509,-0.3715,22
002397,梦洁股份,2026-03-31,11.8855,-0.2654,0
002397,梦洁股份,2026-06-30,15.4757,3.5902,33
002398,垒知集团,2025-12-31,10.1596,2.3005,74
002398,垒知集团,2026-03-31,5.3889,-4.7707,1
002398,垒知集团,2026-06-30,8.0231,2.6342,85
002399,海普瑞,2025-12-31,81.4250,1.2591,89
002399,海普瑞,2026-03-31,80.0601,-1.3649,0
002399,海普瑞,2026-06-30,80.6455,0.5854,54
002400,省广集团,2025-12-31,22.5476,0.1646,54
002400,省广集团,2026-03-31,23.5876,1.0400,7
002400,省广集团,2026-06-30,21.9165,-1.6711,68
002401,中远海科,2025-12-31,51.6355,0.3803,36
002401,中远海科,2026-03-31,51.9085,0.2730,4
002401,中远海科,2026-06-30,51.9322,0.0237,60
002402,和而泰,2025-12-31,11.4786,1.3290,259
002402,和而泰,2026-03-31,6.9242,-4.5544,39
002402,和而泰,2026-06-30,8.4157,1.4915,299
002403,爱仕达,2025-12-31,45.9077,-0.4435,3
002403,爱仕达,2026-03-31,45.8636,-0.0441,0
002403,爱仕达,2026-06-30,46.9449,1.0813,22
002404,嘉欣丝绸,2025-12-31,32.1381,2.7800,79
002404,嘉欣丝绸,2026-03-31,31.2381,-0.9000,2
002404,嘉欣丝绸,2026-06-30,32.0032,0.7651,57
002405,四维图新,2025-12-31,23.6556,4.5421,197
002405,四维图新,2026-03-31,20.4580,-3.1976,13
002405,四维图新,2026-06-30,24.2383,3.7803,227
002406,远东传动,2025-12-31,2.4398,1.8794,67
002406,远东传动,2026-03-31,2.3268,-0.1130,4
002406,远东传动,2026-06-30,1.9359,-0.3909,38
002407,多氟多,2025-12-31,19.5740,8.7300,360
002407,多氟多,2026-03-31,10.3684,-9.2056,21
002407,多氟多,2026-06-30,18.1861,7.8177,361
002408,齐翔腾达,2025-12-31,61.0033,0.6127,53
002408,齐翔腾达,2026-03-31,59.5443,-1.4590,3
002408,齐翔腾达,2026-06-30,59.1939,-0.3504,73
002409,雅克科技,2025-12-31,22.4832,10.2612,482
002409,雅克科技,2026-03-31,11.8232,-10.6600,23
002409,雅克科技,2026-06-30,16.8910,5.0678,518
002410,广联达,2025-12-31,24.3709,2.3836,482
002410,广联达,2026-03-31,14.4396,-9.9313,35
002410,广联达,2026-06-30,14.9037,0.4641,329
002412,汉森制药,2025-12-31,48.1460,-0.1098,35
002412,汉森制药,2026-03-31,47.8629,-0.2831,1
002412,汉森制药,2026-06-30,49.2170,1.3541,47
002413,雷科防务,2025-12-31,6.1675,2.1126,7
002413,雷科防务,2026-03-31,2.0058,-4.1617,4
002413,雷科防务,2026-06-30,3.4731,1.4673,22
002414,高德红外,2025-12-31,58.6783,5.0435,658
002414,高德红外,2026-03-31,54.1420,-4.5363,57
002414,高德红外,2026-06-30,55.5437,1.4017,538
002415,海康威视,2025-12-31,61.0503,3.3389,1112
002415,海康威视,2026-03-31,57.0341,-4.0162,193
002415,海康威视,2026-06-30,58.5985,1.5644,1232
002416,爱施德,2025-12-31,55.4204,1.1028,95
002416,爱施德,2026-03-31,55.8898,0.4694,7
002416,爱施德,2026-06-30,55.6246,-0.2652,150
002418,康盛股份,2025-12-31,29.4650,0.6389,27
002418,康盛股份,2026-03-31,24.4986,-4.9664,2
002418,康盛股份,2026-06-30,22.8969,-1.6017,22
002419,天虹股份,2025-12-31,56.0972,-0.8177,73
002419,天虹股份,2026-03-31,53.6159,-2.4813,3
002419,天虹股份,2026-06-30,53.3550,-0.2609,38
002420,毅昌科技,2025-12-31,27.8113,-0.4527,19
002420,毅昌科技,2026-03-31,27.6344,-0.1769,1
002420,毅昌科技,2026-06-30,28.1047,0.4703,29
002421,达实智能,2025-12-31,16.6251,-0.3152,29
002421,达实智能,2026-03-31,14.7769,-1.8482,1
002421,达实智能,2026-06-30,18.8403,4.0634,23
002422,科伦药业,2025-12-31,35.3853,7.9062,583
002422,科伦药业,2026-03-31,25.6666,-9.7187,116
002422,科伦药业,2026-06-30,37.6985,12.0319,790
002423,中粮资本,2025-12-31,72.1558,-0.0078,98
002423,中粮资本,2026-03-31,71.4756,-0.6802,2
002423,中粮资本,2026-06-30,71.8501,0.3745,94
002424,ST百灵,2025-12-31,15.1344,0.6753,0
002424,ST百灵,2026-03-31,14.1820,-0.9524,0
002424,ST百灵,2026-06-30,15.0519,0.8699,0
002425,凯撒文化,2025-12-31,19.1238,-4.2856,0
002425,凯撒文化,2026-03-31,19.1249,0.0011,1
002425,凯撒文化,2026-06-30,20.6216,1.4967,28
002426,胜利精密,2025-12-31,13.4889,1.1453,29
002426,胜利精密,2026-03-31,11.3819,-2.1070,0
002426,胜利精密,2026-06-30,15.7094,4.3275,24
002427,尤夫股份,2025-12-31,65.7992,0.0418,15
002427,尤夫股份,2026-03-31,65.7699,-0.0293,0
002427,尤夫股份,2026-06-30,65.2290,-0.5409,13
002428,云南锗业,2025-12-31,29.7017,3.8752,126
002428,云南锗业,2026-03-31,25.7805,-3.9212,17
002428,云南锗业,2026-06-30,29.3294,3.5489,316
002429,兆驰股份,2025-12-31,60.8452,-0.9548,150
002429,兆驰股份,2026-03-31,55.7580,-5.0872,12
002429,兆驰股份,2026-06-30,57.2845,1.5265,244
002430,杭氧股份,2025-12-31,73.8422,4.5205,256
002430,杭氧股份,2026-03-31,72.1719,-1.6703,10
002430,杭氧股份,2026-06-30,71.0813,-1.0906,179
002431,ST棕榈,2025-12-31,40.5866,0.3691,9
002431,ST棕榈,2026-03-31,41.8653,1.2787,0
002431,ST棕榈,2026-06-30,40.2183,-1.6470,0
002432,九安医疗,2025-12-31,41.4828,5.3127,213
002432,九安医疗,2026-03-31,40.9421,-0.5407,51
002432,九安医疗,2026-06-30,48.3353,7.3932,373
002434,万里扬,2025-12-31,62.3012,-0.8008,85
002434,万里扬,2026-03-31,56.5369,-5.7643,0
002434,万里扬,2026-06-30,54.1859,-2.3510,51
002435,ST长康,2025-12-31,0.0009,0.0000,1
002435,ST长康,2026-06-30,0.0009,,1
002436,兴森科技,2025-12-31,11.4241,2.8718,508
002436,兴森科技,2026-03-31,3.8740,-7.5501,17
002436,兴森科技,2026-06-30,18.9176,15.0436,687
002437,誉衡药业,2025-12-31,18.7742,0.0575,33
002437,誉衡药业,2026-03-31,16.6451,-2.1291,3
002437,誉衡药业,2026-06-30,14.7061,-1.9390,29
002438,江苏神通,2025-12-31,23.4364,0.3246,55
002438,江苏神通,2026-03-31,24.0191,0.5827,4
002438,江苏神通,2026-06-30,24.4958,0.4767,55
002439,启明星辰,2025-12-31,6.7123,1.2222,146
002439,启明星辰,2026-03-31,4.3137,-2.3986,6
002439,启明星辰,2026-06-30,3.9069,-0.4068,118
002440,闰土股份,2025-12-31,9.0847,5.2638,129
002440,闰土股份,2026-03-31,6.8233,-2.2614,12
002440,闰土股份,2026-06-30,15.0435,8.2202,151
002441,众业达,2025-12-31,10.0311,2.3019,118
002441,众业达,2026-03-31,6.9383,-3.0928,0
002441,众业达,2026-06-30,9.3790,2.4407,70
002442,龙星科技,2025-12-31,22.1085,-0.1926,32
002442,龙星科技,2026-03-31,20.5902,-1.5183,1
002442,龙星科技,2026-06-30,20.4116,-0.1786,28
002443,金洲管道,2025-12-31,25.2056,0.7563,65
002443,金洲管道,2026-03-31,24.9505,-0.2551,1
002443,金洲管道,2026-06-30,24.2816,-0.6689,93
002444,巨星科技,2025-12-31,63.0421,8.7261,651
002444,巨星科技,2026-03-31,53.2302,-9.8119,35
002444,巨星科技,2026-06-30,59.4992,6.2690,532
002445,中南文化,2025-12-31,41.5651,0.5776,19
002445,中南文化,2026-03-31,41.0591,-0.5060,0
002445,中南文化,2026-06-30,41.4618,0.4027,16
002446,盛路通信,2025-12-31,7.6471,3.0118,67
002446,盛路通信,2026-03-31,8.5290,0.8819,4
002446,盛路通信,2026-06-30,5.9441,-2.5849,55
002448,中原内配,2025-12-31,9.8157,3.9643,142
002448,中原内配,2026-03-31,7.1052,-2.7105,12
002448,中原内配,2026-06-30,8.7516,1.6464,123
002449,国星光电,2025-12-31,23.3079,0.9085,46
002449,国星光电,2026-03-31,22.8455,-0.4624,1
002449,国星光电,2026-06-30,23.1041,0.2586,33
002451,摩恩电气,2025-12-31,3.3324,-2.5424,10
002451,摩恩电气,2026-03-31,1.1994,-2.1330,0
002451,摩恩电气,2026-06-30,2.9500,1.7506,34
002452,长高电气,2025-12-31,10.6223,6.9219,132
002452,长高电气,2026-03-31,9.7021,-0.9202,5
002452,长高电气,2026-06-30,15.6117,5.9096,69
002453,华软科技,2025-12-31,25.0501,1.3487,9
002453,华软科技,2026-03-31,26.2029,1.1528,0
002453,华软科技,2026-06-30,23.0553,-3.1476,2
002454,松芝股份,2025-12-31,6.5297,1.7885,138
002454,松芝股份,2026-03-31,5.0737,-1.4560,8
002454,松芝股份,2026-06-30,6.2537,1.1800,85
002455,百川股份,2025-12-31,0.4740,-1.0548,9
002455,百川股份,2026-03-31,1.7835,1.3095,2
002455,百川股份,2026-06-30,5.7767,3.9932,52
002456,欧菲光,2025-12-31,19.2849,1.4032,182
002456,欧菲光,2026-03-31,15.5316,-3.7533,9
002456,欧菲光,2026-06-30,16.0668,0.5352,145
002457,青龙管业,2025-12-31,21.0960,1.4133,15
002457,青龙管业,2026-03-31,22.7179,1.6219,2
002457,青龙管业,2026-06-30,22.0384,-0.6795,11
002458,益生股份,2025-12-31,18.3130,4.4763,80
002458,益生股份,2026-03-31,14.4406,-3.8724,3
002458,益生股份,2026-06-30,19.3266,4.8860,237
002459,晶澳科技,2025-12-31,70.4986,4.9343,399
002459,晶澳科技,2026-03-31,62.6010,-7.8976,15
002459,晶澳科技,2026-06-30,63.9241,1.3231,224
002460,赣锋锂业,2025-12-31,20.0666,4.4628,607
002460,赣锋锂业,2026-03-31,16.9130,-3.1536,161
002460,赣锋锂业,2026-06-30,17.0866,0.1736,783
002461,珠江啤酒,2025-12-31,88.3936,0.9321,196
002461,珠江啤酒,2026-03-31,86.5646,-1.8290,5
002461,珠江啤酒,2026-06-30,87.6051,1.0405,129
002462,嘉事堂,2025-12-31,42.9075,0.4914,18
002462,嘉事堂,2026-03-31,41.8603,-1.0472,0
002462,嘉事堂,2026-06-30,41.0610,-0.7993,26
002463,沪电股份,2025-12-31,63.5771,4.1220,1406
002463,沪电股份,2026-03-31,54.9400,-8.6371,293
002463,沪电股份,2026-06-30,58.4198,3.4798,1671
002465,海格通信,2025-12-31,39.5091,4.5014,354
002465,海格通信,2026-03-31,35.0280,-4.4811,37
002465,海格通信,2026-06-30,38.7264,3.6984,391
002466,天齐锂业,2025-12-31,45.4670,5.3851,615
002466,天齐锂业,2026-03-31,40.1098,-5.3572,67
002466,天齐锂业,2026-06-30,41.6896,1.5798,726
002467,二六三,2025-12-31,0.8464,0.2120,48
002467,二六三,2026-03-31,3.7571,2.9107,0
002467,二六三,2026-06-30,0.8491,-2.9080,25
002468,申通快递,2025-12-31,67.6164,2.0062,208
002468,申通快递,2026-03-31,64.6337,-2.9827,44
002468,申通快递,2026-06-30,66.3658,1.7321,270
002469,三维化学,2025-12-31,43.0248,2.9042,60
002469,三维化学,2026-03-31,37.4687,-5.5561,6
002469,三维化学,2026-06-30,39.9443,2.4756,34
002470,金正大,2025-12-31,36.3101,1.9624,15
002470,金正大,2026-03-31,38.2870,1.9769,0
002470,金正大,2026-06-30,36.1915,-2.0955,5
002471,中超控股,2025-12-31,23.0392,4.7579,9
002471,中超控股,2026-03-31,17.1098,-5.9294,0
002471,中超控股,2026-06-30,18.5425,1.4327,12
002472,双环传动,2025-12-31,38.3785,4.0553,433
002472,双环传动,2026-03-31,24.5999,-13.7786,37
002472,双环传动,2026-06-30,27.7230,3.1231,300
002474,榕基软件,2025-12-31,4.6725,2.1647,25
002474,榕基软件,2026-03-31,5.3730,0.7005,0
002474,榕基软件,2026-06-30,3.5104,-1.8626,10
002475,立讯精密,2025-12-31,62.5936,3.5699,2119
002475,立讯精密,2026-03-31,53.2086,-9.3850,691
002475,立讯精密,2026-06-30,58.4399,5.2313,2129
002476,新叶股份,2025-12-31,23.0863,0.8195,12
002476,新叶股份,2026-03-31,21.7882,-1.2981,0
002476,新叶股份,2026-06-30,22.5271,0.7389,33
002478,常宝股份,2025-12-31,21.6371,5.9152,156
002478,常宝股份,2026-03-31,15.3313,-6.3058,7
002478,常宝股份,2026-06-30,19.9109,4.5796,142
002479,富春环保,2025-12-31,41.8144,0.5606,47
002479,富春环保,2026-03-31,40.8064,-1.0080,4
002479,富春环保,2026-06-30,42.2852,1.4788,65
002480,新筑股份,2025-12-31,40.8565,0.5445,15
002480,新筑股份,2026-03-31,41.0401,0.1836,1
002480,新筑股份,2026-06-30,41.3389,0.2988,11
002481,双塔食品,2025-12-31,39.9561,-2.4800,25
002481,双塔食品,2026-03-31,39.8803,-0.0758,0
002481,双塔食品,2026-06-30,39.9045,0.0242,30
002482,广田集团,2025-12-31,53.5243,-2.5831,0
002482,广田集团,2026-03-31,52.9198,-0.6045,0
002482,广田集团,2026-06-30,53.3071,0.3873,7
002483,润邦股份,2025-12-31,49.8990,4.1580,152
002483,润邦股份,2026-03-31,47.1234,-2.7756,5
002483,润邦股份,2026-06-30,49.3915,2.2681,99
002484,江海股份,2025-12-31,48.0537,7.6298,253
002484,江海股份,2026-03-31,36.6315,-11.4222,10
002484,江海股份,2026-06-30,50.6489,14.0174,696
002485,ST雪发,2025-12-31,69.4068,0.0000,0
002485,ST雪发,2026-03-31,69.4068,0.0000,0
002485,ST雪发,2026-06-30,69.4068,0.0000,0
002486,嘉麟杰,2025-12-31,27.9563,1.4899,77
002486,嘉麟杰,2026-03-31,25.4285,-2.5278,4
002486,嘉麟杰,2026-06-30,25.1387,-0.2898,32
002487,大金重工,2025-12-31,60.2718,7.5577,557
002487,大金重工,2026-03-31,54.9586,-5.3132,128
002487,大金重工,2026-06-30,55.1218,0.1632,643
002488,金固股份,2025-12-31,32.0861,0.5754,96
002488,金固股份,2026-03-31,32.7122,0.6261,32
002488,金固股份,2026-06-30,37.9365,5.2243,228
002489,浙江永强,2025-12-31,47.5221,0.9649,118
002489,浙江永强,2026-03-31,44.5722,-2.9499,1
002489,浙江永强,2026-06-30,44.1422,-0.4300,17
002490,山东墨龙,2025-12-31,43.7478,-0.1827,7
002490,山东墨龙,2026-03-31,46.2009,2.4531,1
002490,山东墨龙,2026-06-30,44.8952,-1.3057,5
002491,通鼎互联,2025-12-31,39.9305,-1.1648,25
002491,通鼎互联,2026-03-31,41.2736,1.3431,4
002491,通鼎互联,2026-06-30,41.3317,0.0581,117
002492,恒基达鑫,2025-12-31,42.3923,-1.4669,16
002492,恒基达鑫,2026-03-31,42.6439,0.2516,0
002492,恒基达鑫,2026-06-30,46.1189,3.4750,34
002493,荣盛石化,2025-12-31,76.5423,3.1785,533
002493,荣盛石化,2026-03-31,74.4610,-2.0813,49
002493,荣盛石化,2026-06-30,78.0561,3.5951,758
002494,华斯股份,2025-12-31,9.5054,4.4403,70
002494,华斯股份,2026-03-31,8.3600,-1.1454,4
002494,华斯股份,2026-06-30,11.8014,3.4414,88
002495,佳隆股份,2025-12-31,0.9592,,19
002495,佳隆股份,2026-03-31,2.8318,1.8726,3
002495,佳隆股份,2026-06-30,1.3593,-1.4725,34
002496,辉丰股份,2025-12-31,2.5901,-0.1602,0
002496,辉丰股份,2026-03-31,2.5901,0.0000,0
002496,辉丰股份,2026-06-30,3.2254,0.6353,0
002497,雅化集团,2025-12-31,33.5649,24.9502,508
002497,雅化集团,2026-03-31,10.2118,-23.3531,53
002497,雅化集团,2026-06-30,23.4629,13.2511,486
002498,汉缆股份,2025-12-31,69.0375,0.6599,92
002498,汉缆股份,2026-03-31,69.1319,0.0944,5
002498,汉缆股份,2026-06-30,69.7569,0.6250,66
002500,山西证券,2025-12-31,59.1314,3.4657,170
002500,山西证券,2026-03-31,55.8207,-3.3107,3
002500,山西证券,2026-06-30,57.9517,2.1310,160
002501,*ST利源,2025-12-31,34.2557,-1.3318,5
002501,*ST利源,2026-03-31,33.6758,-0.5799,2
002501,*ST利源,2026-06-30,33.1748,-0.5010,1
002506,协鑫集成,2025-12-31,44.5027,5.0495,68
002506,协鑫集成,2026-03-31,30.9626,-13.5401,5
002506,协鑫集成,2026-06-30,31.8023,0.8397,101
002507,涪陵榨菜,2025-12-31,47.1486,3.5898,234
002507,涪陵榨菜,2026-03-31,41.2402,-5.9084,11
002507,涪陵榨菜,2026-06-30,44.2805,3.0403,150
002508,老板电器,2025-12-31,72.1028,5.9074,366
002508,老板电器,2026-03-31,64.6467,-7.4561,26
002508,老板电器,2026-06-30,69.2568,4.6101,270
002510,天汽模,2025-12-31,16.5342,15.9329,8
002510,天汽模,2026-03-31,16.4096,-0.1246,0
002510,天汽模,2026-06-30,15.9928,-0.4168,5
002511,中顺洁柔,2025-12-31,62.5861,2.3860,189
002511,中顺洁柔,2026-03-31,56.3984,-6.1877,7
002511,中顺洁柔,2026-06-30,57.9691,1.5707,115
002512,ST达华,2025-12-31,19.2983,0.3177,15
002512,ST达华,2026-03-31,16.8167,-2.4816,0
002512,ST达华,2026-06-30,17.0433,0.2266,0
002513,蓝丰生化,2025-12-31,22.9319,-3.9711,1
002513,蓝丰生化,2026-03-31,29.2111,6.2792,0
002513,蓝丰生化,2026-06-30,29.4097,0.1986,34
002514,*ST宝馨,2025-12-31,22.8249,1.2298,12
002514,*ST宝馨,2026-03-31,22.2184,-0.6065,0
002514,*ST宝馨,2026-06-30,20.6344,-1.5840,0
002515,金字火腿,2025-12-31,6.3125,0.1256,13
002515,金字火腿,2026-03-31,4.9721,-1.3404,0
002515,金字火腿,2026-06-30,12.0088,7.0367,96
002516,旷达科技,2025-12-31,38.1053,30.2819,98
002516,旷达科技,2026-03-31,35.9372,-2.1681,0
002516,旷达科技,2026-06-30,36.8132,0.8760,85
002517,恺英网络,2025-12-31,41.4246,6.5859,975
002517,恺英网络,2026-03-31,26.0127,-15.4119,83
002517,恺英网络,2026-06-30,27.6865,1.6738,618
002518,科士达,2025-12-31,77.9092,11.7634,410
002518,科士达,2026-03-31,68.9439,-8.9653,28
002518,科士达,2026-06-30,72.6225,3.6786,306
002519,银河电子,2025-12-31,24.9317,2.2686,8
002519,银河电子,2026-03-31,22.1636,-2.7681,0
002519,银河电子,2026-06-30,24.2456,2.0820,21
002520,日发精机,2025-12-31,26.2402,-1.0581,11
002520,日发精机,2026-03-31,24.5314,-1.7088,1
002520,日发精机,2026-06-30,28.2389,3.7075,15
002521,齐峰新材,2025-12-31,1.1663,,35
002521,齐峰新材,2026-03-31,1.2514,0.0851,2
002521,齐峰新材,2026-06-30,0.5473,-0.7041,30
002522,浙江众成,2025-12-31,26.1212,0.5865,30
002522,浙江众成,2026-03-31,25.3781,-0.7431,0
002522,浙江众成,2026-06-30,25.3186,-0.0595,13
002523,天桥起重,2025-12-31,41.1199,1.9368,54
002523,天桥起重,2026-03-31,39.7488,-1.3711,1
002523,天桥起重,2026-06-30,40.8179,1.0691,43
002524,光正眼科,2025-12-31,29.8945,2.2798,48
002524,光正眼科,2026-03-31,28.9661,-0.9284,0
002524,光正眼科,2026-06-30,29.2486,0.2825,38
002526,山东矿机,2025-12-31,1.4511,0.1770,21
002526,山东矿机,2026-03-31,1.5833,0.1322,1
002526,山东矿机,2026-06-30,1.6118,0.0285,11
002527,新时达,2025-12-31,21.1711,-1.6603,102
002527,新时达,2026-03-31,15.8814,-5.2897,2
002527,新时达,2026-06-30,15.1797,-0.7017,39
002528,*ST英飞,2025-12-31,48.4850,0.0001,0
002528,*ST英飞,2026-03-31,50.0237,1.5387,0
002528,*ST英飞,2026-06-30,50.0896,0.0659,0
002529,海源复材,2025-12-31,25.1235,0.0351,1
002529,海源复材,2026-03-31,25.1235,0.0000,1
002529,海源复材,2026-06-30,25.5271,0.4036,9
002530,金财互联,2025-12-31,22.2252,-0.2889,18
002530,金财互联,2026-03-31,22.0870,-0.1382,0
002530,金财互联,2026-06-30,21.3319,-0.7551,12
002531,天顺风能,2025-12-31,62.2819,4.9573,133
002531,天顺风能,2026-03-31,57.6982,-4.5837,9
002531,天顺风能,2026-06-30,60.0389,2.3407,181
002532,天山铝业,2025-12-31,48.0573,5.5752,872
002532,天山铝业,2026-03-31,40.1984,-7.8589,175
002532,天山铝业,2026-06-30,48.8124,8.6140,918
002533,金杯电工,2025-12-31,28.6450,2.6110,127
002533,金杯电工,2026-03-31,26.6714,-1.9736,3
002533,金杯电工,2026-06-30,28.2883,1.6169,96
002534,西子洁能,2025-12-31,78.4681,3.0111,107
002534,西子洁能,2026-03-31,74.1620,-4.3061,5
002534,西子洁能,2026-06-30,77.0740,2.9120,197
002535,林州重机,2025-12-31,0.1304,,13
002535,林州重机,2026-03-31,3.8361,3.7057,0
002535,林州重机,2026-06-30,2.1793,-1.6568,27
002536,飞龙股份,2025-12-31,42.2373,5.8698,193
002536,飞龙股份,2026-03-31,39.1290,-3.1083,15
002536,飞龙股份,2026-06-30,45.6025,6.4735,264
002537,海联金汇,2025-12-31,34.4900,0.2355,60
002537,海联金汇,2026-03-31,32.0073,-2.4827,1
002537,海联金汇,2026-06-30,32.3612,0.3539,51
002538,ST司特,2025-12-31,35.0438,0.2695,15
002538,ST司特,2026-03-31,34.1379,-0.9059,0
002538,ST司特,2026-06-30,32.5183,-1.6196,0
002539,云图控股,2025-12-31,16.5048,2.8360,167
002539,云图控股,2026-03-31,16.1072,-0.3976,28
002539,云图控股,2026-06-30,21.0625,4.9553,215
002540,亚太科技,2025-12-31,11.0609,-4.3808,82
002540,亚太科技,2026-03-31,7.4364,-3.6245,3
002540,亚太科技,2026-06-30,9.9312,2.4948,83
002541,鸿路钢构,2025-12-31,20.9728,3.8824,160
002541,鸿路钢构,2026-03-31,16.9673,-4.0055,25
002541,鸿路钢构,2026-06-30,27.7199,10.7526,231
002542,*ST中岩,2025-12-31,30.9204,0.4777,2
002542,*ST中岩,2026-03-31,30.9241,0.0037,0
002542,*ST中岩,2026-06-30,30.3392,-0.5849,0
002543,万和电气,2025-12-31,48.2956,-4.3494,63
002543,万和电气,2026-03-31,43.8077,-4.4879,1
002543,万和电气,2026-06-30,43.9546,0.1469,35
002544,普天科技,2025-12-31,46.3896,1.2208,204
002544,普天科技,2026-03-31,42.3996,-3.9900,6
002544,普天科技,2026-06-30,44.9244,2.5248,240
002545,东方铁塔,2025-12-31,17.2237,7.2194,366
002545,东方铁塔,2026-03-31,8.8838,-8.3399,22
002545,东方铁塔,2026-06-30,12.4314,3.5476,379
002546,新联电子,2025-12-31,39.6031,0.7182,66
002546,新联电子,2026-03-31,38.6831,-0.9200,1
002546,新联电子,2026-06-30,37.5849,-1.0982,21
002548,金新农,2025-12-31,37.6126,0.9467,25
002548,金新农,2026-03-31,34.5737,-3.0389,1
002548,金新农,2026-06-30,36.5523,1.9786,23
002549,凯美特气,2025-12-31,45.7806,-4.3177,27
002549,凯美特气,2026-03-31,45.0829,-0.6977,2
002549,凯美特气,2026-06-30,44.9299,-0.1530,40
002550,千红制药,2025-12-31,11.6557,2.8563,95
002550,千红制药,2026-03-31,8.5496,-3.1061,1
002550,千红制药,2026-06-30,7.6286,-0.9210,47
002551,尚荣医疗,2025-12-31,1.8160,0.8290,32
002551,尚荣医疗,2026-03-31,2.1014,0.2854,2
002551,尚荣医疗,2026-06-30,2.1481,0.0467,38
002552,宝鼎科技,2025-12-31,49.1311,7.7434,100
002552,宝鼎科技,2026-03-31,47.7366,-1.3945,2
002552,宝鼎科技,2026-06-30,55.1633,7.4267,195
002553,南方精工,2025-12-31,4.8583,0.0911,35
002553,南方精工,2026-03-31,0.2161,-4.6422,0
002553,南方精工,2026-06-30,1.7467,1.5306,11
002554,惠博普,2025-12-31,30.6994,0.1731,36
002554,惠博普,2026-03-31,31.4303,0.7309,1
002554,惠博普,2026-06-30,30.9975,-0.4328,19
002555,三七互娱,2025-12-31,28.6779,10.9001,610
002555,三七互娱,2026-03-31,19.9139,-8.7640,45
002555,三七互娱,2026-06-30,17.6657,-2.2482,353
002556,辉隆股份,2025-12-31,44.8323,5.9348,123
002556,辉隆股份,2026-03-31,43.9218,-0.9105,2
002556,辉隆股份,2026-06-30,43.8852,-0.0366,40
002557,洽洽食品,2025-12-31,59.6633,9.1598,204
002557,洽洽食品,2026-03-31,53.0272,-6.6361,33
002557,洽洽食品,2026-06-30,59.9163,6.8891,338
002558,巨人网络,2025-12-31,68.5909,5.2347,1037
002558,巨人网络,2026-03-31,62.6082,-5.9827,155
002558,巨人网络,2026-06-30,65.5497,2.9415,899
002559,亚威股份,2025-12-31,11.3379,-2.6407,27
002559,亚威股份,2026-03-31,9.6101,-1.7278,0
002559,亚威股份,2026-06-30,13.0627,3.4526,23
002560,通达股份,2025-12-31,6.9328,4.6305,101
002560,通达股份,2026-03-31,5.1213,-1.8115,8
002560,通达股份,2026-06-30,4.3134,-0.8079,39
002561,徐家汇,2025-12-31,40.1636,0.4758,24
002561,徐家汇,2026-03-31,39.6878,-0.4758,0
002561,徐家汇,2026-06-30,40.4627,0.7749,11
002562,兄弟科技,2025-12-31,3.4593,-0.3169,33
002562,兄弟科技,2026-03-31,3.6983,0.2390,4
002562,兄弟科技,2026-06-30,8.3862,4.6879,62
002563,森马服饰,2025-12-31,22.4839,2.4039,146
002563,森马服饰,2026-03-31,21.5241,-0.9598,9
002563,森马服饰,2026-06-30,26.1421,4.6180,287
002564,天沃科技,2025-12-31,29.6599,0.0817,12
002564,天沃科技,2026-03-31,30.2339,0.5740,1
002564,天沃科技,2026-06-30,30.6172,0.3833,17
002565,顺灏股份,2025-12-31,26.6219,2.7309,35
002565,顺灏股份,2026-03-31,24.4453,-2.1766,5
002565,顺灏股份,2026-06-30,25.9591,1.5138,33
002566,益盛药业,2025-12-31,0.7134,-0.1435,38
002566,益盛药业,2026-03-31,2.0067,1.2933,3
002566,益盛药业,2026-06-30,7.4894,5.4827,112
002567,唐人神,2025-12-31,25.2306,0.6155,34
002567,唐人神,2026-03-31,21.8731,-3.3575,4
002567,唐人神,2026-06-30,25.3291,3.4560,31
002568,百润股份,2025-12-31,20.9574,4.8132,220
002568,百润股份,2026-03-31,12.0994,-8.8580,19
002568,百润股份,2026-06-30,16.6479,4.5485,202
002569,*ST步森,2025-12-31,20.0625,-0.0076,0
002569,*ST步森,2026-03-31,20.0625,0.0000,0
002569,*ST步森,2026-06-30,20.0625,0.0000,0
002570,贝因美,2025-12-31,24.0795,5.2675,11
002570,贝因美,2026-03-31,18.2782,-5.8013,1
002570,贝因美,2026-06-30,22.6618,4.3836,20
002571,德力股份,2025-12-31,23.2318,-1.0958,3
002571,德力股份,2026-03-31,22.3282,-0.9036,0
002571,德力股份,2026-06-30,22.4395,0.1113,9
002572,索菲亚,2025-12-31,42.8749,26.9504,305
002572,索菲亚,2026-03-31,33.1006,-9.7743,22
002572,索菲亚,2026-06-30,33.4359,0.3353,214
002573,清新环境,2025-12-31,59.0203,-0.3585,21
002573,清新环境,2026-03-31,59.6872,0.6669,0
002573,清新环境,2026-06-30,58.4805,-1.2067,22
002574,明牌珠宝,2025-12-31,56.2975,1.5941,28
002574,明牌珠宝,2026-03-31,55.2539,-1.0436,1
002574,明牌珠宝,2026-06-30,56.0814,0.8275,57
002575,群兴玩具,2025-12-31,11.2168,-0.6708,6
002575,群兴玩具,2026-03-31,15.5263,4.3095,0
002575,群兴玩具,2026-06-30,11.2077,-4.3186,4
002576,通达动力,2025-12-31,31.0484,1.1088,63
002576,通达动力,2026-03-31,30.9858,-0.0626,1
002576,通达动力,2026-06-30,31.3943,0.4085,41
002577,雷柏科技,2025-12-31,59.0202,0.4519,27
002577,雷柏科技,2026-03-31,58.7602,-0.2600,0
002577,雷柏科技,2026-06-30,59.8120,1.0518,31
002578,闽发铝业,2025-12-31,35.6491,0.5335,8
002578,闽发铝业,2026-03-31,36.1734,0.5243,2
002578,闽发铝业,2026-06-30,36.7229,0.5495,65
002579,中京电子,2025-12-31,28.2265,-4.7388,12
002579,中京电子,2026-03-31,28.7781,0.5516,0
002579,中京电子,2026-06-30,32.1834,3.4053,16
002580,圣阳股份,2025-12-31,23.8564,-0.0921,26
002580,圣阳股份,2026-03-31,23.9523,0.0959,0
002580,圣阳股份,2026-06-30,26.2872,2.3349,34
002581,*ST未名,2026-06-30,1.7010,,0
002582,好想你,2025-12-31,18.2998,0.7142,44
002582,好想你,2026-03-31,7.1192,-11.1806,3
002582,好想你,2026-06-30,8.9297,1.8105,68
002583,海能达,2025-12-31,4.5750,1.1414,91
002583,海能达,2026-03-31,11.2307,6.6557,3
002583,海能达,2026-06-30,13.6138,2.3831,92
002584,西陇科学,2025-12-31,8.4840,0.3850,5
002584,西陇科学,2026-03-31,7.5403,-0.9437,0
002584,西陇科学,2026-06-30,2.1113,-5.4290,16
002585,双星新材,2025-12-31,17.3473,2.2030,25
002585,双星新材,2026-03-31,16.9652,-0.3821,6
002585,双星新材,2026-06-30,15.4102,-1.5550,25
002586,围海股份,2025-12-31,43.5500,11.9957,0
002586,围海股份,2026-03-31,43.5511,0.0011,0
002586,围海股份,2026-06-30,43.5511,0.0000,0
002587,奥拓电子,2025-12-31,8.2523,2.9452,118
002587,奥拓电子,2026-03-31,6.2764,-1.9759,4
002587,奥拓电子,2026-06-30,7.7374,1.4610,61
002588,史丹利,2025-12-31,22.2559,8.0496,207
002588,史丹利,2026-03-31,12.6909,-9.5650,11
002588,史丹利,2026-06-30,16.6900,3.9991,151
002589,瑞康医药,2025-12-31,7.2467,-1.5749,21
002589,瑞康医药,2026-03-31,3.0286,-4.2181,0
002589,瑞康医药,2026-06-30,3.0802,0.0516,12
002590,万安科技,2025-12-31,47.5697,1.8411,59
002590,万安科技,2026-03-31,49.1218,1.5521,1
002590,万安科技,2026-06-30,45.6495,-3.4723,29
002591,恒大高新,2025-12-31,1.7263,-0.5193,26
002591,恒大高新,2026-03-31,4.1050,2.3787,1
002591,恒大高新,2026-06-30,12.2997,8.1947,85
002592,ST八菱,2025-12-31,10.5075,1.2538,3
002592,ST八菱,2026-03-31,10.7367,0.2292,0
002592,ST八菱,2026-06-30,10.0910,-0.6457,0
002593,日上集团,2025-12-31,4.2811,1.0383,54
002593,日上集团,2026-03-31,2.0674,-2.2137,2
002593,日上集团,2026-06-30,3.8919,1.8245,93
002594,比亚迪,2025-12-31,28.3428,2.9914,794
002594,比亚迪,2026-03-31,24.7343,-3.6085,367
002594,比亚迪,2026-06-30,25.0036,0.2693,751
002595,豪迈科技,2025-12-31,16.7818,4.8354,550
002595,豪迈科技,2026-03-31,11.6793,-5.1025,74
002595,豪迈科技,2026-06-30,13.7718,2.0925,398
002596,海南瑞泽,2025-12-31,2.8110,1.5025,11
002596,海南瑞泽,2026-03-31,4.5987,1.7877,1
002596,海南瑞泽,2026-06-30,2.3406,-2.2581,15
002597,金禾实业,2025-12-31,53.5324,5.0078,90
002597,金禾实业,2026-03-31,50.2070,-3.3254,5
002597,金禾实业,2026-06-30,55.1496,4.9426,98
002598,ST章鼓,2025-12-31,34.3157,0.6479,25
002598,ST章鼓,2026-03-31,34.3460,0.0303,2
002598,ST章鼓,2026-06-30,35.1022,0.7562,0
002599,盛通股份,2025-12-31,2.0317,0.1967,30
002599,盛通股份,2026-03-31,0.7063,-1.3254,0
002599,盛通股份,2026-06-30,0.2647,-0.4416,16
002600,领益智造,2025-12-31,66.1515,2.0940,546
002600,领益智造,2026-03-31,62.2344,-3.9171,15
002600,领益智造,2026-06-30,64.9274,2.6930,541
002601,龙佰集团,2025-12-31,18.1831,8.5367,577
002601,龙佰集团,2026-03-31,8.6336,-9.5495,14
002601,龙佰集团,2026-06-30,16.6216,7.9880,389
002602,世纪华通,2025-12-31,35.1297,3.4119,818
002602,世纪华通,2026-03-31,32.6338,-2.4959,148
002602,世纪华通,2026-06-30,36.2223,3.5885,792
002603,以岭药业,2025-12-31,47.0631,4.3870,330
002603,以岭药业,2026-03-31,43.6116,-3.4515,11
002603,以岭药业,2026-06-30,45.8152,2.2036,313
002605,姚记科技,2025-12-31,16.1472,7.2106,85
002605,姚记科技,2026-03-31,6.5769,-9.5703,4
002605,姚记科技,2026-06-30,9.8031,3.2262,61
002606,大连电瓷,2025-12-31,24.7137,2.7486,50
002606,大连电瓷,2026-03-31,27.4170,2.7033,11
002606,大连电瓷,2026-06-30,26.9419,-0.4751,109
002607,中公教育,2025-12-31,11.3894,0.8222,129
002607,中公教育,2026-03-31,8.5264,-2.8630,2
002607,中公教育,2026-06-30,8.2276,-0.2988,107
002608,江苏国信,2025-12-31,86.8379,-0.6779,166
002608,江苏国信,2026-03-31,85.4329,-1.4050,3
002608,江苏国信,2026-06-30,86.5711,1.1382,126
002609,捷顺科技,2025-12-31,30.9859,2.1800,111
002609,捷顺科技,2026-03-31,27.8612,-3.1247,4
002609,捷顺科技,2026-06-30,33.3716,5.5104,80
002611,东方精工,2025-12-31,5.0606,-2.3012,41
002611,东方精工,2026-03-31,2.7385,-2.3221,0
002611,东方精工,2026-06-30,2.4691,-0.2694,37
002612,朗姿股份,2025-12-31,14.2493,6.2750,178
002612,朗姿股份,2026-03-31,8.2642,-5.9851,1
002612,朗姿股份,2026-06-30,11.3012,3.0370,37
002613,北玻股份,2025-12-31,1.1469,-0.1992,11
002613,北玻股份,2026-03-31,0.9400,-0.2069,1
002613,北玻股份,2026-06-30,0.9524,0.0124,6
002614,奥佳华,2025-12-31,4.4753,1.2213,65
002614,奥佳华,2026-03-31,0.5508,-3.9245,0
002614,奥佳华,2026-06-30,0.4526,-0.0982,32
002615,哈尔斯,2025-12-31,5.6561,1.6407,54
002615,哈尔斯,2026-03-31,3.8937,-1.7624,2
002615,哈尔斯,2026-06-30,5.7312,1.8375,64
002616,长青集团,2025-12-31,16.8167,-1.8874,65
002616,长青集团,2026-03-31,18.5614,1.7447,6
002616,长青集团,2026-06-30,17.4964,-1.0650,37
002617,露笑科技,2025-12-31,18.0692,-0.1728,57
002617,露笑科技,2026-03-31,11.0460,-7.0232,5
002617,露笑科技,2026-06-30,12.4874,1.4414,68
002620,*ST瑞和,2025-12-31,24.9971,-0.1310,0
002620,*ST瑞和,2026-03-31,23.3396,-1.6575,0
002620,*ST瑞和,2026-06-30,23.8432,0.5036,0
002622,皓宸医疗,2025-12-31,30.3652,0.9210,14
002622,皓宸医疗,2026-03-31,31.3461,0.9809,0
002622,皓宸医疗,2026-06-30,34.8572,3.5111,27
002623,亚玛顿,2025-12-31,45.1214,1.3673,13
002623,亚玛顿,2026-03-31,48.1873,3.0659,3
002623,亚玛顿,2026-06-30,48.1742,-0.0131,34
002624,完美世界,2025-12-31,61.2931,8.5504,648
002624,完美世界,2026-03-31,50.4536,-10.8395,73
002624,完美世界,2026-06-30,44.9503,-5.5033,328
002625,光启技术,2025-12-31,39.6558,0.1227,542
002625,光启技术,2026-03-31,35.0176,-4.6382,17
002625,光启技术,2026-06-30,36.4394,1.4218,382
002626,金达威,2025-12-31,62.9137,1.8590,106
002626,金达威,2026-03-31,60.2631,-2.6506,1
002626,金达威,2026-06-30,61.0672,0.8041,58
002627,三峡旅游,2025-12-31,50.6787,8.5087,154
002627,三峡旅游,2026-03-31,44.9918,-5.6869,30
002627,三峡旅游,2026-06-30,48.3258,3.3340,105
002628,成都路桥,2025-12-31,21.7102,0.0125,10
002628,成都路桥,2026-03-31,22.3933,0.6831,1
002628,成都路桥,2026-06-30,20.9599,-1.4334,25
002629,仁智股份,2025-12-31,0.0116,-0.9463,2
002629,仁智股份,2026-03-31,1.5173,1.5057,0
002629,仁智股份,2026-06-30,2.2234,0.7061,30
002630,*ST华西,2025-12-31,0.6035,,0
002630,*ST华西,2026-03-31,1.0055,0.4020,0
002630,*ST华西,2026-06-30,2.0045,0.9990,0
002631,德尔未来,2025-12-31,48.8226,3.1650,32
002631,德尔未来,2026-03-31,49.2600,0.4374,0
002631,德尔未来,2026-06-30,46.0156,-3.2444,8
002632,道明光学,2025-12-31,46.9089,2.8853,36
002632,道明光学,2026-03-31,46.3031,-0.6058,1
002632,道明光学,2026-06-30,45.8056,-0.4975,30
002633,申科股份,2025-12-31,57.2895,28.7260,15
002633,申科股份,2026-03-31,58.4369,1.1474,0
002633,申科股份,2026-06-30,57.8329,-0.6040,33
002634,*ST棒杰,2025-12-31,21.4558,1.0669,6
002634,*ST棒杰,2026-03-31,14.1774,-7.2784,0
002634,*ST棒杰,2026-06-30,14.1644,-0.0130,0
002635,安洁科技,2025-12-31,8.3063,2.0373,92
002635,安洁科技,2026-03-31,8.1719,-0.1344,3
002635,安洁科技,2026-06-30,5.3253,-2.8466,70
002636,金安国纪,2025-12-31,68.8169,1.6157,47
002636,金安国纪,2026-03-31,66.8445,-1.9724,0
002636,金安国纪,2026-06-30,73.8976,7.0531,254
002637,赞宇科技,2025-12-31,46.3463,5.1252,69
002637,赞宇科技,2026-03-31,45.9734,-0.3729,6
002637,赞宇科技,2026-06-30,40.7369,-5.2365,45
002638,勤上股份,2025-12-31,25.4764,-0.7150,14
002638,勤上股份,2026-03-31,26.4123,0.9359,1
002638,勤上股份,2026-06-30,34.5782,8.1659,9
002639,雪人集团,2025-12-31,3.1097,1.8244,12
002639,雪人集团,2026-03-31,5.8771,2.7674,1
002639,雪人集团,2026-06-30,2.0628,-3.8143,33
002640,跨境通,2025-12-31,8.8646,-0.1230,13
002640,跨境通,2026-03-31,9.2851,0.4205,0
002640,跨境通,2026-06-30,8.5322,-0.7529,12
002641,公元股份,2025-12-31,45.9590,1.4323,31
002641,公元股份,2026-03-31,44.8044,-1.1546,0
002641,公元股份,2026-06-30,47.4581,2.6537,59
002642,荣联科技,2025-12-31,10.8258,0.6776,14
002642,荣联科技,2026-03-31,10.0119,-0.8139,1
002642,荣联科技,2026-06-30,10.6399,0.6280,15
002643,万润股份,2025-12-31,53.4524,2.3077,93
002643,万润股份,2026-03-31,53.9637,0.5113,3
002643,万润股份,2026-06-30,58.5136,4.5499,193
002644,佛慈制药,2025-12-31,63.1244,0.1298,17
002644,佛慈制药,2026-03-31,63.2102,0.0858,1
002644,佛慈制药,2026-06-30,63.5906,0.3804,38
002645,华宏科技,2025-12-31,40.2724,3.1249,86
002645,华宏科技,2026-03-31,39.0333,-1.2391,4
002645,华宏科技,2026-06-30,43.0128,3.9795,220
002646,天佑德酒,2025-12-31,48.1618,-3.9329,22
002646,天佑德酒,2026-03-31,46.8355,-1.3263,2
002646,天佑德酒,2026-06-30,46.2023,-0.6332,33
002647,仁东控股,2025-12-31,30.7721,-0.1608,0
002647,仁东控股,2026-03-31,43.2420,12.4699,0
002647,仁东控股,2026-06-30,38.4313,-4.8107,10
002648,卫星化学,2025-12-31,50.8239,1.2086,627
002648,卫星化学,2026-03-31,47.6383,-3.1856,121
002648,卫星化学,2026-06-30,49.8407,2.2024,813
002649,博彦科技,2025-12-31,6.2957,2.3650,92
002649,博彦科技,2026-03-31,2.2998,-3.9959,3
002649,博彦科技,2026-06-30,3.4738,1.1740,71
002650,ST加加,2025-12-31,47.6359,1.7025,0
002650,ST加加,2026-03-31,47.6579,0.0220,0
002650,ST加加,2026-06-30,47.6298,-0.0281,0
002651,利君股份,2025-12-31,4.0560,0.6444,55
002651,利君股份,2026-03-31,1.5126,-2.5434,2
002651,利君股份,2026-06-30,3.4348,1.9222,61
002652,扬子新材,2025-12-31,35.6741,1.2066,24
002652,扬子新材,2026-03-31,37.9478,2.2737,0
002652,扬子新材,2026-06-30,39.7954,1.8476,40
002653,海思科,2025-12-31,32.4288,7.0257,248
002653,海思科,2026-03-31,27.5647,-4.8641,70
002653,海思科,2026-06-30,31.6695,4.1048,416
002654,万润科技,2025-12-31,29.8117,-0.4799,52
002654,万润科技,2026-03-31,28.9505,-0.8612,1
002654,万润科技,2026-06-30,32.7408,3.7903,63
002655,共达电声,2025-12-31,16.3874,-4.7631,24
002655,共达电声,2026-03-31,17.6349,1.2475,3
002655,共达电声,2026-06-30,28.3093,10.6744,66
002656,摩登大道,2025-12-31,22.3429,0.9998,0
002656,摩登大道,2026-03-31,22.4695,0.1266,0
002656,摩登大道,2026-06-30,21.3008,-1.1687,0
002657,中科金财,2025-12-31,4.4826,-2.7545,39
002657,中科金财,2026-03-31,3.3822,-1.1004,2
002657,中科金财,2026-06-30,2.3616,-1.0206,17
002658,雪迪龙,2025-12-31,1.9457,1.6904,43
002658,雪迪龙,2026-03-31,7.5737,5.6280,3
002658,雪迪龙,2026-06-30,7.0082,-0.5655,18
002659,凯文教育,2025-12-31,37.1752,-0.5848,32
002659,凯文教育,2026-03-31,34.6609,-2.5143,1
002659,凯文教育,2026-06-30,37.0216,2.3607,53
002660,茂硕电源,2025-12-31,45.5387,-0.0195,11
002660,茂硕电源,2026-03-31,45.6393,0.1006,1
002660,茂硕电源,2026-06-30,46.3955,0.7562,38
002661,克明食品,2025-12-31,37.5269,0.6844,47
002661,克明食品,2026-03-31,37.5634,0.0365,0
002661,克明食品,2026-06-30,39.7263,2.1629,54
002662,峰璟股份,2025-12-31,44.7974,0.9824,60
002662,峰璟股份,2026-03-31,44.1689,-0.6285,0
002662,峰璟股份,2026-06-30,43.9411,-0.2278,55
002663,普邦股份,2025-12-31,3.4608,-0.7797,23
002663,普邦股份,2026-03-31,3.7010,0.2402,1
002663,普邦股份,2026-06-30,2.4327,-1.2683,10
002664,信质集团,2025-12-31,34.0002,-2.3867,145
002664,信质集团,2026-03-31,30.0801,-3.9201,0
002664,信质集团,2026-06-30,26.3821,-3.6980,39
002666,德联集团,2025-12-31,2.6277,0.3909,34
002666,德联集团,2026-03-31,3.1284,0.5007,1
002666,德联集团,2026-06-30,4.0017,0.8733,79
002667,*ST威领,2025-12-31,15.8017,0.5309,31
002667,*ST威领,2026-03-31,18.8859,3.0842,1
002667,*ST威领,2026-06-30,18.4072,-0.4787,0
002668,TCL智家,2025-12-31,63.8482,6.5489,219
002668,TCL智家,2026-03-31,57.3666,-6.4816,4
002668,TCL智家,2026-06-30,60.2293,2.8627,155
002669,康达新材,2025-12-31,37.7348,3.1258,47
002669,康达新材,2026-03-31,33.6380,-4.0968,2
002669,康达新材,2026-06-30,30.4241,-3.2139,13
002670,国盛证券,2025-12-31,72.6170,0.2534,122
002670,国盛证券,2026-03-31,68.8411,-3.7759,1
002670,国盛证券,2026-06-30,70.2576,1.4165,123
002671,龙泉股份,2025-12-31,44.5544,3.1432,92
002671,龙泉股份,2026-03-31,43.3615,-1.1929,2
002671,龙泉股份,2026-06-30,44.4455,1.0840,73
002672,东江环保,2025-12-31,54.2987,0.4250,7
002672,东江环保,2026-03-31,54.2676,-0.0311,1
002672,东江环保,2026-06-30,53.1277,-1.1399,11
002673,西部证券,2025-12-31,52.8266,2.2675,177
002673,西部证券,2026-03-31,55.1381,2.3115,8
002673,西部证券,2026-06-30,55.5691,0.4310,158
002674,兴业科技,2025-12-31,48.2807,-5.1141,11
002674,兴业科技,2026-03-31,45.4696,-2.8111,0
002674,兴业科技,2026-06-30,47.1472,1.6776,32
002675,东诚药业,2025-12-31,31.8658,3.8687,120
002675,东诚药业,2026-03-31,27.3046,-4.5612,4
002675,东诚药业,2026-06-30,29.0154,1.7108,50
002676,顺威股份,2025-12-31,38.8381,0.6310,18
002676,顺威股份,2026-03-31,39.3244,0.4863,1
002676,顺威股份,2026-06-30,40.4203,1.0959,38
002677,浙江美大,2025-12-31,4.0619,1.9777,33
002677,浙江美大,2026-03-31,2.0971,-1.9648,0
002677,浙江美大,2026-06-30,2.6177,0.5206,33
002678,珠江钢琴,2025-12-31,84.2220,0.0398,9
002678,珠江钢琴,2026-03-31,84.6251,0.4031,2
002678,珠江钢琴,2026-06-30,84.6854,0.0603,26
002679,福建金森,2025-12-31,67.5094,0.1821,7
002679,福建金森,2026-03-31,68.2797,0.7703,3
002679,福建金森,2026-06-30,69.8368,1.5571,40
002681,奋达科技,2025-12-31,9.0770,1.9937,24
002681,奋达科技,2026-03-31,5.6825,-3.3945,0
002681,奋达科技,2026-06-30,6.8522,1.1697,33
002682,龙洲股份,2025-12-31,30.6479,-1.5022,4
002682,龙洲股份,2026-03-31,33.1772,2.5293,0
002682,龙洲股份,2026-06-30,33.0982,-0.0790,44
002683,广东宏大,2025-12-31,49.7693,3.5031,369
002683,广东宏大,2026-03-31,40.6886,-9.0807,29
002683,广东宏大,2026-06-30,42.1613,1.4727,266
002685,华东重机,2025-12-31,14.0919,-0.6884,14
002685,华东重机,2026-03-31,8.3513,-5.7406,0
002685,华东重机,2026-06-30,8.4771,0.1258,52
002686,亿利达,2025-12-31,43.4453,-0.3615,22
002686,亿利达,2026-03-31,43.5354,0.0901,2
002686,亿利达,2026-06-30,44.6070,1.0716,18
002687,乔治白,2025-12-31,2.9353,2.9312,83
002687,乔治白,2026-03-31,2.4946,-0.4407,4
002687,乔治白,2026-06-30,4.3882,1.8936,49
002688,金河生物,2025-12-31,32.8757,-0.8598,27
002688,金河生物,2026-03-31,32.2175,-0.6582,2
002688,金河生物,2026-06-30,32.9225,0.7050,36
002689,ST远智,2025-12-31,51.5344,-1.4519,0
002689,ST远智,2026-03-31,51.2674,-0.2670,0
002689,ST远智,2026-06-30,51.2674,0.0000,0
002690,美亚光电,2025-12-31,29.9609,7.4142,279
002690,美亚光电,2026-03-31,20.1800,-9.7809,11
002690,美亚光电,2026-06-30,23.4075,3.2275,128
002691,*ST冀凯,2025-12-31,31.6651,-0.3355,5
002691,*ST冀凯,2026-03-31,34.2599,2.5948,1
002691,*ST冀凯,2026-06-30,35.3876,1.1277,0
002692,远程股份,2025-12-31,32.5928,0.1965,19
002692,远程股份,2026-03-31,32.3952,-0.1976,0
002692,远程股份,2026-06-30,32.9862,0.5910,24
002693,双成药业,2025-12-31,49.4465,-0.3137,0
002693,双成药业,2026-03-31,50.2595,0.8130,0
002693,双成药业,2026-06-30,49.3164,-0.9431,9
002694,*ST顾地,2025-12-31,36.8787,-0.5930,27
002694,*ST顾地,2026-03-31,37.6029,0.7242,1
002694,*ST顾地,2026-06-30,36.3931,-1.2098,0
002695,煌上煌,2025-12-31,62.5722,1.1506,65
002695,煌上煌,2026-03-31,62.2977,-0.2745,0
002695,煌上煌,2026-06-30,62.1033,-0.1944,59
002696,百洋股份,2025-12-31,50.8679,3.7303,69
002696,百洋股份,2026-03-31,47.1121,-3.7558,0
002696,百洋股份,2026-06-30,49.9966,2.8845,55
002697,红旗连锁,2025-12-31,39.1858,1.4873,95
002697,红旗连锁,2026-03-31,34.1210,-5.0648,1
002697,红旗连锁,2026-06-30,40.8629,6.7419,75
002698,博实股份,2025-12-31,17.9309,2.9922,69
002698,博实股份,2026-03-31,15.0026,-2.9283,1
002698,博实股份,2026-06-30,13.0271,-1.9755,39
002700,万憬能源,2025-12-31,2.7520,1.3249,4
002700,万憬能源,2026-03-31,0.9185,-1.8335,0
002700,万憬能源,2026-06-30,3.5435,2.6250,6
002701,奥瑞金,2025-12-31,54.4720,6.5709,281
002701,奥瑞金,2026-03-31,47.6355,-6.8365,2
002701,奥瑞金,2026-06-30,48.9384,1.3029,163
002702,海欣食品,2025-12-31,1.3140,-0.5156,6
002702,海欣食品,2026-03-31,5.9858,4.6718,2
002702,海欣食品,2026-06-30,8.3361,2.3503,42
002703,浙江世宝,2025-12-31,48.1711,-0.4644,29
002703,浙江世宝,2026-03-31,47.4165,-0.7546,1
002703,浙江世宝,2026-06-30,47.6462,0.2297,45
002705,新宝股份,2025-12-31,73.8203,0.2950,171
002705,新宝股份,2026-03-31,69.4326,-4.3877,8
002705,新宝股份,2026-06-30,69.5203,0.0877,77
002706,良信股份,2025-12-31,22.1715,9.8465,213
002706,良信股份,2026-03-31,14.0458,-8.1257,15
002706,良信股份,2026-06-30,22.4920,8.4462,188
002707,众信旅游,2025-12-31,16.2129,0.8076,32
002707,众信旅游,2026-03-31,15.4647,-0.7482,2
002707,众信旅游,2026-06-30,13.8019,-1.6628,21
002708,光洋股份,2025-12-31,30.3957,-0.3194,27
002708,光洋股份,2026-03-31,29.3962,-0.9995,0
002708,光洋股份,2026-06-30,32.8793,3.4831,63
002709,天赐材料,2025-12-31,29.4962,10.5057,824
002709,天赐材料,2026-03-31,21.7744,-7.7218,217
002709,天赐材料,2026-06-30,16.1907,-5.5837,715
002712,思美传媒,2025-12-31,33.1515,0.3107,18
002712,思美传媒,2026-03-31,34.2929,1.1414,1
002712,思美传媒,2026-06-30,36.1404,1.8475,78
002713,东易日盛,2025-12-31,47.3535,12.4614,0
002713,东易日盛,2026-03-31,35.4537,-11.8998,0
002713,东易日盛,2026-06-30,33.0825,-2.3712,0
002714,牧原股份,2025-12-31,42.9776,3.9448,1256
002714,牧原股份,2026-03-31,35.6888,-7.2888,245
002714,牧原股份,2026-06-30,43.9549,8.2661,958
002715,登云股份,2025-12-31,26.7805,2.3517,34
002715,登云股份,2026-03-31,24.5989,-2.1816,0
002715,登云股份,2026-06-30,28.0618,3.4629,55
002716,湖南白银,2025-12-31,36.2921,3.8490,68
002716,湖南白银,2026-03-31,27.1937,-9.0984,11
002716,湖南白银,2026-06-30,31.5872,4.3935,178
002717,*ST岭南,2025-12-31,5.9521,-0.3809,0
002717,*ST岭南,2026-03-31,8.5706,2.6185,0
002717,*ST岭南,2026-06-30,8.2334,-0.3372,0
002718,友邦吊顶,2025-12-31,11.5759,-8.0447,5
002718,友邦吊顶,2026-03-31,31.9769,20.4010,0
002718,友邦吊顶,2026-06-30,51.8849,19.9080,25
002719,ST麦趣,2025-12-31,30.9185,2.2183,23
002719,ST麦趣,2026-03-31,28.5905,-2.3280,0
002719,ST麦趣,2026-06-30,26.3559,-2.2346,0
002721,金一文化,2025-12-31,36.7369,-2.4691,1
002721,金一文化,2026-03-31,36.6839,-0.0530,0
002721,金一文化,2026-06-30,37.3272,0.6433,12
002722,物产金轮,2025-12-31,33.1769,-0.0516,49
002722,物产金轮,2026-03-31,40.9493,7.7724,1
002722,物产金轮,2026-06-30,41.3784,0.4291,69
002723,小崧股份,2025-12-31,11.7945,0.3125,18
002723,小崧股份,2026-03-31,14.1102,2.3157,0
002723,小崧股份,2026-06-30,14.2936,0.1834,9
002724,海洋王,2025-12-31,4.8654,-1.3638,22
002724,海洋王,2026-03-31,5.0237,0.1583,2
002724,海洋王,2026-06-30,3.3365,-1.6872,34
002725,跃岭股份,2025-12-31,34.4273,4.5023,28
002725,跃岭股份,2026-03-31,33.5678,-0.8595,0
002725,跃岭股份,2026-06-30,26.2302,-7.3376,15
002726,ST龙大,2025-12-31,48.7290,-2.6761,28
002726,ST龙大,2026-03-31,44.5889,-4.1401,1
002726,ST龙大,2026-06-30,38.8836,-5.7053,0
002727,一心堂,2025-12-31,24.5066,-1.9644,93
002727,一心堂,2026-03-31,20.4929,-4.0137,8
002727,一心堂,2026-06-30,22.8933,2.4004,122
002728,特一药业,2025-12-31,5.9324,4.1746,34
002728,特一药业,2026-03-31,6.2979,0.3655,2
002728,特一药业,2026-06-30,1.5255,-4.7724,24
002729,好利科技,2025-12-31,28.3313,0.6767,5
002729,好利科技,2026-03-31,29.9314,1.6001,0
002729,好利科技,2026-06-30,29.1605,-0.7709,1
002730,电光科技,2025-12-31,49.2715,-1.3006,27
002730,电光科技,2026-03-31,48.8739,-0.3976,0
002730,电光科技,2026-06-30,52.2783,3.4044,40
002732,燕塘乳业,2025-12-31,60.4423,0.5590,40
002732,燕塘乳业,2026-03-31,60.6607,0.2184,1
002732,燕塘乳业,2026-06-30,63.6944,3.0337,95
002733,雄韬股份,2025-12-31,42.2021,1.1137,34
002733,雄韬股份,2026-03-31,40.6556,-1.5465,1
002733,雄韬股份,2026-06-30,41.5206,0.8650,51
002734,利民股份,2025-12-31,3.4368,2.9270,126
002734,利民股份,2026-03-31,2.2579,-1.1789,4
002734,利民股份,2026-06-30,5.5082,3.2503,56
002735,王子新材,2025-12-31,7.4145,5.3155,31
002735,王子新材,2026-03-31,7.3357,-0.0788,6
002735,王子新材,2026-06-30,9.5751,2.2394,49
002736,国信证券,2025-12-31,88.2381,3.5368,528
002736,国信证券,2026-03-31,83.8250,-4.4131,23
002736,国信证券,2026-06-30,85.1474,1.3224,346
002737,葵花药业,2025-12-31,56.7463,5.1781,66
002737,葵花药业,2026-03-31,51.8961,-4.8502,2
002737,葵花药业,2026-06-30,53.6090,1.7129,133
002738,中矿资源,2025-12-31,46.5331,15.0690,913
002738,中矿资源,2026-03-31,31.2297,-15.3034,167
002738,中矿资源,2026-06-30,38.5962,7.3665,824
002739,儒意电影,2025-12-31,34.9826,1.2991,231
002739,儒意电影,2026-03-31,25.2561,-9.7265,3
002739,儒意电影,2026-06-30,26.7613,1.5052,115
002741,光华科技,2025-12-31,4.6457,1.0883,46
002741,光华科技,2026-03-31,4.3496,-0.2961,5
002741,光华科技,2026-06-30,7.1049,2.7553,71
002742,冀衡医药,2025-12-31,17.4948,,0
002742,冀衡医药,2026-03-31,17.3000,-0.1948,0
002742,冀衡医药,2026-06-30,17.3547,0.0547,7
002743,ST富煌,2025-12-31,38.6090,-0.0617,9
002743,ST富煌,2026-03-31,39.3242,0.7152,1
002743,ST富煌,2026-06-30,39.1739,-0.1503,31
002745,木林森,2025-12-31,13.3738,-4.2676,86
002745,木林森,2026-03-31,9.8770,-3.4968,0
002745,木林森,2026-06-30,8.9627,-0.9143,172
002746,仙坛股份,2025-12-31,15.8910,2.0893,102
002746,仙坛股份,2026-03-31,11.6902,-4.2008,2
002746,仙坛股份,2026-06-30,14.0425,2.3523,101
002747,埃斯顿,2025-12-31,46.3917,2.5594,80
002747,埃斯顿,2026-03-31,42.2860,-4.1057,7
002747,埃斯顿,2026-06-30,44.3589,2.0729,125
002748,世龙实业,2025-12-31,57.4270,1.0765,12
002748,世龙实业,2026-03-31,56.8057,-0.6213,0
002748,世龙实业,2026-06-30,58.2349,1.4292,31
002749,国光股份,2025-12-31,8.0392,1.7610,45
002749,国光股份,2026-03-31,3.3160,-4.7232,3
002749,国光股份,2026-06-30,2.8803,-0.4357,41
002752,昇兴股份,2025-12-31,66.6965,0.2106,15
002752,昇兴股份,2026-03-31,67.4544,0.7579,1
002752,昇兴股份,2026-06-30,69.6759,2.2215,109
002753,永东股份,2025-12-31,8.9260,0.4106,32
002753,永东股份,2026-03-31,8.8762,-0.0498,1
002753,永东股份,2026-06-30,9.5569,0.6807,18
002755,奥赛康,2025-12-31,81.3456,0.8986,205
002755,奥赛康,2026-03-31,75.2770,-6.0686,9
002755,奥赛康,2026-06-30,78.7584,3.4814,116
002756,永兴材料,2025-12-31,38.8086,21.8778,576
002756,永兴材料,2026-03-31,21.8276,-16.9810,132
002756,永兴材料,2026-06-30,28.7181,6.8905,673
002757,南兴股份,2025-12-31,38.0641,-0.3857,27
002757,南兴股份,2026-03-31,37.1170,-0.9471,1
002757,南兴股份,2026-06-30,41.0590,3.9420,91
002758,浙农股份,2025-12-31,50.7590,-0.4896,103
002758,浙农股份,2026-03-31,47.5252,-3.2338,2
002758,浙农股份,2026-06-30,48.3810,0.8558,60
002759,ST天际,2025-12-31,31.9937,-0.4196,156
002759,ST天际,2026-03-31,27.0993,-4.8944,21
002759,ST天际,2026-06-30,22.6088,-4.4905,32
002760,凤形股份,2025-12-31,27.4022,0.7759,39
002760,凤形股份,2026-03-31,27.6967,0.2945,1
002760,凤形股份,2026-06-30,29.9278,2.2311,66
002761,浙江建投,2025-12-31,55.4151,1.1441,57
002761,浙江建投,2026-03-31,53.9296,-1.4855,1
002761,浙江建投,2026-06-30,54.9503,1.0207,65
002763,汇洁股份,2025-12-31,1.8990,0.6107,44
002763,汇洁股份,2026-03-31,3.1764,1.2774,3
002763,汇洁股份,2026-06-30,5.2788,2.1024,59
002765,蓝黛科技,2025-12-31,22.9468,21.3580,42
002765,蓝黛科技,2026-03-31,20.0909,-2.8559,0
002765,蓝黛科技,2026-06-30,21.0724,0.9815,29
002766,索菱股份,2025-12-31,46.2235,1.5179,13
002766,索菱股份,2026-03-31,50.1367,3.9132,0
002766,索菱股份,2026-06-30,51.1194,0.9827,24
002767,先锋电子,2025-12-31,0.5705,,5
002767,先锋电子,2026-03-31,1.4324,0.8619,0
002767,先锋电子,2026-06-30,2.0650,0.6326,18
002768,国恩股份,2025-12-31,39.2793,12.5206,160
002768,国恩股份,2026-03-31,25.7437,-13.5356,6
002768,国恩股份,2026-06-30,26.3612,0.6175,170
002769,普路通,2025-12-31,17.0065,0.3294,12
002769,普路通,2026-03-31,15.6769,-1.3296,0
002769,普路通,2026-06-30,15.9984,0.3215,27
002771,真视通,2025-12-31,4.4966,-1.5013,5
002771,真视通,2026-03-31,3.7354,-0.7612,0
002771,真视通,2026-06-30,6.6140,2.8786,17
002772,众兴菌业,2025-12-31,17.0326,8.0995,195
002772,众兴菌业,2026-03-31,10.5533,-6.4793,18
002772,众兴菌业,2026-06-30,15.8726,5.3193,205
002773,康弘药业,2025-12-31,62.6597,8.4286,308
002773,康弘药业,2026-03-31,53.5031,-9.1566,16
002773,康弘药业,2026-06-30,54.7991,1.2960,213
002774,快意电梯,2025-12-31,58.9949,2.4738,10
002774,快意电梯,2026-03-31,60.0389,1.0440,0
002774,快意电梯,2026-06-30,59.5232,-0.5157,25
002775,文科股份,2025-12-31,36.5369,1.8674,25
002775,文科股份,2026-03-31,47.1793,10.6424,1
002775,文科股份,2026-06-30,46.5839,-0.5954,15
002777,久远银海,2025-12-31,45.5544,3.2795,95
002777,久远银海,2026-03-31,41.6089,-3.9455,3
002777,久远银海,2026-06-30,41.1965,-0.4124,35
002778,中晟高科,2025-12-31,34.0201,-0.7917,10
002778,中晟高科,2026-03-31,34.1511,0.1310,1
002778,中晟高科,2026-06-30,35.1522,1.0011,32
002779,中坚科技,2025-12-31,48.2585,3.7712,106
002779,中坚科技,2026-03-31,43.3819,-4.8766,6
002779,中坚科技,2026-06-30,44.4396,1.0577,57
002780,三夫户外,2025-12-31,10.6596,4.3517,74
002780,三夫户外,2026-03-31,12.1402,1.4806,7
002780,三夫户外,2026-06-30,17.8221,5.6819,147
002782,可立克,2025-12-31,68.8092,5.5569,94
002782,可立克,2026-03-31,70.7432,1.9340,11
002782,可立克,2026-06-30,68.3477,-2.3955,78
002783,凯龙股份,2025-12-31,19.2027,3.3729,16
002783,凯龙股份,2026-03-31,18.8666,-0.3361,1
002783,凯龙股份,2026-06-30,19.6295,0.7629,17
002785,万里石,2025-12-31,14.1342,-1.7443,10
002785,万里石,2026-03-31,21.9415,7.8073,2
002785,万里石,2026-06-30,23.1682,1.2267,33
002786,银宝山新,2025-12-31,38.5434,-1.6516,18
002786,银宝山新,2026-03-31,38.8416,0.2982,2
002786,银宝山新,2026-06-30,42.8362,3.9946,13
002787,华源控股,2025-12-31,2.1662,-0.2590,80
002787,华源控股,2026-03-31,0.9716,-1.1946,2
002787,华源控股,2026-06-30,2.0749,1.1033,49
002788,鹭燕医药,2025-12-31,38.0076,0.0615,6
002788,鹭燕医药,2026-03-31,38.8964,0.8888,2
002788,鹭燕医药,2026-06-30,39.1958,0.2994,37
002789,*ST建艺,2025-12-31,30.5560,-0.0013,0
002789,*ST建艺,2026-03-31,31.3768,0.8208,0
002789,*ST建艺,2026-06-30,30.5560,-0.8208,0
002790,瑞尔特,2025-12-31,2.6789,2.1802,42
002790,瑞尔特,2026-06-30,2.2345,,57
002791,坚朗五金,2025-12-31,10.2296,2.1426,72
002791,坚朗五金,2026-03-31,3.9487,-6.2809,1
002791,坚朗五金,2026-06-30,4.1443,0.1956,45
002792,通宇通讯,2025-12-31,5.8258,-2.6931,24
002792,通宇通讯,2026-03-31,3.8884,-1.9374,8
002792,通宇通讯,2026-06-30,6.8163,2.9279,81
002793,罗欣药业,2025-12-31,39.7361,-0.2816,43
002793,罗欣药业,2026-03-31,38.6867,-1.0494,0
002793,罗欣药业,2026-06-30,38.9211,0.2344,39
002795,永和智控,2025-12-31,4.0279,3.2390,17
002795,永和智控,2026-03-31,5.2686,1.2407,0
002795,永和智控,2026-06-30,2.1522,-3.1164,36
002796,世嘉科技,2025-12-31,2.6552,1.9862,38
002796,世嘉科技,2026-03-31,6.3361,3.6809,5
002796,世嘉科技,2026-06-30,2.4839,-3.8522,79
002797,第一创业,2025-12-31,37.8351,2.3841,134
002797,第一创业,2026-03-31,33.3462,-4.4889,4
002797,第一创业,2026-06-30,37.3011,3.9549,144
002798,帝欧水华,2025-12-31,14.0050,-0.8364,32
002798,帝欧水华,2026-03-31,11.9907,-2.0143,0
002798,帝欧水华,2026-06-30,11.8385,-0.1522,23
002799,环球印务,2025-12-31,48.8887,0.0212,21
002799,环球印务,2026-03-31,49.5589,0.6702,2
002799,环球印务,2026-06-30,50.9639,1.4050,53
002800,天顺股份,2025-12-31,45.7773,-1.2354,4
002800,天顺股份,2026-03-31,46.4267,0.6494,0
002800,天顺股份,2026-06-30,51.2202,4.7935,31
002801,微光股份,2025-12-31,11.3621,0.3386,76
002801,微光股份,2026-03-31,10.0251,-1.3370,4
002801,微光股份,2026-06-30,8.5882,-1.4369,35
002802,洪汇新材,2025-12-31,44.9569,9.1808,42
002802,洪汇新材,2026-03-31,42.7083,-2.2486,2
002802,洪汇新材,2026-06-30,42.1566,-0.5517,64
002803,吉宏股份,2025-12-31,15.4103,-4.9848,120
002803,吉宏股份,2026-03-31,12.4320,-2.9783,5
002803,吉宏股份,2026-06-30,7.9612,-4.4708,128
002805,丰元股份,2025-12-31,9.2011,1.9308,23
002805,丰元股份,2026-03-31,9.3839,0.1828,2
002805,丰元股份,2026-06-30,14.4996,5.1157,93
002806,华锋股份,2025-12-31,10.8137,-2.9502,10
002806,华锋股份,2026-03-31,13.4683,2.6546,0
002806,华锋股份,2026-06-30,14.9832,1.5149,12
002807,江阴银行,2025-12-31,39.1687,7.8979,233
002807,江阴银行,2026-03-31,31.7944,-7.3743,13
002807,江阴银行,2026-06-30,36.6303,4.8359,133
002809,红墙股份,2025-12-31,14.4961,3.8349,43
002809,红墙股份,2026-03-31,12.4336,-2.0625,5
002809,红墙股份,2026-06-30,14.3949,1.9613,54
002810,山东赫达,2025-12-31,5.8366,1.7300,51
002810,山东赫达,2026-03-31,6.7336,0.8970,15
002810,山东赫达,2026-06-30,13.1986,6.4650,252
002811,郑中设计,2025-12-31,50.6919,-0.0341,61
002811,郑中设计,2026-03-31,48.0325,-2.6594,0
002811,郑中设计,2026-06-30,49.3048,1.2723,56
002812,恩捷股份,2025-12-31,37.3511,10.9222,447
002812,恩捷股份,2026-03-31,30.4232,-6.9279,130
002812,恩捷股份,2026-06-30,30.9290,0.5058,612
002813,路畅科技,2025-12-31,54.9898,0.8854,1
002813,路畅科技,2026-03-31,55.3888,0.3990,1
002813,路畅科技,2026-06-30,55.1095,-0.2793,23
002815,崇达技术,2025-12-31,14.3110,4.0200,159
002815,崇达技术,2026-03-31,7.6268,-6.6842,0
002815,崇达技术,2026-06-30,10.3896,2.7628,75
002816,*ST和科,2025-12-31,17.5751,1.5751,0
002816,*ST和科,2026-03-31,16.7134,-0.8617,0
002816,*ST和科,2026-06-30,16.0000,-0.7134,0
002817,黄山胶囊,2025-12-31,35.9117,2.8338,107
002817,黄山胶囊,2026-03-31,34.8702,-1.0415,9
002817,黄山胶囊,2026-06-30,36.8065,1.9363,86
002818,富森美,2025-12-31,6.1224,1.1689,58
002818,富森美,2026-03-31,4.8523,-1.2701,0
002818,富森美,2026-06-30,4.7776,-0.0747,57
002819,东方中科,2025-12-31,57.3588,0.0850,23
002819,东方中科,2026-03-31,56.0713,-1.2875,0
002819,东方中科,2026-06-30,56.1182,0.0469,26
002820,桂发祥,2025-12-31,37.3922,0.0250,27
002820,桂发祥,2026-03-31,40.2505,2.8583,2
002820,桂发祥,2026-06-30,41.7645,1.5140,83
002821,凯莱英,2025-12-31,62.7185,7.9641,406
002821,凯莱英,2026-03-31,56.9386,-5.7799,70
002821,凯莱英,2026-06-30,66.0269,9.0883,674
002822,ST中装,2025-12-31,24.2288,20.1099,0
002822,ST中装,2026-03-31,23.8585,-0.3703,0
002822,ST中装,2026-06-30,21.2037,-2.6548,0
002823,凯中精密,2025-12-31,6.2694,1.2002,71
002823,凯中精密,2026-03-31,8.1548,1.8854,3
002823,凯中精密,2026-06-30,9.4258,1.2710,29
002824,和胜股份,2025-12-31,11.6428,7.5687,135
002824,和胜股份,2026-03-31,4.1811,-7.4617,10
002824,和胜股份,2026-06-30,10.5350,6.3539,109
002825,纳尔股份,2025-12-31,0.1916,-0.4307,19
002825,纳尔股份,2026-03-31,0.6011,0.4095,0
002825,纳尔股份,2026-06-30,0.3775,-0.2236,11
002826,易明医药,2025-12-31,29.4630,1.8313,60
002826,易明医药,2026-03-31,27.9494,-1.5136,0
002826,易明医药,2026-06-30,25.6856,-2.2638,53
002827,高争民爆,2025-12-31,59.0195,-0.0300,20
002827,高争民爆,2026-03-31,58.9665,-0.0530,0
002827,高争民爆,2026-06-30,60.0548,1.0883,34
002828,贝肯能源,2025-12-31,3.5385,3.5260,49
002828,贝肯能源,2026-03-31,1.5324,-2.0061,0
002828,贝肯能源,2026-06-30,7.1837,5.6513,26
002829,星网宇达,2025-12-31,3.6297,-6.3954,48
002829,星网宇达,2026-03-31,4.8836,1.2539,1
002829,星网宇达,2026-06-30,5.0645,0.1809,36
002830,名雕股份,2025-12-31,3.5792,-0.5819,21
002830,名雕股份,2026-03-31,3.8808,0.3016,0
002830,名雕股份,2026-06-30,4.4331,0.5523,19
002831,裕同科技,2025-12-31,30.3958,11.1583,315
002831,裕同科技,2026-03-31,21.9274,-8.4684,37
002831,裕同科技,2026-06-30,27.0400,5.1126,390
002832,比音勒芬,2025-12-31,16.9231,6.5194,118
002832,比音勒芬,2026-03-31,12.8964,-4.0267,16
002832,比音勒芬,2026-06-30,34.8216,21.9252,336
002833,弘亚数控,2025-12-31,19.9718,5.4813,77
002833,弘亚数控,2026-03-31,18.0208,-1.9510,13
002833,弘亚数控,2026-06-30,29.9272,11.9064,212
002835,同为股份,2025-12-31,1.7585,1.1082,37
002835,同为股份,2026-03-31,0.6503,-1.1082,0
002835,同为股份,2026-06-30,1.4743,0.8240,28
002836,新宏泽,2025-12-31,61.5531,-3.3270,12
002836,新宏泽,2026-03-31,61.4351,-0.1180,0
002836,新宏泽,2026-06-30,63.9581,2.5230,36
002837,英维克,2025-12-31,51.8163,7.0760,765
002837,英维克,2026-03-31,42.4870,-9.3293,91
002837,英维克,2026-06-30,40.0139,-2.4731,699
002838,道恩股份,2025-12-31,50.9839,0.6058,82
002838,道恩股份,2026-03-31,53.8319,2.8480,3
002838,道恩股份,2026-06-30,56.8198,2.9879,267
002839,张家港行,2025-12-31,49.2295,9.8804,223
002839,张家港行,2026-03-31,40.9752,-8.2543,4
002839,张家港行,2026-06-30,48.4961,7.5209,186
002840,华统股份,2025-12-31,51.7043,-4.6702,39
002840,华统股份,2026-03-31,49.1724,-2.5319,7
002840,华统股份,2026-06-30,53.4871,4.3147,109
002841,视源股份,2025-12-31,17.1421,6.9404,434
002841,视源股份,2026-03-31,8.6748,-8.4673,14
002841,视源股份,2026-06-30,13.9709,5.2961,397
002842,翔鹭钨业,2025-12-31,21.2082,4.2150,42
002842,翔鹭钨业,2026-03-31,18.9317,-2.2765,4
002842,翔鹭钨业,2026-06-30,22.8909,3.9592,98
002843,泰嘉股份,2025-12-31,45.5157,-1.3914,37
002843,泰嘉股份,2026-03-31,46.0623,0.5466,3
002843,泰嘉股份,2026-06-30,44.1591,-1.9032,77
002845,同兴达,2025-12-31,10.5630,9.3846,24
002845,同兴达,2026-03-31,10.4689,-0.0941,1
002845,同兴达,2026-06-30,13.2219,2.7530,28
002846,英联股份,2025-12-31,7.9788,1.9465,61
002846,英联股份,2026-03-31,7.4306,-0.5482,4
002846,英联股份,2026-06-30,7.0246,-0.4060,28
002847,盐津铺子,2025-12-31,59.0105,3.7789,311
002847,盐津铺子,2026-03-31,51.9136,-7.0969,33
002847,盐津铺子,2026-06-30,54.7259,2.8123,167
002848,高斯贝尔,2025-12-31,27.4981,0.2592,0
002848,高斯贝尔,2026-03-31,27.3331,-0.1650,0
002848,高斯贝尔,2026-06-30,27.4411,0.1080,9
002849,威星智能,2025-12-31,12.9373,0.7442,72
002849,威星智能,2026-03-31,11.3957,-1.5416,1
002849,威星智能,2026-06-30,15.6136,4.2179,53
002850,科达利,2025-12-31,41.4904,12.6292,715
002850,科达利,2026-03-31,27.3135,-14.1769,128
002850,科达利,2026-06-30,40.9925,13.6790,827
002851,麦格米特,2025-12-31,19.1344,8.2082,547
002851,麦格米特,2026-03-31,11.7831,-7.3513,78
002851,麦格米特,2026-06-30,15.7682,3.9851,715
002852,道道全,2025-12-31,30.6955,2.4696,60
002852,道道全,2026-03-31,29.3196,-1.3759,2
002852,道道全,2026-06-30,32.7060,3.3864,48
002853,皮阿诺,2025-12-31,20.1155,-3.3431,11
002853,皮阿诺,2026-03-31,35.3748,15.2593,1
002853,皮阿诺,2026-06-30,35.6548,0.2800,17
002855,捷荣技术,2025-12-31,63.6205,-0.6671,2
002855,捷荣技术,2026-03-31,64.4800,0.8595,1
002855,捷荣技术,2026-06-30,65.5141,1.0341,18
002856,*ST美芝,2025-12-31,33.9625,-0.5225,13
002856,*ST美芝,2026-03-31,37.7283,3.7658,0
002856,*ST美芝,2026-06-30,35.4113,-2.3170,0
002857,三晖电气,2025-12-31,25.6653,-0.5217,24
002857,三晖电气,2026-03-31,25.8888,0.2235,1
002857,三晖电气,2026-06-30,25.5455,-0.3433,44
002858,力盛体育,2025-12-31,28.1029,9.1363,69
002858,力盛体育,2026-03-31,27.6645,-0.4384,21
002858,力盛体育,2026-06-30,28.9644,1.2999,88
002859,洁美科技,2025-12-31,69.0766,5.9917,112
002859,洁美科技,2026-03-31,67.0778,-1.9988,20
002859,洁美科技,2026-06-30,64.0041,-3.0737,345
002860,星帅尔,2025-12-31,19.9857,8.0770,42
002860,星帅尔,2026-03-31,13.1649,-6.8208,2
002860,星帅尔,2026-06-30,15.9200,2.7551,27
002861,瀛通通讯,2025-12-31,2.1794,0.3604,13
002861,瀛通通讯,2026-03-31,3.4630,1.2836,0
002861,瀛通通讯,2026-06-30,6.7355,3.2725,38
002862,实丰文化,2025-12-31,9.5666,5.6853,7
002862,实丰文化,2026-03-31,5.5565,-4.0101,2
002862,实丰文化,2026-06-30,10.6493,5.0928,56
002863,今飞凯达,2025-12-31,40.1106,-3.3631,78
002863,今飞凯达,2026-03-31,39.3023,-0.8083,3
002863,今飞凯达,2026-06-30,40.2974,0.9951,75
002864,盘龙药业,2025-12-31,6.8989,0.2218,32
002864,盘龙药业,2026-03-31,5.4530,-1.4459,3
002864,盘龙药业,2026-06-30,6.5716,1.1186,41
002865,钧达股份,2025-12-31,42.7548,0.9129,118
002865,钧达股份,2026-03-31,45.5826,2.8278,55
002865,钧达股份,2026-06-30,40.0320,-5.5506,201
002866,传艺科技,2025-12-31,4.5067,1.4598,46
002866,传艺科技,2026-03-31,3.7325,-0.7742,1
002866,传艺科技,2026-06-30,6.6880,2.9555,21
002867,周大生,2025-12-31,75.8921,4.3509,243
002867,周大生,2026-03-31,71.1710,-4.7211,14
002867,周大生,2026-06-30,74.9177,3.7467,189
002868,绿康生化,2025-12-31,36.8413,-19.0821,0
002868,绿康生化,2026-03-31,35.4886,-1.3527,0
002868,绿康生化,2026-06-30,34.3908,-1.0978,7
002869,金溢科技,2025-12-31,25.4213,-2.4623,29
002869,金溢科技,2026-03-31,25.7513,0.3300,4
002869,金溢科技,2026-06-30,28.0674,2.3161,9
002870,香山股份,2025-12-31,34.5186,-0.6261,59
002870,香山股份,2026-03-31,32.4880,-2.0306,2
002870,香山股份,2026-06-30,31.9797,-0.5083,37
002871,伟隆股份,2025-12-31,23.6180,4.1760,30
002871,伟隆股份,2026-03-31,18.4315,-5.1865,0
002871,伟隆股份,2026-06-30,11.9669,-6.4646,15
002872,ST天圣,2025-12-31,7.8952,0.0000,0
002872,ST天圣,2026-03-31,7.8952,0.0000,0
002872,ST天圣,2026-06-30,7.8952,0.0000,0
002873,新天药业,2025-12-31,34.3034,-0.4802,61
002873,新天药业,2026-03-31,32.2156,-2.0878,3
002873,新天药业,2026-06-30,34.9087,2.6931,75
002875,安奈儿,2025-12-31,19.1991,-4.0354,6
002875,安奈儿,2026-03-31,21.5961,2.3970,1
002875,安奈儿,2026-06-30,19.4856,-2.1105,29
002876,三利谱,2025-12-31,5.0665,1.2314,40
002876,三利谱,2026-03-31,3.5277,-1.5388,3
002876,三利谱,2026-06-30,7.9267,4.3990,105
002877,智能自控,2025-12-31,2.2510,0.1419,9
002877,智能自控,2026-03-31,1.5220,-0.7290,0
002877,智能自控,2026-06-30,1.8599,0.3379,27
002878,元隆雅图,2025-12-31,38.2260,1.2439,35
002878,元隆雅图,2026-03-31,40.3331,2.1071,2
002878,元隆雅图,2026-06-30,38.2315,-2.1016,14
002879,长缆科技,2025-12-31,11.3049,1.5745,24
002879,长缆科技,2026-03-31,12.2027,0.8978,3
002879,长缆科技,2026-06-30,9.8163,-2.3864,43
002880,卫光生物,2025-12-31,75.1498,-0.2603,8
002880,卫光生物,2026-03-31,73.6594,-1.4904,0
002880,卫光生物,2026-06-30,73.1130,-0.5464,10
002881,美格智能,2025-12-31,22.2340,1.0478,47
002881,美格智能,2026-03-31,19.2756,-2.9584,2
002881,美格智能,2026-06-30,22.1717,2.8961,70
002882,金龙羽,2025-12-31,2.4907,1.5293,32
002882,金龙羽,2026-03-31,2.2329,-0.2578,1
002882,金龙羽,2026-06-30,3.8778,1.6449,38
002883,*ST中设,2025-12-31,26.2464,-0.2089,28
002883,*ST中设,2026-03-31,26.1032,-0.1432,0
002883,*ST中设,2026-06-30,25.5616,-0.5416,0
002884,凌霄泵业,2025-12-31,13.6138,3.7885,124
002884,凌霄泵业,2026-03-31,11.1033,-2.5105,11
002884,凌霄泵业,2026-06-30,14.3602,3.2569,63
002885,京泉华,2025-12-31,17.8094,-0.9497,39
002885,京泉华,2026-03-31,16.9307,-0.8787,2
002885,京泉华,2026-06-30,25.4099,8.4792,166
002886,沃特股份,2025-12-31,20.7624,0.7838,56
002886,沃特股份,2026-03-31,21.9983,1.2359,3
002886,沃特股份,2026-06-30,25.4043,3.4060,79
002887,绿茵生态,2025-12-31,42.4176,17.9869,37
002887,绿茵生态,2026-03-31,43.4784,1.0608,0
002887,绿茵生态,2026-06-30,44.5582,1.0798,39
002888,惠威科技,2025-12-31,2.7139,0.0640,7
002888,惠威科技,2026-03-31,3.7294,1.0155,1
002888,惠威科技,2026-06-30,10.2707,6.5413,19
002889,东方嘉盛,2025-12-31,0.5571,0.0253,11
002889,东方嘉盛,2026-03-31,0.8164,0.2593,0
002889,东方嘉盛,2026-06-30,1.7727,0.9563,14
002890,弘宇股份,2025-12-31,1.5318,,37
002890,弘宇股份,2026-03-31,0.0048,-1.5270,1
002890,弘宇股份,2026-06-30,0.8194,0.8146,35
002891,中宠股份,2025-12-31,71.7335,9.8309,285
002891,中宠股份,2026-03-31,58.8860,-12.8475,15
002891,中宠股份,2026-06-30,59.0730,0.1870,225
002892,科力尔,2025-12-31,17.7422,4.2969,52
002892,科力尔,2026-03-31,12.4581,-5.2841,5
002892,科力尔,2026-06-30,12.3953,-0.0628,41
002893,京能热力,2025-12-31,10.1477,-0.4427,4
002893,京能热力,2026-03-31,10.2937,0.1460,1
002893,京能热力,2026-06-30,9.6839,-0.6098,8
002895,川恒股份,2025-12-31,64.2837,3.8851,330
002895,川恒股份,2026-03-31,59.7352,-4.5485,26
002895,川恒股份,2026-06-30,63.9090,4.1738,241
002896,中大力德,2025-12-31,57.3675,4.3846,80
002896,中大力德,2026-03-31,52.4562,-4.9113,4
002896,中大力德,2026-06-30,49.4743,-2.9819,52
002897,意华股份,2025-12-31,50.9544,5.7582,157
002897,意华股份,2026-03-31,44.1578,-6.7966,2
002897,意华股份,2026-06-30,49.7629,5.6051,147
002899,英派斯,2025-12-31,36.4454,1.2727,56
002899,英派斯,2026-03-31,36.7460,0.3006,5
002899,英派斯,2026-06-30,37.6734,0.9274,53
002900,哈三联,2025-12-31,9.0244,0.0132,5
002900,哈三联,2026-03-31,11.2940,2.2696,0
002900,哈三联,2026-06-30,9.4452,-1.8488,19
002901,大博医疗,2025-12-31,69.1094,1.2372,120
002901,大博医疗,2026-03-31,66.3612,-2.7482,2
002901,大博医疗,2026-06-30,66.5544,0.1932,89
002902,铭普光磁,2025-12-31,8.9659,0.5349,19
002902,铭普光磁,2026-03-31,15.2060,6.2401,0
002902,铭普光磁,2026-06-30,10.9038,-4.3022,21
002903,宇环数控,2025-12-31,5.0013,0.0561,31
002903,宇环数控,2026-03-31,4.4047,-0.5966,0
002903,宇环数控,2026-06-30,3.4158,-0.9889,51
002905,金逸影视,2025-12-31,5.9781,2.6326,33
002905,金逸影视,2026-03-31,5.6800,-0.2981,2
002905,金逸影视,2026-06-30,4.2928,-1.3872,36
002906,华阳集团,2025-12-31,64.6988,0.9431,164
002906,华阳集团,2026-03-31,60.8795,-3.8193,9
002906,华阳集团,2026-06-30,62.8447,1.9652,136
002907,华森制药,2025-12-31,51.9108,-6.1664,8
002907,华森制药,2026-03-31,51.2857,-0.6251,0
002907,华森制药,2026-06-30,51.0225,-0.2632,14
002908,德生科技,2025-12-31,1.7603,1.2179,31
002908,德生科技,2026-03-31,1.5589,-0.2014,0
002908,德生科技,2026-06-30,1.1983,-0.3606,18
002909,集泰股份,2025-12-31,40.6243,0.5513,14
002909,集泰股份,2026-03-31,41.6692,1.0449,2
002909,集泰股份,2026-06-30,42.5023,0.8331,39
002910,庄园牧场,2025-12-31,44.6647,-0.2649,21
002910,庄园牧场,2026-03-31,46.6998,2.0351,1
002910,庄园牧场,2026-06-30,47.6157,0.9159,35
002911,佛燃能源,2025-12-31,88.7801,1.2211,65
002911,佛燃能源,2026-03-31,88.4028,-0.3773,14
002911,佛燃能源,2026-06-30,89.5910,1.1882,128
002912,中新赛克,2025-12-31,37.0759,1.1974,53
002912,中新赛克,2026-03-31,33.5536,-3.5223,4
002912,中新赛克,2026-06-30,34.1569,0.6033,63
002913,奥士康,2025-12-31,61.1128,2.1446,180
002913,奥士康,2026-03-31,58.8193,-2.2935,2
002913,奥士康,2026-06-30,57.6594,-1.1599,126
002915,中欣氟材,2025-12-31,36.0835,-0.5523,20
002915,中欣氟材,2026-03-31,35.9594,-0.1241,0
002915,中欣氟材,2026-06-30,34.7071,-1.2523,7
002916,深南电路,2025-12-31,82.7241,3.3924,1098
002916,深南电路,2026-03-31,74.8914,-7.8327,116
002916,深南电路,2026-06-30,81.7642,6.8728,1536
002917,金奥博,2025-12-31,31.0666,1.5227,38
002917,金奥博,2026-03-31,28.5989,-2.4677,3
002917,金奥博,2026-06-30,29.0632,0.4643,36
002918,蒙娜丽莎,2025-12-31,13.5018,1.8872,97
002918,蒙娜丽莎,2026-03-31,13.3860,-0.1158,1
002918,蒙娜丽莎,2026-06-30,15.1503,1.7643,94
002919,名臣健康,2025-12-31,5.5072,1.1303,43
002919,名臣健康,2026-03-31,2.7423,-2.7649,1
002919,名臣健康,2026-06-30,6.8965,4.1542,72
002920,德赛西威,2025-12-31,70.9334,2.5339,513
002920,德赛西威,2026-03-31,64.5543,-6.3791,33
002920,德赛西威,2026-06-30,61.7316,-2.8227,368
002921,联诚精密,2025-12-31,13.9010,5.5543,57
002921,联诚精密,2026-03-31,15.9183,2.0173,1
002921,联诚精密,2026-06-30,16.2428,0.3245,33
002922,伊戈尔,2025-12-31,53.0702,20.9241,289
002922,伊戈尔,2026-03-31,38.5646,-14.5056,22
002922,伊戈尔,2026-06-30,38.4280,-0.1366,271
002923,润都股份,2025-12-31,2.1392,0.5737,19
002923,润都股份,2026-03-31,1.9377,-0.2015,0
002923,润都股份,2026-06-30,3.0980,1.1603,76
002925,盈趣科技,2025-12-31,64.5279,0.2245,48
002925,盈趣科技,2026-03-31,65.2886,0.7607,10
002925,盈趣科技,2026-06-30,65.0779,-0.2107,104
002926,华西证券,2025-12-31,61.9625,4.3481,195
002926,华西证券,2026-03-31,56.9914,-4.9711,3
002926,华西证券,2026-06-30,60.1864,3.1950,198
002927,泰永长征,2025-12-31,52.2924,-3.1781,12
002927,泰永长征,2026-03-31,52.5558,0.2634,0
002927,泰永长征,2026-06-30,54.2517,1.6959,23
002928,华夏航空,2025-12-31,66.2699,2.9517,221
002928,华夏航空,2026-03-31,58.6496,-7.6203,15
002928,华夏航空,2026-06-30,61.5053,2.8557,142
002929,润建股份,2025-12-31,29.5126,0.7919,54
002929,润建股份,2026-03-31,32.0656,2.5530,5
002929,润建股份,2026-06-30,28.2704,-3.7952,94
002930,宏川智慧,2025-12-31,54.9656,-2.1842,17
002930,宏川智慧,2026-03-31,52.1679,-2.7977,2
002930,宏川智慧,2026-06-30,53.2395,1.0716,42
002931,锋龙股份,2025-12-31,48.7806,3.1367,35
002931,锋龙股份,2026-03-31,43.9825,-4.7981,1
002931,锋龙股份,2026-06-30,51.5192,7.5367,73
002932,*ST明德,2025-12-31,8.5557,0.9456,46
002932,*ST明德,2026-03-31,4.8856,-3.6701,3
002932,*ST明德,2026-06-30,4.1610,-0.7246,3
002933,新兴装备,2025-12-31,25.1935,-0.2615,28
002933,新兴装备,2026-03-31,25.4316,0.2381,2
002933,新兴装备,2026-06-30,25.4968,0.0652,30
002935,天奥电子,2025-12-31,46.3985,0.9340,57
002935,天奥电子,2026-03-31,46.2397,-0.1588,5
002935,天奥电子,2026-06-30,46.8875,0.6478,47
002936,郑州银行,2025-12-31,38.7409,1.8749,61
002936,郑州银行,2026-03-31,37.5995,-1.1414,0
002936,郑州银行,2026-06-30,38.1568,0.5573,52
002937,兴瑞科技,2025-12-31,61.0474,-4.6100,51
002937,兴瑞科技,2026-03-31,62.1440,1.0966,3
002937,兴瑞科技,2026-06-30,58.7755,-3.3685,65
002938,鹏鼎控股,2025-12-31,83.5002,2.6122,777
002938,鹏鼎控股,2026-03-31,79.3838,-4.1164,67
002938,鹏鼎控股,2026-06-30,82.0957,2.7119,1023
002939,长城证券,2025-12-31,73.7228,1.8269,183
002939,长城证券,2026-03-31,71.4512,-2.2716,3
002939,长城证券,2026-06-30,73.1094,1.6582,170
002940,昂利康,2025-12-31,46.2179,-4.0600,91
002940,昂利康,2026-03-31,42.6262,-3.5917,3
002940,昂利康,2026-06-30,42.4361,-0.1901,18
002941,新疆交建,2025-12-31,49.9028,-1.1557,73
002941,新疆交建,2026-03-31,46.9345,-2.9683,0
002941,新疆交建,2026-06-30,47.7372,0.8027,56
002942,新农股份,2025-12-31,63.3851,0.2328,34
002942,新农股份,2026-03-31,63.3059,-0.0792,0
002942,新农股份,2026-06-30,65.4679,2.1620,85
002943,宇晶股份,2025-12-31,26.5992,1.5030,41
002943,宇晶股份,2026-03-31,24.7948,-1.8044,9
002943,宇晶股份,2026-06-30,24.1256,-0.6692,120
002945,华林证券,2025-12-31,91.1755,0.2931,113
002945,华林证券,2026-03-31,90.8594,-0.3161,5
002945,华林证券,2026-06-30,91.2376,0.3782,127
002946,新乳业,2025-12-31,87.7044,6.2177,321
002946,新乳业,2026-03-31,84.1157,-3.5887,45
002946,新乳业,2026-06-30,87.5840,3.4683,277
002947,恒铭达,2025-12-31,27.7070,11.6134,132
002947,恒铭达,2026-03-31,17.7425,-9.9645,11
002947,恒铭达,2026-06-30,21.6118,3.8693,316
002948,青岛银行,2025-12-31,62.9835,5.8736,205
002948,青岛银行,2026-03-31,58.8100,-4.1735,36
002948,青岛银行,2026-06-30,69.4623,10.6523,324
002949,华阳国际,2025-12-31,19.0154,0.4881,36
002949,华阳国际,2026-03-31,15.5857,-3.4297,1
002949,华阳国际,2026-06-30,21.1577,5.5720,85
002950,奥美医疗,2025-12-31,9.8181,5.0994,95
002950,奥美医疗,2026-03-31,7.5737,-2.2444,2
002950,奥美医疗,2026-06-30,6.4864,-1.0873,41
002951,金时科技,2025-12-31,83.2962,0.9118,4
002951,金时科技,2026-03-31,83.9436,0.6474,0
002951,金时科技,2026-06-30,83.9272,-0.0164,8
002952,亚世光电,2025-12-31,46.7537,0.8807,17
002952,亚世光电,2026-03-31,47.3690,0.6153,0
002952,亚世光电,2026-06-30,46.5677,-0.8013,33
002953,日丰股份,2025-12-31,1.2345,0.2022,20
002953,日丰股份,2026-03-31,1.5601,0.3256,0
002953,日丰股份,2026-06-30,4.1001,2.5400,46
002955,鸿合科技,2025-12-31,53.3832,19.6067,59
002955,鸿合科技,2026-03-31,52.3165,-1.0667,0
002955,鸿合科技,2026-06-30,50.0421,-2.2744,58
002956,西麦食品,2025-12-31,65.6129,11.8853,225
002956,西麦食品,2026-03-31,60.1614,-5.4515,38
002956,西麦食品,2026-06-30,67.1945,7.0331,282
002957,科瑞技术,2025-12-31,64.8182,3.3455,94
002957,科瑞技术,2026-03-31,63.3466,-1.4716,8
002957,科瑞技术,2026-06-30,65.3209,1.9743,179
002958,青农商行,2025-12-31,46.0476,6.7699,144
002958,青农商行,2026-03-31,43.1891,-2.8585,0
002958,青农商行,2026-06-30,44.8520,1.6629,90
002959,小熊电器,2025-12-31,50.8848,0.3194,97
002959,小熊电器,2026-03-31,49.3780,-1.5068,4
002959,小熊电器,2026-06-30,54.4110,5.0330,42
002960,青鸟智控,2025-12-31,49.0972,8.4865,68
002960,青鸟智控,2026-03-31,45.6004,-3.4968,0
002960,青鸟智控,2026-06-30,44.7314,-0.8690,58
002961,瑞达期货,2025-12-31,78.1826,-2.5959,29
002961,瑞达期货,2026-03-31,75.9746,-2.2080,7
002961,瑞达期货,2026-06-30,76.0834,0.1088,145
002962,五方光电,2025-12-31,3.9216,-1.2192,13
002962,五方光电,2026-03-31,4.3452,0.4236,0
002962,五方光电,2026-06-30,4.8288,0.4836,2
002963,豪尔赛,2025-12-31,12.5596,3.5407,32
002963,豪尔赛,2026-03-31,11.9055,-0.6541,0
002963,豪尔赛,2026-06-30,8.8063,-3.0992,22
002965,祥鑫科技,2025-12-31,10.6403,0.1641,72
002965,祥鑫科技,2026-03-31,7.0873,-3.5530,1
002965,祥鑫科技,2026-06-30,9.4783,2.3910,62
002966,苏州银行,2025-12-31,48.8988,7.7321,418
002966,苏州银行,2026-03-31,44.5721,-4.3267,33
002966,苏州银行,2026-06-30,49.5789,5.0068,391
002967,广电计量,2025-12-31,57.5896,4.6839,191
002967,广电计量,2026-03-31,51.2036,-6.3860,4
002967,广电计量,2026-06-30,52.2503,1.0467,89
002968,新大正,2025-12-31,22.5774,2.7390,67
002968,新大正,2026-03-31,20.3809,-2.1965,1
002968,新大正,2026-06-30,24.8051,4.4242,110
002969,嘉美包装,2025-12-31,57.2437,-1.3123,34
002969,嘉美包装,2026-03-31,50.6414,-6.6023,0
002969,嘉美包装,2026-06-30,54.9938,4.3524,124
002970,锐明技术,2025-12-31,26.2181,2.0347,106
002970,锐明技术,2026-03-31,33.9702,7.7521,19
002970,锐明技术,2026-06-30,22.5161,-11.4541,92
002971,和远气体,2025-12-31,32.6094,-3.5711,32
002971,和远气体,2026-03-31,30.2208,-2.3886,1
002971,和远气体,2026-06-30,23.6147,-6.6061,29
002972,科安达,2025-12-31,4.0271,0.9560,27
002972,科安达,2026-03-31,5.8510,1.8239,7
002972,科安达,2026-06-30,10.3153,4.4643,45
002973,侨银股份,2025-12-31,12.5534,-4.7745,8
002973,侨银股份,2026-03-31,12.6252,0.0718,0
002973,侨银股份,2026-06-30,12.7124,0.0872,7
002975,博杰股份,2025-12-31,20.8676,4.1183,122
002975,博杰股份,2026-03-31,11.2603,-9.6073,1
002975,博杰股份,2026-06-30,23.3938,12.1335,231
002976,瑞玛精密,2025-12-31,9.9170,2.2228,40
002976,瑞玛精密,2026-03-31,10.3378,0.4208,5
002976,瑞玛精密,2026-06-30,17.7781,7.4403,26
002977,*ST天箭,2025-12-31,2.7855,0.9991,4
002977,*ST天箭,2026-03-31,4.6490,1.8635,0
002977,*ST天箭,2026-06-30,1.6256,-3.0234,0
002978,安宁股份,2025-12-31,51.3263,1.2508,107
002978,安宁股份,2026-03-31,48.6905,-2.6358,1
002978,安宁股份,2026-06-30,49.5052,0.8147,52
002979,雷赛智能,2025-12-31,25.5568,7.4156,114
002979,雷赛智能,2026-03-31,17.1034,-8.4534,3
002979,雷赛智能,2026-06-30,27.0658,9.9624,200
002980,华盛昌,2025-12-31,12.9989,0.5426,13
002980,华盛昌,2026-03-31,20.7944,7.7955,14
002980,华盛昌,2026-06-30,25.7995,5.0051,126
002981,朝阳科技,2025-12-31,61.7352,-0.5006,36
002981,朝阳科技,2026-03-31,60.7315,-1.0037,0
002981,朝阳科技,2026-06-30,59.6146,-1.1169,19
002982,湘佳股份,2025-12-31,10.8635,2.1526,25
002982,湘佳股份,2026-03-31,9.5005,-1.3630,2
002982,湘佳股份,2026-06-30,8.8890,-0.6115,41
002983,芯瑞达,2025-12-31,28.5877,-0.3073,20
002983,芯瑞达,2026-03-31,28.4386,-0.1491,1
002983,芯瑞达,2026-06-30,27.2914,-1.1472,19
002984,森麒麟,2025-12-31,31.5015,14.1550,373
002984,森麒麟,2026-03-31,16.7419,-14.7596,15
002984,森麒麟,2026-06-30,21.0789,4.3370,187
002985,北摩高科,2025-12-31,6.0901,-3.7425,108
002985,北摩高科,2026-03-31,3.6020,-2.4881,5
002985,北摩高科,2026-06-30,5.3169,1.7149,94
002986,宇新股份,2025-12-31,8.0232,1.2386,46
002986,宇新股份,2026-03-31,6.2684,-1.7548,2
002986,宇新股份,2026-06-30,13.1556,6.8872,63
002987,京北方,2025-12-31,63.1557,2.6229,146
002987,京北方,2026-03-31,60.1192,-3.0365,3
002987,京北方,2026-06-30,60.5408,0.4216,59
002988,豪美新材,2025-12-31,63.4218,0.3701,45
002988,豪美新材,2026-03-31,62.7906,-0.6312,1
002988,豪美新材,2026-06-30,62.6173,-0.1733,47
002989,中天精装,2025-12-31,50.7754,2.0338,18
002989,中天精装,2026-03-31,49.3849,-1.3905,0
002989,中天精装,2026-06-30,50.4223,1.0374,26
002990,盛视科技,2025-12-31,11.4595,-6.0476,28
002990,盛视科技,2026-03-31,11.8338,0.3743,1
002990,盛视科技,2026-06-30,15.8200,3.9862,81
002991,甘源食品,2025-12-31,16.9982,8.1459,73
002991,甘源食品,2026-03-31,11.7792,-5.2190,6
002991,甘源食品,2026-06-30,15.2663,3.4871,62
002992,宝明科技,2025-12-31,46.7383,0.2828,13
002992,宝明科技,2026-03-31,45.0889,-1.6494,1
002992,宝明科技,2026-06-30,44.8182,-0.2707,6
002993,奥海科技,2025-12-31,67.3218,6.0572,299
002993,奥海科技,2026-03-31,61.2917,-6.0301,10
002993,奥海科技,2026-06-30,63.5869,2.2952,207
002995,天地在线,2025-12-31,18.2860,-0.0353,23
002995,天地在线,2026-03-31,20.6637,2.3777,0
002995,天地在线,2026-06-30,18.9304,-1.7333,17
002996,顺博合金,2025-12-31,3.5869,0.4659,57
002996,顺博合金,2026-03-31,1.4647,-2.1222,0
002996,顺博合金,2026-06-30,3.5482,2.0835,50
002997,瑞鹄模具,2025-12-31,52.4447,4.0465,122
002997,瑞鹄模具,2026-03-31,46.5847,-5.8600,2
002997,瑞鹄模具,2026-06-30,45.6203,-0.9644,56
002998,优彩资源,2025-12-31,8.0112,0.9184,41
002998,优彩资源,2026-03-31,7.2950,-0.7162,0
002998,优彩资源,2026-06-30,16.4255,9.1305,128
002999,天禾股份,2025-12-31,43.6791,4.3551,88
002999,天禾股份,2026-03-31,42.4209,-1.2582,1
002999,天禾股份,2026-06-30,40.6095,-1.8114,69
003000,劲仔食品,2025-12-31,4.9376,1.7953,55
003000,劲仔食品,2026-03-31,2.1361,-2.8015,3
003000,劲仔食品,2026-06-30,6.6352,4.4991,87
003001,中岩大地,2025-12-31,8.5393,-0.2912,9
003001,中岩大地,2026-03-31,9.1419,0.6026,0
003001,中岩大地,2026-06-30,10.0173,0.8754,34
003002,壶化股份,2025-12-31,33.5497,2.7843,26
003002,壶化股份,2026-03-31,33.2755,-0.2742,0
003002,壶化股份,2026-06-30,35.7278,2.4523,23
003003,天元股份,2025-12-31,7.1625,0.5505,39
003003,天元股份,2026-03-31,7.6457,0.4832,0
003003,天元股份,2026-06-30,10.8810,3.2353,74
003004,声迅股份,2025-12-31,46.0037,0.2604,0
003004,声迅股份,2026-03-31,45.0741,-0.9296,0
003004,声迅股份,2026-06-30,47.0568,1.9827,1
003005,竞业达,2025-12-31,4.0581,-2.6847,17
003005,竞业达,2026-03-31,2.9641,-1.0940,1
003005,竞业达,2026-06-30,3.9806,1.0165,13
003006,百亚股份,2025-12-31,80.5279,8.1331,208
003006,百亚股份,2026-03-31,67.6679,-12.8600,14
003006,百亚股份,2026-06-30,74.1894,6.5215,156
003007,直真科技,2025-12-31,2.1612,,20
003007,直真科技,2026-03-31,2.8777,0.7165,1
003007,直真科技,2026-06-30,0.5264,-2.3513,14
003008,开普检测,2025-12-31,32.8185,1.7199,51
003008,开普检测,2026-03-31,32.5847,-0.2338,4
003008,开普检测,2026-06-30,34.7081,2.1234,86
003009,中天火箭,2025-12-31,68.3221,-2.9120,15
003009,中天火箭,2026-03-31,64.0158,-4.3063,0
003009,中天火箭,2026-06-30,63.8153,-0.2005,14
003010,若羽臣,2025-12-31,44.5194,10.8399,251
003010,若羽臣,2026-03-31,29.1561,-15.3633,26
003010,若羽臣,2026-06-30,35.6349,6.4788,204
003011,海象新材,2025-12-31,19.7296,2.8020,71
003011,海象新材,2026-03-31,16.9140,-2.8156,2
003011,海象新材,2026-06-30,25.1501,8.2361,68
003012,东鹏控股,2025-12-31,70.6920,1.0934,120
003012,东鹏控股,2026-03-31,66.7765,-3.9155,0
003012,东鹏控股,2026-06-30,66.4897,-0.2868,62
003013,地铁设计,2025-12-31,83.1826,-0.6605,38
003013,地铁设计,2026-03-31,81.9113,-1.2713,0
003013,地铁设计,2026-06-30,83.5852,1.6739,4
003015,日久光电,2025-12-31,12.7693,0.1362,79
003015,日久光电,2026-03-31,9.8853,-2.8840,1
003015,日久光电,2026-06-30,10.1577,0.2724,20
003016,欣贺股份,2025-12-31,71.2992,0.3379,8
003016,欣贺股份,2026-03-31,71.5688,0.2696,0
003016,欣贺股份,2026-06-30,73.3847,1.8159,64
003017,大洋生物,2025-12-31,7.9641,5.8517,82
003017,大洋生物,2026-03-31,3.2714,-4.6927,3
003017,大洋生物,2026-06-30,4.7415,1.4701,65
003018,金富科技,2025-12-31,7.9250,-8.4050,13
003018,金富科技,2026-03-31,7.5557,-0.3693,1
003018,金富科技,2026-06-30,11.3564,3.8007,134
003019,宸展光电,2025-12-31,39.2494,-1.3550,57
003019,宸展光电,2026-03-31,37.7498,-1.4996,0
003019,宸展光电,2026-06-30,39.9689,2.2191,57
003020,立方制药,2025-12-31,29.5556,0.9467,31
003020,立方制药,2026-03-31,29.1581,-0.3975,2
003020,立方制药,2026-06-30,28.6503,-0.5078,43
003021,兆威机电,2025-12-31,60.6991,1.1871,148
003021,兆威机电,2026-03-31,59.5796,-1.1195,7
003021,兆威机电,2026-06-30,59.7396,0.1600,105
003022,联泓新科,2025-12-31,80.4947,-0.2280,134
003022,联泓新科,2026-03-31,79.5260,-0.9687,2
003022,联泓新科,2026-06-30,81.0818,1.5558,246
003023,彩虹集团,2025-12-31,52.9617,0.7170,18
003023,彩虹集团,2026-03-31,53.3794,0.4177,1
003023,彩虹集团,2026-06-30,56.3401,2.9607,59
003025,思进智能,2025-12-31,40.6997,-0.3387,80
003025,思进智能,2026-03-31,38.6268,-2.0729,3
003025,思进智能,2026-06-30,40.4977,1.8709,50
003026,中晶科技,2025-12-31,10.6634,0.7579,31
003026,中晶科技,2026-03-31,8.7644,-1.8990,2
003026,中晶科技,2026-06-30,4.6111,-4.1533,12
003027,同兴科技,2025-12-31,5.1409,2.4069,39
003027,同兴科技,2026-03-31,4.1080,-1.0329,3
003027,同兴科技,2026-06-30,3.6529,-0.4551,37
003028,振邦智能,2025-12-31,13.6242,-0.4477,28
003028,振邦智能,2026-03-31,12.7940,-0.8302,0
003028,振邦智能,2026-06-30,13.0589,0.2649,13
003029,吉大正元,2025-12-31,39.3577,-0.6146,15
003029,吉大正元,2026-03-31,38.1960,-1.1617,0
003029,吉大正元,2026-06-30,39.9221,1.7261,44
003030,祖名股份,2025-12-31,27.6360,4.4977,108
003030,祖名股份,2026-03-31,27.9062,0.2702,3
003030,祖名股份,2026-06-30,26.6441,-1.2621,39
003031,中瓷电子,2025-12-31,29.9777,-0.0648,227
003031,中瓷电子,2026-03-31,24.9338,-5.0439,5
003031,中瓷电子,2026-06-30,27.6918,2.7580,343
003032,传智教育,2025-12-31,16.6682,-0.4986,0
003032,传智教育,2026-03-31,16.6682,0.0000,0
003032,传智教育,2026-06-30,16.8394,0.1712,12
003033,征和工业,2025-12-31,74.2867,4.2017,45
003033,征和工业,2026-03-31,69.6218,-4.6649,2
003033,征和工业,2026-06-30,71.8557,2.2339,9
003035,南网能源,2025-12-31,79.5269,1.1408,179
003035,南网能源,2026-03-31,78.2545,-1.2724,10
003035,南网能源,2026-06-30,77.5844,-0.6701,147
003036,泰坦股份,2025-12-31,69.4607,0.3599,4
003036,泰坦股份,2026-03-31,70.3373,0.8766,0
003036,泰坦股份,2026-06-30,69.9180,-0.4193,29
003037,三和管桩,2025-12-31,69.9211,0.2080,29
003037,三和管桩,2026-03-31,69.4809,-0.4402,0
003037,三和管桩,2026-06-30,69.7980,0.3171,19
003038,鑫铂股份,2025-12-31,14.4759,-2.1909,26
003038,鑫铂股份,2026-03-31,12.9236,-1.5523,1
003038,鑫铂股份,2026-06-30,12.2346,-0.6890,24
003039,顺控发展,2025-12-31,82.5707,0.1201,58
003039,顺控发展,2026-03-31,80.0775,-2.4932,2
003039,顺控发展,2026-06-30,81.0360,0.9585,60
003040,楚天龙,2025-12-31,50.5589,-1.6726,34
003040,楚天龙,2026-03-31,49.5077,-1.0512,1
003040,楚天龙,2026-06-30,50.6395,1.1318,39
003041,真爱美家,2025-12-31,65.5394,1.8133,20
003041,真爱美家,2026-03-31,66.3799,0.8405,2
003041,真爱美家,2026-06-30,64.2178,-2.1621,22
003042,中农联合,2025-12-31,49.8246,2.0361,28
003042,中农联合,2026-03-31,52.6308,2.8062,1
003042,中农联合,2026-06-30,45.8065,-6.8243,63
003043,华亚智能,2025-12-31,15.4601,-0.5843,46
003043,华亚智能,2026-03-31,18.7526,3.2925,4
003043,华亚智能,2026-06-30,22.6575,3.9049,60
003816,中国广核,2025-12-31,90.5127,1.8476,464
003816,中国广核,2026-03-31,90.0815,-0.4312,39
003816,中国广核,2026-06-30,93.0608,2.9793,588
200012,南玻B,2025-12-31,8.3154,-0.0602,0
200012,南玻B,2026-03-31,8.4255,0.1101,0
200012,南玻B,2026-06-30,11.0630,2.6375,0
200016,*ST康佳B,2025-12-31,38.9446,-0.1171,0
200016,*ST康佳B,2026-03-31,38.9446,0.0000,0
200016,*ST康佳B,2026-06-30,38.9446,0.0000,0
200017,深中华B,2025-12-31,38.8566,1.9777,0
200017,深中华B,2026-03-31,39.8151,0.9585,0
200017,深中华B,2026-06-30,40.4386,0.6235,0
200020,深华发B,2025-12-31,34.6332,1.0284,0
200020,深华发B,2026-03-31,34.6332,0.0000,0
200020,深华发B,2026-06-30,33.6931,-0.9401,0
200037,深南电B,2025-12-31,40.6572,0.0000,0
200037,深南电B,2026-03-31,40.3761,-0.2811,0
200037,深南电B,2026-06-30,40.0884,-0.2877,0
200055,方大B,2025-12-31,31.7688,0.8715,0
200055,方大B,2026-03-31,32.2874,0.5186,0
200055,方大B,2026-06-30,32.3280,0.0406,0
200056,*ST皇庭B,2025-12-31,58.0358,4.5252,0
200056,*ST皇庭B,2026-03-31,56.9133,-1.1225,0
200056,*ST皇庭B,2026-06-30,56.9133,0.0000,0
200429,粤高速B,2025-12-31,3.7853,0.0000,0
200429,粤高速B,2026-03-31,3.7853,0.0000,0
200429,粤高速B,2026-06-30,3.7853,0.0000,0
200468,宁通信B,2025-12-31,5.0997,-1.2308,0
200468,宁通信B,2026-03-31,5.1062,0.0065,0
200468,宁通信B,2026-06-30,4.9926,-0.1136,0
200488,ST晨鸣B,2025-12-31,29.8304,0.0000,0
200488,ST晨鸣B,2026-03-31,31.2461,1.4157,0
200488,ST晨鸣B,2026-06-30,29.8304,-1.4157,0
200512,闽灿坤B,2025-12-31,45.4009,-0.5051,0
200512,闽灿坤B,2026-03-31,45.4009,0.0000,0
200512,闽灿坤B,2026-06-30,45.8740,0.4731,0
200521,虹美菱B,2025-12-31,22.5216,4.2492,0
200521,虹美菱B,2026-03-31,18.2724,-4.2492,0
200521,虹美菱B,2026-06-30,18.2724,0.0000,0
200530,冰山B,2025-12-31,30.4361,-0.8435,0
200530,冰山B,2026-03-31,30.4361,0.0000,0
200530,冰山B,2026-06-30,31.2796,0.8435,0
200539,粤电力B,2025-12-31,6.7751,0.0000,0
200539,粤电力B,2026-03-31,6.7751,0.0000,0
200539,粤电力B,2026-06-30,6.7751,0.0000,0
200541,粤照明B,2025-12-31,20.4605,0.0000,0
200541,粤照明B,2026-03-31,20.4605,0.0000,0
200541,粤照明B,2026-06-30,20.4605,0.0000,0
200550,江铃B,2025-12-31,81.6418,-0.0097,0
200550,江铃B,2026-03-31,81.6285,-0.0133,0
200550,江铃B,2026-06-30,80.2990,-1.3295,0
200553,安道麦B,2025-12-31,1.9729,0.0045,0
200553,安道麦B,2026-03-31,3.9148,1.9419,0
200553,安道麦B,2026-06-30,3.8755,-0.0393,0
200570,苏常柴B,2025-12-31,2.0668,0.0000,0
200570,苏常柴B,2026-03-31,2.0668,0.0000,0
200570,苏常柴B,2026-06-30,2.0668,0.0000,0
200581,苏威孚B,2025-12-31,24.9176,0.0000,0
200581,苏威孚B,2026-03-31,24.9176,0.0000,0
200581,苏威孚B,2026-06-30,24.9176,0.0000,0
200596,古井贡B,2025-12-31,21.2893,-0.5204,0
200596,古井贡B,2026-03-31,21.2723,-0.0170,0
200596,古井贡B,2026-06-30,20.9990,-0.2733,0
200625,长安B,2025-12-31,17.2315,0.1447,0
200625,长安B,2026-03-31,19.2629,2.0314,0
200625,长安B,2026-06-30,22.6352,3.3723,0
200706,瓦轴B,2025-12-31,58.2203,-0.0402,0
200706,瓦轴B,2026-03-31,84.7413,26.5210,0
200706,瓦轴B,2026-06-30,84.7413,0.0000,0
200726,鲁泰B,2025-12-31,53.6347,-0.0024,0
200726,鲁泰B,2026-03-31,53.6347,0.0000,0
200726,鲁泰B,2026-06-30,53.6347,0.0000,0
200869,张裕B,2025-12-31,4.5097,0.2631,0
200869,张裕B,2026-03-31,5.6794,1.1697,0
200869,张裕B,2026-06-30,5.3718,-0.3076,0
201872,招港B,2025-12-31,30.7480,0.0000,0
201872,招港B,2026-03-31,30.7480,0.0000,0
201872,招港B,2026-06-30,30.7480,0.0000,0
300001,特锐德,2025-12-31,46.9149,3.8234,430
300001,特锐德,2026-03-31,41.4733,-5.4416,22
300001,特锐德,2026-06-30,55.3596,13.8863,483
300002,神州泰岳,2025-12-31,23.8429,6.3340,398
300002,神州泰岳,2026-03-31,10.0750,-13.7679,8
300002,神州泰岳,2026-06-30,15.1885,5.1135,300
300003,乐普医疗,2025-12-31,41.2185,8.2348,608
300003,乐普医疗,2026-03-31,32.0548,-9.1637,31
300003,乐普医疗,2026-06-30,33.3327,1.2779,331
300004,南风股份,2025-12-31,27.1968,0.0444,15
300004,南风股份,2026-03-31,29.2227,2.0259,3
300004,南风股份,2026-06-30,29.0675,-0.1552,48
300005,探路者,2025-12-31,23.3832,4.8593,75
300005,探路者,2026-03-31,21.5604,-1.8228,3
300005,探路者,2026-06-30,21.6121,0.0517,88
300006,莱美药业,2025-12-31,26.7009,0.1827,25
300006,莱美药业,2026-03-31,28.0000,1.2991,0
300006,莱美药业,2026-06-30,26.9851,-1.0149,39
300007,汉威科技,2025-12-31,14.4283,1.0563,171
300007,汉威科技,2026-03-31,6.7391,-7.6892,11
300007,汉威科技,2026-06-30,7.4447,0.7056,88
300008,天海防务,2025-12-31,26.4263,2.7846,133
300008,天海防务,2026-03-31,21.3360,-5.0903,4
300008,天海防务,2026-06-30,22.2069,0.8709,79
300009,安科生物,2025-12-31,9.6269,2.8468,139
300009,安科生物,2026-03-31,4.8932,-4.7337,5
300009,安科生物,2026-06-30,7.4711,2.5779,92
300010,ST豆神,2025-12-31,12.8109,0.3736,73
300010,ST豆神,2026-03-31,7.6769,-5.1340,2
300010,ST豆神,2026-06-30,6.4933,-1.1836,0
300011,鼎汉技术,2025-12-31,23.5966,0.9255,53
300011,鼎汉技术,2026-03-31,23.1066,-0.4900,1
300011,鼎汉技术,2026-06-30,23.0272,-0.0794,22
300012,华测检测,2025-12-31,41.9696,11.7802,470
300012,华测检测,2026-03-31,35.4900,-6.4796,46
300012,华测检测,2026-06-30,43.8894,8.3994,533
300013,新宁物流,2025-12-31,8.9086,0.1068,7
300013,新宁物流,2026-03-31,11.2246,2.3160,1
300013,新宁物流,2026-06-30,13.1305,1.9059,22
300014,亿纬锂能,2025-12-31,55.4450,-1.4864,1197
300014,亿纬锂能,2026-03-31,44.6300,-10.8150,192
300014,亿纬锂能,2026-06-30,46.1103,1.4803,1068
300015,爱尔眼科,2025-12-31,53.3897,4.6437,593
300015,爱尔眼科,2026-03-31,48.0346,-5.3551,51
300015,爱尔眼科,2026-06-30,49.8647,1.8301,560
300016,北陆药业,2025-12-31,9.6616,0.2941,38
300016,北陆药业,2026-03-31,9.7195,0.0579,2
300016,北陆药业,2026-06-30,9.6891,-0.0304,71
300017,网宿科技,2025-12-31,12.6211,5.5429,453
300017,网宿科技,2026-03-31,10.7273,-1.8938,61
300017,网宿科技,2026-06-30,14.5339,3.8066,509
300018,中元股份,2025-12-31,5.8213,3.6811,99
300018,中元股份,2026-03-31,5.4397,-0.3816,5
300018,中元股份,2026-06-30,5.7617,0.3220,36
300019,硅宝科技,2025-12-31,20.1570,-2.2220,29
300019,硅宝科技,2026-03-31,19.1355,-1.0215,0
300019,硅宝科技,2026-06-30,19.6151,0.4796,17
300020,ST银江,2025-12-31,10.6816,0.0008,0
300020,ST银江,2026-03-31,7.3153,-3.3663,0
300020,ST银江,2026-06-30,10.6787,3.3634,0
300021,大禹节水,2025-12-31,0.6538,-2.5013,17
300021,大禹节水,2026-03-31,0.4372,-0.2166,0
300021,大禹节水,2026-06-30,0.5220,0.0848,13
300022,吉峰科技,2025-12-31,28.0600,3.3684,21
300022,吉峰科技,2026-03-31,25.7686,-2.2914,3
300022,吉峰科技,2026-06-30,24.9206,-0.8480,57
300024,机器人,2025-12-31,40.7249,3.5873,224
300024,机器人,2026-03-31,35.7848,-4.9401,11
300024,机器人,2026-06-30,38.2385,2.4537,248
300025,华星创业,2025-12-31,17.8451,0.2482,62
300025,华星创业,2026-03-31,16.5346,-1.3105,2
300025,华星创业,2026-06-30,17.8986,1.3640,77
300026,红日药业,2025-12-31,28.0971,-1.0280,48
300026,红日药业,2026-03-31,26.0672,-2.0299,0
300026,红日药业,2026-06-30,26.3222,0.2550,54
300027,ST华谊,2025-12-31,7.1780,-0.1663,38
300027,ST华谊,2026-03-31,3.9436,-3.2344,0
300027,ST华谊,2026-06-30,1.7186,-2.2250,0
300030,阳普医疗,2025-12-31,15.2849,2.5403,57
300030,阳普医疗,2026-03-31,17.5057,2.2208,8
300030,阳普医疗,2026-06-30,17.6665,0.1608,95
300031,宝通科技,2025-12-31,13.3818,6.2018,102
300031,宝通科技,2026-03-31,5.1896,-8.1922,2
300031,宝通科技,2026-06-30,12.2608,7.0712,137
300032,金龙机电,2025-12-31,27.1941,1.6509,83
300032,金龙机电,2026-03-31,21.6142,-5.5799,0
300032,金龙机电,2026-06-30,20.7066,-0.9076,30
300033,同花顺,2025-12-31,25.8165,6.2337,990
300033,同花顺,2026-03-31,23.9943,-1.8222,118
300033,同花顺,2026-06-30,28.1996,4.2053,900
300034,钢研高纳,2025-12-31,50.4178,1.6757,148
300034,钢研高纳,2026-03-31,46.5191,-3.8987,2
300034,钢研高纳,2026-06-30,48.9984,2.4793,191
300035,中科电气,2025-12-31,17.5037,3.2133,131
300035,中科电气,2026-03-31,15.2362,-2.2675,3
300035,中科电气,2026-06-30,16.7928,1.5566,91
300036,超图软件,2025-12-31,15.4832,5.7883,121
300036,超图软件,2026-03-31,11.0651,-4.4181,5
300036,超图软件,2026-06-30,7.3441,-3.7210,91
300037,新宙邦,2025-12-31,29.5741,17.3935,637
300037,新宙邦,2026-03-31,15.4529,-14.1212,96
300037,新宙邦,2026-06-30,26.2654,10.8125,1014
300039,上海凯宝,2025-12-31,9.2836,-0.3748,30
300039,上海凯宝,2026-03-31,9.2623,-0.0213,2
300039,上海凯宝,2026-06-30,9.1568,-0.1055,18
300040,九洲集团,2025-12-31,2.0382,-2.7172,58
300040,九洲集团,2026-03-31,0.3629,-1.6753,0
300040,九洲集团,2026-06-30,0.0014,-0.3615,4
300041,回天新材,2025-12-31,9.6885,1.5552,125
300041,回天新材,2026-03-31,6.4132,-3.2753,2
300041,回天新材,2026-06-30,5.3320,-1.0812,41
300042,朗科科技,2025-12-31,31.1493,4.5022,46
300042,朗科科技,2026-03-31,31.5741,0.4248,2
300042,朗科科技,2026-06-30,29.2103,-2.3638,103
300043,星辉娱乐,2025-12-31,9.1035,0.9487,78
300043,星辉娱乐,2026-03-31,3.3619,-5.7416,3
300043,星辉娱乐,2026-06-30,5.4932,2.1313,39
300044,*ST赛为,2025-12-31,0.4575,,0
300044,*ST赛为,2026-06-30,0.3666,,0
300045,华力创通,2025-12-31,7.3662,2.5528,113
300045,华力创通,2026-03-31,5.7564,-1.6098,14
300045,华力创通,2026-06-30,9.3641,3.6077,121
300046,台基股份,2025-12-31,26.7585,0.2939,16
300046,台基股份,2026-03-31,26.5505,-0.2080,0
300046,台基股份,2026-06-30,26.7263,0.1758,13
300047,天源迪科,2025-12-31,7.3051,4.9808,110
300047,天源迪科,2026-03-31,2.9767,-4.3284,1
300047,天源迪科,2026-06-30,3.8936,0.9169,86
300048,合康新能,2025-12-31,24.6379,-0.2197,60
300048,合康新能,2026-03-31,23.6659,-0.9720,0
300048,合康新能,2026-06-30,24.2163,0.5504,41
300049,福瑞医科,2025-12-31,21.6843,4.0222,212
300049,福瑞医科,2026-03-31,16.7386,-4.9457,27
300049,福瑞医科,2026-06-30,20.2198,3.4812,289
300050,世纪鼎利,2025-12-31,10.2058,1.0233,30
300050,世纪鼎利,2026-03-31,14.0882,3.8824,2
300050,世纪鼎利,2026-06-30,14.7243,0.6361,48
300051,琏升科技,2025-12-31,20.4852,-0.7992,12
300051,琏升科技,2026-03-31,18.4849,-2.0003,0
300051,琏升科技,2026-06-30,18.8596,0.3747,25
300052,中青宝,2025-12-31,17.7999,0.4573,0
300052,中青宝,2026-03-31,16.8206,-0.9793,0
300052,中青宝,2026-06-30,17.1397,0.3191,1
300053,航宇微,2025-12-31,21.5823,3.0164,56
300053,航宇微,2026-03-31,20.6806,-0.9017,4
300053,航宇微,2026-06-30,22.8117,2.1311,53
300054,鼎龙股份,2025-12-31,26.9240,8.4789,530
300054,鼎龙股份,2026-03-31,18.0782,-8.8458,90
300054,鼎龙股份,2026-06-30,25.2081,7.1299,905
300055,万邦达,2025-12-31,9.4837,0.3101,31
300055,万邦达,2026-03-31,10.7847,1.3010,4
300055,万邦达,2026-06-30,14.4436,3.6589,106
300056,中创环保,2025-12-31,16.8360,0.1420,14
300056,中创环保,2026-03-31,15.4883,-1.3477,0
300056,中创环保,2026-06-30,20.4160,4.9277,16
300057,万顺新材,2025-12-31,9.0128,1.7390,36
300057,万顺新材,2026-03-31,8.1590,-0.8538,0
300057,万顺新材,2026-06-30,12.0821,3.9231,51
300058,蓝色光标,2025-12-31,15.2933,4.5445,332
300058,蓝色光标,2026-03-31,9.7583,-5.5350,54
300058,蓝色光标,2026-06-30,9.5225,-0.2358,387
300059,东方财富,2025-12-31,21.3213,-1.3123,969
300059,东方财富,2026-03-31,15.7341,-5.5872,235
300059,东方财富,2026-06-30,15.4940,-0.2401,880
300061,旗天科技,2025-12-31,15.7343,0.0993,13
300061,旗天科技,2026-03-31,15.6312,-0.1031,1
300061,旗天科技,2026-06-30,10.0318,-5.5994,26
300062,中能电气,2025-12-31,2.8432,0.2461,11
300062,中能电气,2026-03-31,2.7844,-0.0588,3
300062,中能电气,2026-06-30,3.5223,0.7379,24
300063,天龙集团,2025-12-31,3.0569,1.0898,43
300063,天龙集团,2026-03-31,6.4968,3.4399,2
300063,天龙集团,2026-06-30,5.1943,-1.3025,62
300065,海兰信,2025-12-31,7.8189,6.5323,90
300065,海兰信,2026-03-31,2.8375,-4.9814,9
300065,海兰信,2026-06-30,5.5755,2.7380,82
300066,三川智慧,2025-12-31,38.0466,0.0366,55
300066,三川智慧,2026-03-31,37.4843,-0.5623,2
300066,三川智慧,2026-06-30,36.9753,-0.5090,21
300067,安诺其,2025-12-31,9.2209,0.6354,12
300067,安诺其,2026-03-31,8.2161,-1.0048,0
300067,安诺其,2026-06-30,9.1308,0.9147,58
300068,ST南都,2025-12-31,21.5977,3.9068,169
300068,ST南都,2026-03-31,16.3571,-5.2406,2
300068,ST南都,2026-06-30,12.1954,-4.1617,2
300069,金利华电,2025-12-31,37.9455,2.2155,32
300069,金利华电,2026-03-31,38.1922,0.2467,11
300069,金利华电,2026-06-30,41.4200,3.2278,42
300070,碧水源,2025-12-31,39.5136,-0.4802,166
300070,碧水源,2026-03-31,37.0754,-2.4382,1
300070,碧水源,2026-06-30,36.4939,-0.5815,135
300071,福石控股,2025-12-31,14.1354,0.6506,19
300071,福石控股,2026-03-31,13.2920,-0.8434,0
300071,福石控股,2026-06-30,12.2960,-0.9960,21
300072,海新能科,2025-12-31,40.9216,1.1997,80
300072,海新能科,2026-03-31,39.7456,-1.1760,0
300072,海新能科,2026-06-30,40.3127,0.5671,48
300073,当升科技,2025-12-31,47.7675,12.4874,598
300073,当升科技,2026-03-31,33.5121,-14.2554,14
300073,当升科技,2026-06-30,38.7560,5.2439,706
300074,华平股份,2025-12-31,18.1133,-1.3369,67
300074,华平股份,2026-03-31,18.8620,0.7487,4
300074,华平股份,2026-06-30,20.9871,2.1251,80
300075,数字政通,2025-12-31,9.1834,3.6152,89
300075,数字政通,2026-03-31,5.2658,-3.9176,1
300075,数字政通,2026-06-30,8.6600,3.3942,99
300076,*ST宁视,2025-12-31,32.4676,-0.1071,10
300076,*ST宁视,2026-03-31,31.4971,-0.9705,3
300076,*ST宁视,2026-06-30,31.2529,-0.2442,0
300077,国民技术,2025-12-31,3.2382,0.5534,52
300077,国民技术,2026-03-31,1.4029,-1.8353,2
300077,国民技术,2026-06-30,10.7279,9.3250,109
300078,思创智联,2025-12-31,13.7590,1.5887,5
300078,思创智联,2026-03-31,14.4190,0.6600,1
300078,思创智联,2026-06-30,19.6302,5.2112,9
300079,数码视讯,2025-12-31,4.9277,1.3213,110
300079,数码视讯,2026-03-31,1.3671,-3.5606,1
300079,数码视讯,2026-06-30,2.2507,0.8836,71
300080,易成新能,2025-12-31,67.9725,-0.2332,64
300080,易成新能,2026-03-31,66.3637,-1.6088,0
300080,易成新能,2026-06-30,66.3671,0.0034,25
300081,ST恒信,2025-12-31,5.6390,0.1597,18
300081,ST恒信,2026-03-31,2.9072,-2.7318,0
300081,ST恒信,2026-06-30,2.1488,-0.7584,0
300082,奥克股份,2025-12-31,57.8944,0.1001,13
300082,奥克股份,2026-03-31,59.0769,1.1825,1
300082,奥克股份,2026-06-30,57.9260,-1.1509,10
300083,创世纪,2025-12-31,18.4364,3.9474,255
300083,创世纪,2026-03-31,11.9815,-6.4549,1
300083,创世纪,2026-06-30,13.5400,1.5585,231
300084,海默科技,2025-12-31,3.4919,-0.4512,26
300084,海默科技,2026-03-31,2.8253,-0.6666,1
300084,海默科技,2026-06-30,27.5834,24.7581,28
300085,银之杰,2025-12-31,5.6250,0.3550,76
300085,银之杰,2026-03-31,4.6431,-0.9819,12
300085,银之杰,2026-06-30,5.2661,0.6230,77
300086,康芝药业,2025-12-31,30.1208,1.1798,11
300086,康芝药业,2026-03-31,32.2258,2.1050,0
300086,康芝药业,2026-06-30,29.7749,-2.4509,17
300087,ST荃银,2025-12-31,30.2159,5.2803,84
300087,ST荃银,2026-03-31,43.4608,13.2449,3
300087,ST荃银,2026-06-30,44.8677,1.4069,33
300088,长信科技,2025-12-31,23.8943,0.9263,181
300088,长信科技,2026-03-31,17.7115,-6.1828,4
300088,长信科技,2026-06-30,23.6823,5.9708,125
300091,*ST金灵,2025-12-31,33.4770,0.4822,12
300091,*ST金灵,2026-03-31,39.9864,6.5094,0
300091,*ST金灵,2026-06-30,41.7134,1.7270,0
300092,科新机电,2025-12-31,7.4469,3.2354,46
300092,科新机电,2026-03-31,2.5759,-4.8710,1
300092,科新机电,2026-06-30,0.6873,-1.8886,25
300093,金刚光伏,2025-12-31,15.7175,-7.2549,0
300093,金刚光伏,2026-03-31,13.3894,-2.3281,0
300093,金刚光伏,2026-06-30,26.9644,13.5750,8
300094,国联水产,2025-12-31,21.8955,0.2649,18
300094,国联水产,2026-03-31,21.9197,0.0242,0
300094,国联水产,2026-06-30,21.9928,0.0731,22
300095,华伍股份,2025-12-31,4.9380,-2.7942,17
300095,华伍股份,2026-03-31,6.4854,1.5474,0
300095,华伍股份,2026-06-30,6.8833,0.3979,18
300096,ST易联众,2025-12-31,19.8945,3.7069,0
300096,ST易联众,2026-03-31,19.9086,0.0141,0
300096,ST易联众,2026-06-30,20.2434,0.3348,0
300097,智云股份,2026-03-31,5.3702,,0
300097,智云股份,2026-06-30,5.4982,0.1280,3
300098,高新兴,2025-12-31,8.3038,4.6365,178
300098,高新兴,2026-03-31,2.9877,-5.3161,2
300098,高新兴,2026-06-30,6.9199,3.9322,156
300099,尤洛卡,2025-12-31,0.4255,,34
300099,尤洛卡,2026-06-30,0.8686,,41
300100,双林股份,2025-12-31,51.1182,1.4479,180
300100,双林股份,2026-03-31,48.7530,-2.3652,3
300100,双林股份,2026-06-30,48.9785,0.2255,153
300101,振芯科技,2025-12-31,44.2757,2.3294,165
300101,振芯科技,2026-03-31,34.9713,-9.3044,3
300101,振芯科技,2026-06-30,36.8476,1.8763,121
300102,乾照光电,2025-12-31,42.0811,2.2099,64
300102,乾照光电,2026-03-31,43.0883,1.0072,9
300102,乾照光电,2026-06-30,42.1777,-0.9106,119
300103,达刚控股,2025-12-31,17.7673,0.5014,33
300103,达刚控股,2026-03-31,18.5678,0.8005,1
300103,达刚控股,2026-06-30,19.7049,1.1371,14
300105,龙源技术,2025-12-31,45.3100,1.9374,90
300105,龙源技术,2026-03-31,43.7272,-1.5828,1
300105,龙源技术,2026-06-30,42.9829,-0.7443,16
300106,西部牧业,2025-12-31,45.4125,2.1670,47
300106,西部牧业,2026-03-31,47.2845,1.8720,3
300106,西部牧业,2026-06-30,50.2035,2.9190,70
300107,建新股份,2025-12-31,0.0623,,13
300107,建新股份,2026-03-31,1.7563,1.6940,0
300107,建新股份,2026-06-30,1.8355,0.0792,25
300109,新开源,2025-12-31,2.3339,-0.7652,18
300109,新开源,2026-03-31,3.7442,1.4103,0
300109,新开源,2026-06-30,5.8640,2.1198,37
300110,华仁药业,2025-12-31,34.6874,-1.9207,60
300110,华仁药业,2026-03-31,33.7031,-0.9843,2
300110,华仁药业,2026-06-30,32.5642,-1.1389,15
300111,向日葵,2025-12-31,2.0225,0.8355,33
300111,向日葵,2026-03-31,2.5726,0.5501,0
300111,向日葵,2026-06-30,3.7137,1.1411,22
300112,万讯自控,2025-12-31,10.2589,2.1153,71
300112,万讯自控,2026-03-31,6.2593,-3.9996,4
300112,万讯自控,2026-06-30,10.3005,4.0412,77
300113,顺网科技,2025-12-31,23.5574,-1.9933,191
300113,顺网科技,2026-03-31,16.4807,-7.0767,16
300113,顺网科技,2026-06-30,13.0124,-3.4683,121
300115,长盈精密,2025-12-31,47.0979,6.7419,431
300115,长盈精密,2026-03-31,39.1425,-7.9554,26
300115,长盈精密,2026-06-30,39.1655,0.0230,433
300118,东方日升,2025-12-31,19.5060,3.7641,175
300118,东方日升,2026-03-31,10.3766,-9.1294,16
300118,东方日升,2026-06-30,13.9101,3.5335,213
300119,瑞普生物,2025-12-31,10.8669,3.9725,122
300119,瑞普生物,2026-03-31,5.0103,-5.8566,1
300119,瑞普生物,2026-06-30,6.8918,1.8815,60
300120,经纬辉开,2025-12-31,6.4402,-0.4587,12
300120,经纬辉开,2026-03-31,6.3443,-0.0959,0
300120,经纬辉开,2026-06-30,8.6420,2.2977,21
300121,阳谷华泰,2025-12-31,3.2721,-0.2126,27
300121,阳谷华泰,2026-03-31,1.6326,-1.6395,0
300121,阳谷华泰,2026-06-30,8.5400,6.9074,80
300122,智飞生物,2025-12-31,19.6811,9.7006,381
300122,智飞生物,2026-03-31,8.6817,-10.9994,11
300122,智飞生物,2026-06-30,16.7169,8.0352,346
300123,ST亚光,2025-12-31,17.5609,-1.7269,18
300123,ST亚光,2026-03-31,16.3520,-1.2089,3
300123,ST亚光,2026-06-30,12.7832,-3.5688,1
300124,汇川技术,2025-12-31,54.8099,2.3322,994
300124,汇川技术,2026-03-31,49.0317,-5.7782,210
300124,汇川技术,2026-06-30,51.5274,2.4957,974
300125,聆达股份,2025-12-31,41.5038,19.4816,0
300125,聆达股份,2026-03-31,37.4617,-4.0421,0
300125,聆达股份,2026-06-30,36.3704,-1.0913,0
300126,锐奇股份,2025-12-31,7.4200,1.7233,34
300126,锐奇股份,2026-03-31,10.3291,2.9091,1
300126,锐奇股份,2026-06-30,12.8562,2.5271,56
300127,银河磁体,2025-12-31,46.3048,3.4705,108
300127,银河磁体,2026-03-31,43.7071,-2.5977,2
300127,银河磁体,2026-06-30,45.1776,1.4705,146
300128,锦富技术,2025-12-31,29.8123,-0.8478,9
300128,锦富技术,2026-03-31,29.4066,-0.4057,0
300128,锦富技术,2026-06-30,31.2257,1.8191,35
300129,泰胜风能,2025-12-31,13.0749,0.0876,108
300129,泰胜风能,2026-03-31,8.3609,-4.7140,1
300129,泰胜风能,2026-06-30,11.9481,3.5872,112
300130,新国都,2025-12-31,7.2702,1.6284,188
300130,新国都,2026-03-31,4.6118,-2.6584,1
300130,新国都,2026-06-30,6.6260,2.0142,122
300131,英唐智控,2025-12-31,8.0044,3.1960,50
300131,英唐智控,2026-03-31,8.8219,0.8175,2
300131,英唐智控,2026-06-30,11.5850,2.7631,96
300132,诺斯贝尔,2025-12-31,26.5941,9.4186,89
300132,诺斯贝尔,2026-03-31,22.6439,-3.9502,3
300132,诺斯贝尔,2026-06-30,20.7013,-1.9426,76
300133,华策影视,2025-12-31,33.4282,1.5204,122
300133,华策影视,2026-03-31,28.9342,-4.4940,8
300133,华策影视,2026-06-30,30.6686,1.7344,132
300134,大富科技,2025-12-31,52.7652,0.1019,90
300134,大富科技,2026-03-31,50.9868,-1.7784,1
300134,大富科技,2026-06-30,51.8950,0.9082,96
300135,宝利国际,2025-12-31,23.3937,0.1668,21
300135,宝利国际,2026-03-31,22.9817,-0.4120,1
300135,宝利国际,2026-06-30,24.1195,1.1378,14
300136,信维通信,2025-12-31,26.5798,13.1964,591
300136,信维通信,2026-03-31,14.3596,-12.2202,108
300136,信维通信,2026-06-30,22.9419,8.5823,766
300137,先河环保,2025-12-31,14.1994,-0.4865,3
300137,先河环保,2026-03-31,14.1733,-0.0261,0
300137,先河环保,2026-06-30,16.4475,2.2742,28
300138,晨光生物,2025-12-31,17.5924,8.1430,216
300138,晨光生物,2026-03-31,3.6087,-13.9837,9
300138,晨光生物,2026-06-30,14.7179,11.1092,91
300139,晓程科技,2025-12-31,12.5094,3.9476,90
300139,晓程科技,2026-03-31,13.3982,0.8888,11
300139,晓程科技,2026-06-30,11.5199,-1.8783,117
300140,节能环境,2025-12-31,66.2644,2.2289,146
300140,节能环境,2026-03-31,53.2328,-13.0316,0
300140,节能环境,2026-06-30,55.2892,2.0564,144
300141,和顺电气,2025-12-31,20.9912,-0.8540,23
300141,和顺电气,2026-03-31,21.0699,0.0787,0
300141,和顺电气,2026-06-30,23.1128,2.0429,33
300142,沃森生物,2025-12-31,16.9308,8.7074,258
300142,沃森生物,2026-03-31,9.3650,-7.5658,13
300142,沃森生物,2026-06-30,13.8445,4.4795,261
300143,盈康生命,2025-12-31,46.2310,1.6298,48
300143,盈康生命,2026-03-31,44.9445,-1.2865,2
300143,盈康生命,2026-06-30,44.6538,-0.2907,33
300144,宋城演艺,2025-12-31,39.1327,-1.8034,268
300144,宋城演艺,2026-03-31,34.6818,-4.4509,7
300144,宋城演艺,2026-06-30,33.6696,-1.0122,233
300145,南方泵业,2025-12-31,29.9110,4.5952,72
300145,南方泵业,2026-03-31,30.1863,0.2753,2
300145,南方泵业,2026-06-30,31.8750,1.6887,44
300146,汤臣倍健,2025-12-31,15.3547,5.8619,334
300146,汤臣倍健,2026-03-31,7.5770,-7.7777,7
300146,汤臣倍健,2026-06-30,12.6273,5.0503,218
300147,*ST香雪,2025-12-31,27.3834,0.0289,0
300147,*ST香雪,2026-03-31,27.5992,0.2158,0
300147,*ST香雪,2026-06-30,27.3421,-0.2571,0
300148,天舟文化,2025-12-31,22.4109,5.7922,39
300148,天舟文化,2026-03-31,16.3823,-6.0286,3
300148,天舟文化,2026-06-30,19.9384,3.5561,29
300149,睿智医药,2025-12-31,20.9484,-0.3546,53
300149,睿智医药,2026-03-31,20.9371,-0.0113,2
300149,睿智医药,2026-06-30,20.7641,-0.1730,22
300150,世纪瑞尔,2025-12-31,7.3090,-0.3748,21
300150,世纪瑞尔,2026-03-31,6.9890,-0.3200,0
300150,世纪瑞尔,2026-06-30,8.1449,1.1559,41
300151,昌红科技,2025-12-31,8.1108,2.7858,51
300151,昌红科技,2026-03-31,6.8597,-1.2511,2
300151,昌红科技,2026-06-30,8.0578,1.1981,91
300152,*ST动力,2025-12-31,5.4945,1.2847,0
300152,*ST动力,2026-03-31,5.3521,-0.1424,0
300152,*ST动力,2026-06-30,5.4722,0.1201,0
300153,科泰电源,2025-12-31,40.8781,-4.1098,78
300153,科泰电源,2026-03-31,39.4719,-1.4062,5
300153,科泰电源,2026-06-30,40.0027,0.5308,118
300154,瑞凌股份,2025-12-31,43.9478,4.7415,81
300154,瑞凌股份,2026-03-31,40.3381,-3.6097,5
300154,瑞凌股份,2026-06-30,45.2282,4.8901,71
300155,安居宝,2025-12-31,10.4978,3.7349,12
300155,安居宝,2026-03-31,7.9618,-2.5360,1
300155,安居宝,2026-06-30,9.9640,2.0022,45
300157,新锦动力,2025-12-31,1.4861,-0.2451,19
300157,新锦动力,2026-03-31,3.9144,2.4283,0
300157,新锦动力,2026-06-30,3.4120,-0.5024,25
300158,振东制药,2025-12-31,35.8155,-3.6196,50
300158,振东制药,2026-03-31,36.6138,0.7983,1
300158,振东制药,2026-06-30,38.0954,1.4816,8
300159,新研股份,2025-12-31,27.0423,15.8876,0
300159,新研股份,2026-03-31,27.1108,0.0685,0
300159,新研股份,2026-06-30,22.7169,-4.3939,4
300160,秀强股份,2025-12-31,38.4631,0.8320,36
300160,秀强股份,2026-03-31,36.9941,-1.4690,0
300160,秀强股份,2026-06-30,37.2815,0.2874,19
300161,华中数控,2025-12-31,44.5636,6.4809,82
300161,华中数控,2026-03-31,41.8473,-2.7163,13
300161,华中数控,2026-06-30,47.0826,5.2353,99
300162,雷曼光电,2025-12-31,17.8718,3.8787,98
300162,雷曼光电,2026-03-31,17.8445,-0.0273,0
300162,雷曼光电,2026-06-30,18.9687,1.1242,8
300163,先锋新材,2025-12-31,1.6773,1.6235,7
300163,先锋新材,2026-03-31,0.6385,-1.0388,0
300163,先锋新材,2026-06-30,5.6078,4.9693,10
300164,通源石油,2025-12-31,0.1863,-1.0632,17
300164,通源石油,2026-03-31,2.6922,2.5059,2
300164,通源石油,2026-06-30,11.5166,8.8244,104
300165,天瑞仪器,2025-12-31,12.7490,0.0000,0
300165,天瑞仪器,2026-03-31,12.7490,0.0000,0
300165,天瑞仪器,2026-06-30,12.1609,-0.5881,10
300166,东方国信,2025-12-31,8.0834,3.8512,104
300166,东方国信,2026-03-31,7.3487,-0.7347,5
300166,东方国信,2026-06-30,7.4460,0.0973,158
300167,ST迪威迅,2025-12-31,8.9702,-1.5618,0
300167,ST迪威迅,2026-03-31,8.9702,0.0000,0
300167,ST迪威迅,2026-06-30,8.8872,-0.0830,0
300168,万达信息,2025-12-31,31.8561,-2.6016,70
300168,万达信息,2026-03-31,29.4047,-2.4514,0
300168,万达信息,2026-06-30,30.4762,1.0715,77
300169,天晟新材,2025-12-31,5.0904,-0.4669,13
300169,天晟新材,2026-03-31,8.4890,3.3986,1
300169,天晟新材,2026-06-30,8.7155,0.2265,41
300170,汉得信息,2025-12-31,12.8189,3.0589,187
300170,汉得信息,2026-03-31,6.0580,-6.7609,25
300170,汉得信息,2026-06-30,7.3596,1.3016,151
300171,东富龙,2025-12-31,21.5723,4.7239,157
300171,东富龙,2026-03-31,17.3073,-4.2650,5
300171,东富龙,2026-06-30,18.9788,1.6715,119
300172,中电环保,2025-12-31,2.2518,,48
300172,中电环保,2026-03-31,0.4919,-1.7599,1
300172,中电环保,2026-06-30,0.7869,0.2950,39
300173,ST福能,2025-12-31,20.7756,-0.6245,0
300173,ST福能,2026-03-31,20.7756,0.0000,0
300173,ST福能,2026-06-30,20.7756,0.0000,0
300174,元力股份,2025-12-31,5.4638,-1.3644,32
300174,元力股份,2026-03-31,4.6400,-0.8238,2
300174,元力股份,2026-06-30,6.1594,1.5194,87
300175,朗源股份,2025-12-31,14.5145,3.2995,0
300175,朗源股份,2026-03-31,15.1681,0.6536,0
300175,朗源股份,2026-06-30,14.5858,-0.5823,8
300176,鸿特科技,2025-12-31,30.3056,-1.4182,67
300176,鸿特科技,2026-03-31,28.4432,-1.8624,2
300176,鸿特科技,2026-06-30,30.6869,2.2437,69
300177,中海达,2025-12-31,1.0276,0.7208,27
300177,中海达,2026-06-30,1.5901,,30
300179,四方达,2025-12-31,2.8610,2.2321,22
300179,四方达,2026-03-31,2.9211,0.0601,2
300179,四方达,2026-06-30,3.9916,1.0705,88
300180,华峰超纤,2025-12-31,11.6168,1.5487,46
300180,华峰超纤,2026-03-31,9.3221,-2.2947,0
300180,华峰超纤,2026-06-30,9.7145,0.3924,43
300181,佐力药业,2025-12-31,12.7600,3.4164,130
300181,佐力药业,2026-03-31,8.5934,-4.1666,5
300181,佐力药业,2026-06-30,9.9224,1.3290,91
300182,捷成股份,2025-12-31,14.1736,9.5119,98
300182,捷成股份,2026-03-31,9.6457,-4.5279,5
300182,捷成股份,2026-06-30,9.1544,-0.4913,62
300183,东软载波,2025-12-31,22.0302,2.8114,56
300183,东软载波,2026-03-31,20.1891,-1.8411,1
300183,东软载波,2026-06-30,22.0717,1.8826,52
300184,力源信息,2025-12-31,5.2818,0.5619,99
300184,力源信息,2026-03-31,2.3354,-2.9464,2
300184,力源信息,2026-06-30,3.8680,1.5326,194
300185,通裕重工,2025-12-31,24.4657,0.6131,89
300185,通裕重工,2026-03-31,22.1261,-2.3396,1
300185,通裕重工,2026-06-30,21.4915,-0.6346,51
300187,永清环保,2025-12-31,54.7723,1.3645,56
300187,永清环保,2026-03-31,52.6928,-2.0795,1
300187,永清环保,2026-06-30,52.2073,-0.4855,40
300188,国投智能,2025-12-31,25.5594,2.0670,79
300188,国投智能,2026-03-31,22.0008,-3.5586,1
300188,国投智能,2026-06-30,23.7160,1.7152,92
300189,神农种业,2025-12-31,6.1794,5.0545,15
300189,神农种业,2026-03-31,1.9359,-4.2435,3
300189,神农种业,2026-06-30,7.7245,5.7886,38
300190,维尔利,2025-12-31,44.0692,0.5847,56
300190,维尔利,2026-03-31,37.5340,-6.5352,1
300190,维尔利,2026-06-30,38.0654,0.5314,11
300191,潜能恒信,2025-12-31,9.1633,2.6839,63
300191,潜能恒信,2026-03-31,14.9831,5.8198,22
300191,潜能恒信,2026-06-30,18.8195,3.8364,156
300192,科德教育,2025-12-31,2.9844,1.1268,23
300192,科德教育,2026-03-31,24.7827,21.7983,0
300192,科德教育,2026-06-30,24.8636,0.0809,16
300193,佳士科技,2025-12-31,16.0636,3.2752,80
300193,佳士科技,2026-03-31,12.8079,-3.2557,1
300193,佳士科技,2026-06-30,13.8907,1.0828,32
300194,福安药业,2025-12-31,3.1132,0.0815,20
300194,福安药业,2026-03-31,3.8757,0.7625,0
300194,福安药业,2026-06-30,3.8342,-0.0415,17
300195,长荣股份,2025-12-31,2.2887,0.9996,24
300195,长荣股份,2026-03-31,0.6228,-1.6659,0
300195,长荣股份,2026-06-30,2.4569,1.8341,26
300196,长海股份,2025-12-31,8.3985,1.6025,67
300196,长海股份,2026-03-31,7.6987,-0.6998,3
300196,长海股份,2026-06-30,4.6829,-3.0158,25
300197,节能铁汉,2025-12-31,36.1585,0.1280,9
300197,节能铁汉,2026-03-31,36.0305,-0.1280,0
300197,节能铁汉,2026-06-30,37.1490,1.1185,9
300198,*ST纳川,2025-12-31,23.7166,-0.4927,0
300198,*ST纳川,2026-03-31,24.0775,0.3609,0
300198,*ST纳川,2026-06-30,23.7131,-0.3644,0
300199,翰宇药业,2025-12-31,4.3517,-1.1581,75
300199,翰宇药业,2026-03-31,0.8701,-3.4816,1
300199,翰宇药业,2026-06-30,3.5543,2.6842,130
300200,高盟新材,2025-12-31,28.9215,-0.0129,8
300200,高盟新材,2026-03-31,30.1584,1.2369,0
300200,高盟新材,2026-06-30,28.9427,-1.2157,14
300201,海伦哲,2025-12-31,33.5241,4.7625,64
300201,海伦哲,2026-03-31,30.3029,-3.2212,3
300201,海伦哲,2026-06-30,35.0751,4.7722,169
300203,聚光科技,2025-12-31,40.1000,2.6778,50
300203,聚光科技,2026-03-31,35.7007,-4.3993,2
300203,聚光科技,2026-06-30,34.1369,-1.5638,40
300204,舒泰神,2025-12-31,47.0883,-7.5602,109
300204,舒泰神,2026-03-31,47.1092,0.0209,7
300204,舒泰神,2026-06-30,44.3189,-2.7903,46
300205,*ST天喻,2025-12-31,44.1980,0.0000,0
300205,*ST天喻,2026-03-31,44.1980,0.0000,0
300205,*ST天喻,2026-06-30,44.1980,0.0000,0
300206,理邦仪器,2025-12-31,21.3344,8.8407,209
300206,理邦仪器,2026-03-31,10.7726,-10.5618,3
300206,理邦仪器,2026-06-30,14.9365,4.1639,164
300207,欣旺达,2025-12-31,27.8564,8.0406,742
300207,欣旺达,2026-03-31,12.8186,-15.0378,58
300207,欣旺达,2026-06-30,13.8030,0.9844,508
300209,行云科技,2025-12-31,14.0343,0.4864,2
300209,行云科技,2026-03-31,10.3895,-3.6448,0
300209,行云科技,2026-06-30,9.7550,-0.6345,13
300210,森远股份,2025-12-31,17.1655,0.1655,13
300210,森远股份,2026-03-31,17.6989,0.5334,0
300210,森远股份,2026-06-30,18.9581,1.2592,14
300211,*ST亿通,2025-12-31,34.7161,-1.7134,0
300211,*ST亿通,2026-03-31,34.4641,-0.2520,0
300211,*ST亿通,2026-06-30,31.0909,-3.3732,0
300212,*ST易录,2025-12-31,38.3412,-1.3174,80
300212,*ST易录,2026-03-31,36.0114,-2.3298,1
300212,*ST易录,2026-06-30,34.8752,-1.1362,0
300213,佳讯飞鸿,2025-12-31,9.2447,-0.5085,41
300213,佳讯飞鸿,2026-03-31,7.0104,-2.2343,3
300213,佳讯飞鸿,2026-06-30,9.3741,2.3637,124
300214,日科化学,2025-12-31,29.4340,-2.4668,32
300214,日科化学,2026-03-31,28.8581,-0.5759,0
300214,日科化学,2026-06-30,31.5850,2.7269,29
300215,电科院,2025-12-31,25.7787,-12.5252,16
300215,电科院,2026-03-31,28.0441,2.2654,3
300215,电科院,2026-06-30,27.8764,-0.1677,39
300217,东方电热,2025-12-31,2.5563,-0.7224,39
300217,东方电热,2026-03-31,3.2775,0.7212,0
300217,东方电热,2026-06-30,3.7042,0.4267,44
300218,安利股份,2025-12-31,38.7393,-5.7673,53
300218,安利股份,2026-03-31,37.2355,-1.5038,2
300218,安利股份,2026-06-30,38.2828,1.0473,28
300219,鸿利智汇,2025-12-31,34.6067,2.6837,150
300219,鸿利智汇,2026-03-31,32.5475,-2.0592,1
300219,鸿利智汇,2026-06-30,32.1236,-0.4239,73
300220,金运激光,2025-12-31,9.5343,0.4556,11
300220,金运激光,2026-03-31,9.6309,0.0966,0
300220,金运激光,2026-06-30,11.4425,1.8116,49
300221,银禧科技,2025-12-31,1.7278,,54
300221,银禧科技,2026-06-30,0.3951,,16
300222,科大智能,2025-12-31,16.7411,0.6181,62
300222,科大智能,2026-03-31,14.9591,-1.7820,5
300222,科大智能,2026-06-30,18.6054,3.6463,93
300223,君正股份,2025-12-31,39.7352,9.8509,548
300223,君正股份,2026-03-31,29.0828,-10.6524,66
300223,君正股份,2026-06-30,35.1102,6.0274,1265
300224,正海磁材,2025-12-31,48.0777,2.6358,214
300224,正海磁材,2026-03-31,43.6603,-4.4174,10
300224,正海磁材,2026-06-30,43.5733,-0.0870,94
300225,金力泰,2025-12-31,15.3396,-0.1100,0
300225,金力泰,2026-03-31,16.2436,0.9040,0
300225,金力泰,2026-06-30,14.9378,-1.3058,4
300226,上海钢联,2025-12-31,30.4133,-0.1337,78
300226,上海钢联,2026-03-31,30.2831,-0.1302,3
300226,上海钢联,2026-06-30,30.8838,0.6007,94
300227,光韵达,2025-12-31,6.5467,-0.0738,22
300227,光韵达,2026-03-31,11.1381,4.5914,0
300227,光韵达,2026-06-30,12.7299,1.5918,44
300228,富瑞特装,2025-12-31,2.4585,0.7776,61
300228,富瑞特装,2026-03-31,1.8523,-0.6062,2
300228,富瑞特装,2026-06-30,5.1651,3.3128,90
300229,拓尔思,2025-12-31,34.4479,1.4825,108
300229,拓尔思,2026-03-31,30.0462,-4.4017,6
300229,拓尔思,2026-06-30,32.2899,2.2437,131
300230,永利股份,2025-12-31,1.2375,0.6882,48
300230,永利股份,2026-03-31,0.7272,-0.5103,1
300230,永利股份,2026-06-30,0.8478,0.1206,46
300231,银信科技,2025-12-31,4.8029,1.1654,46
300231,银信科技,2026-03-31,3.8748,-0.9281,1
300231,银信科技,2026-06-30,3.9504,0.0756,22
300232,洲明科技,2025-12-31,17.2236,2.0102,104
300232,洲明科技,2026-03-31,13.4265,-3.7971,0
300232,洲明科技,2026-06-30,14.2960,0.8695,48
300233,金城医药,2025-12-31,28.6397,-3.1097,21
300233,金城医药,2026-03-31,26.6756,-1.9641,4
300233,金城医药,2026-06-30,27.1205,0.4449,75
300234,开尔新材,2025-12-31,2.7207,1.5693,34
300234,开尔新材,2026-03-31,2.1399,-0.5808,0
300234,开尔新材,2026-06-30,3.2987,1.1588,5
300235,方直科技,2025-12-31,5.3959,-1.2925,5
300235,方直科技,2026-03-31,4.2088,-1.1871,0
300235,方直科技,2026-06-30,1.8279,-2.3809,7
300236,上海新阳,2025-12-31,34.7670,7.4756,130
300236,上海新阳,2026-03-31,35.2516,0.4846,27
300236,上海新阳,2026-06-30,40.5556,5.3040,385
300237,ST美晨,2025-12-31,27.0638,-0.6340,0
300237,ST美晨,2026-03-31,27.0638,0.0000,0
300237,ST美晨,2026-06-30,27.0638,0.0000,0
300238,冠昊生物,2025-12-31,28.9245,0.3224,25
300238,冠昊生物,2026-03-31,28.7155,-0.2090,1
300238,冠昊生物,2026-06-30,29.0601,0.3446,19
300239,东宝生物,2025-12-31,33.6975,-1.1205,56
300239,东宝生物,2026-03-31,33.6068,-0.0907,1
300239,东宝生物,2026-06-30,33.9126,0.3058,46
300240,飞力达,2025-12-31,43.5595,1.1677,38
300240,飞力达,2026-03-31,44.7616,1.2021,0
300240,飞力达,2026-06-30,44.9019,0.1403,63
300241,瑞丰光电,2025-12-31,1.3379,0.8533,45
300241,瑞丰光电,2026-03-31,0.8241,-0.5138,0
300241,瑞丰光电,2026-06-30,1.1879,0.3638,15
300242,佳云科技,2025-12-31,27.0448,5.7344,25
300242,佳云科技,2026-03-31,22.4227,-4.6221,1
300242,佳云科技,2026-06-30,22.5304,0.1077,9
300243,瑞丰高材,2025-12-31,2.4796,1.7246,44
300243,瑞丰高材,2026-03-31,0.7839,-1.6957,1
300243,瑞丰高材,2026-06-30,0.4624,-0.3215,22
300244,迪安诊断,2025-12-31,12.4923,5.8420,152
300244,迪安诊断,2026-03-31,7.2548,-5.2375,19
300244,迪安诊断,2026-06-30,13.2669,6.0121,197
300245,ST天玑,2025-12-31,19.7964,1.5246,33
300245,ST天玑,2026-03-31,15.9853,-3.8111,0
300245,ST天玑,2026-06-30,19.6809,3.6956,0
300246,宝莱特,2025-12-31,6.5738,3.8771,63
300246,宝莱特,2026-03-31,6.0596,-0.5142,0
300246,宝莱特,2026-06-30,14.1300,8.0704,26
300247,融捷健康,2025-12-31,15.8680,0.4151,45
300247,融捷健康,2026-03-31,15.0490,-0.8190,1
300247,融捷健康,2026-06-30,14.7814,-0.2676,21
300248,新开普,2025-12-31,5.2031,0.4622,33
300248,新开普,2026-03-31,4.7113,-0.4918,1
300248,新开普,2026-06-30,5.9941,1.2828,39
300249,依米康,2025-12-31,10.0225,7.0099,59
300249,依米康,2026-03-31,9.8275,-0.1950,0
300249,依米康,2026-06-30,9.7421,-0.0854,63
300250,初灵信息,2025-12-31,2.4078,-1.8305,10
300250,初灵信息,2026-03-31,1.2655,-1.1423,0
300250,初灵信息,2026-06-30,4.3293,3.0638,21
300251,光线传媒,2025-12-31,57.8049,4.2026,359
300251,光线传媒,2026-03-31,51.8937,-5.9112,15
300251,光线传媒,2026-06-30,51.9531,0.0594,309
300252,金信诺,2025-12-31,12.8066,-1.5927,40
300252,金信诺,2026-03-31,11.9790,-0.8276,1
300252,金信诺,2026-06-30,14.9789,2.9999,62
300253,卫宁健康,2025-12-31,17.2984,6.8119,188
300253,卫宁健康,2026-03-31,12.1061,-5.1923,6
300253,卫宁健康,2026-06-30,13.8014,1.6953,194
300254,仟源医药,2025-12-31,1.8738,,42
300254,仟源医药,2026-03-31,3.4537,1.5799,1
300254,仟源医药,2026-06-30,3.5065,0.0528,57
300255,常山药业,2025-12-31,6.0084,2.9920,85
300255,常山药业,2026-03-31,4.6393,-1.3691,3
300255,常山药业,2026-06-30,4.9483,0.3090,129
300256,星星科技,2025-12-31,51.7367,-0.8851,14
300256,星星科技,2026-03-31,51.5943,-0.1424,0
300256,星星科技,2026-06-30,51.8204,0.2261,12
300257,开山股份,2025-12-31,64.9886,2.0951,201
300257,开山股份,2026-03-31,62.1985,-2.7901,7
300257,开山股份,2026-06-30,62.7453,0.5468,139
300258,精锻科技,2025-12-31,37.5198,-5.1033,38
300258,精锻科技,2026-03-31,37.0186,-0.5012,0
300258,精锻科技,2026-06-30,36.1932,-0.8254,18
300259,新天科技,2025-12-31,0.5354,-0.4062,33
300259,新天科技,2026-06-30,9.3596,,68
300260,新莱应材,2025-12-31,3.0439,-2.8716,45
300260,新莱应材,2026-03-31,2.5220,-0.5219,3
300260,新莱应材,2026-06-30,20.1134,17.5914,292
300261,雅本化学,2025-12-31,28.4030,-0.4378,19
300261,雅本化学,2026-03-31,27.9717,-0.4313,0
300261,雅本化学,2026-06-30,27.9774,0.0057,21
300263,隆华科技,2025-12-31,6.3965,-1.9876,75
300263,隆华科技,2026-03-31,4.7017,-1.6948,0
300263,隆华科技,2026-06-30,5.4078,0.7061,71
300264,佳创视讯,2025-12-31,1.5785,,12
300264,佳创视讯,2026-03-31,4.1389,2.5604,1
300264,佳创视讯,2026-06-30,2.8754,-1.2635,7
300265,通光线缆,2025-12-31,41.6138,1.2615,20
300265,通光线缆,2026-03-31,39.7564,-1.8574,2
300265,通光线缆,2026-06-30,38.6718,-1.0846,19
300266,兴源环境,2025-12-31,42.7741,0.0242,7
300266,兴源环境,2026-03-31,42.7454,-0.0287,0
300266,兴源环境,2026-06-30,41.9963,-0.7491,4
300267,尔康制药,2025-12-31,11.4700,-0.5919,38
300267,尔康制药,2026-03-31,11.9655,0.4955,1
300267,尔康制药,2026-06-30,10.4025,-1.5630,22
300268,佳沃食品,2025-12-31,29.9653,-0.8751,0
300268,佳沃食品,2026-03-31,29.9653,0.0000,0
300268,佳沃食品,2026-06-30,30.0283,0.0630,7
300269,联建光电,2025-12-31,17.0503,1.1377,22
300269,联建光电,2026-03-31,16.1361,-0.9142,0
300269,联建光电,2026-06-30,17.5881,1.4520,13
300270,中威电子,2025-12-31,24.1026,0.8461,7
300270,中威电子,2026-03-31,26.7464,2.6438,0
300270,中威电子,2026-06-30,32.7834,6.0370,63
300271,华宇软件,2025-12-31,11.9166,0.0946,13
300271,华宇软件,2026-03-31,12.6429,0.7263,2
300271,华宇软件,2026-06-30,12.2311,-0.4118,30
300272,开能健康,2025-12-31,13.0834,0.7218,29
300272,开能健康,2026-03-31,12.3689,-0.7145,0
300272,开能健康,2026-06-30,9.3744,-2.9945,20
300274,阳光电源,2025-12-31,36.2523,5.7347,1980
300274,阳光电源,2026-03-31,25.8013,-10.4510,737
300274,阳光电源,2026-06-30,31.0670,5.2657,1971
300275,梅安森,2025-12-31,0.7276,,24
300275,梅安森,2026-06-30,1.1235,,27
300276,三丰智能,2025-12-31,13.2309,5.4554,55
300276,三丰智能,2026-03-31,8.8089,-4.4220,6
300276,三丰智能,2026-06-30,8.1097,-0.6992,62
300277,汽轮科技,2025-12-31,30.8569,1.0233,35
300277,汽轮科技,2026-03-31,20.1653,-10.6916,15
300277,汽轮科技,2026-06-30,23.9934,3.8281,226
300278,华昌达,2025-12-31,44.8031,1.7447,63
300278,华昌达,2026-03-31,42.0363,-2.7668,3
300278,华昌达,2026-06-30,41.5017,-0.5346,54
300279,和晶科技,2025-12-31,24.3811,4.3920,38
300279,和晶科技,2026-03-31,21.2953,-3.0858,0
300279,和晶科技,2026-06-30,23.0858,1.7905,39
300281,金明精机,2025-12-31,30.1386,1.3032,12
300281,金明精机,2026-03-31,29.4017,-0.7369,2
300281,金明精机,2026-06-30,30.6338,1.2321,58
300283,温州宏丰,2025-12-31,4.9107,,93
300283,温州宏丰,2026-03-31,0.8525,-4.0582,4
300283,温州宏丰,2026-06-30,2.0811,1.2286,83
300284,苏交科,2025-12-31,38.3959,2.6138,48
300284,苏交科,2026-03-31,35.9562,-2.4397,0
300284,苏交科,2026-06-30,35.0568,-0.8994,66
300285,国瓷材料,2025-12-31,34.7000,10.2915,465
300285,国瓷材料,2026-03-31,18.9913,-15.7087,27
300285,国瓷材料,2026-06-30,21.3976,2.4063,723
300286,安科瑞,2025-12-31,24.6952,1.4419,72
300286,安科瑞,2026-03-31,22.4600,-2.2352,8
300286,安科瑞,2026-06-30,21.5179,-0.9421,90
300287,飞利信,2025-12-31,1.6048,0.7786,22
300287,飞利信,2026-03-31,1.0222,-0.5826,2
300287,飞利信,2026-06-30,0.7136,-0.3086,9
300288,朗玛信息,2025-12-31,4.9482,0.0076,16
300288,朗玛信息,2026-03-31,3.6683,-1.2799,0
300288,朗玛信息,2026-06-30,4.1195,0.4512,18
300289,利德曼,2025-12-31,47.3275,0.0728,31
300289,利德曼,2026-03-31,46.8888,-0.4387,1
300289,利德曼,2026-06-30,46.9957,0.1069,16
300290,ST荣科,2025-12-31,22.8603,0.9436,39
300290,ST荣科,2026-03-31,22.2326,-0.6277,3
300290,ST荣科,2026-06-30,25.0412,2.8086,55
300291,百纳千成,2025-12-31,39.7395,-0.3492,36
300291,百纳千成,2026-03-31,40.2257,0.4862,1
300291,百纳千成,2026-06-30,40.1330,-0.0927,51
300292,吴通控股,2025-12-31,1.1935,0.1444,68
300292,吴通控股,2026-03-31,1.0077,-0.1858,0
300292,吴通控股,2026-06-30,1.4405,0.4328,33
300293,蓝英装备,2025-12-31,39.1845,-0.2737,8
300293,蓝英装备,2026-03-31,32.8988,-6.2857,0
300293,蓝英装备,2026-06-30,32.3612,-0.5376,12
300294,博雅生物,2025-12-31,48.5027,2.2160,92
300294,博雅生物,2026-03-31,44.4865,-4.0162,3
300294,博雅生物,2026-06-30,45.2570,0.7705,58
300295,*ST三六五,2025-12-31,1.4076,0.1108,15
300295,*ST三六五,2026-03-31,5.5166,4.1090,1
300295,*ST三六五,2026-06-30,1.2979,-4.2187,0
300296,利亚德,2025-12-31,7.7506,1.2772,170
300296,利亚德,2026-03-31,5.2155,-2.5351,2
300296,利亚德,2026-06-30,4.6342,-0.5813,68
300298,三诺生物,2025-12-31,13.3533,-1.2142,99
300298,三诺生物,2026-03-31,8.3540,-4.9993,1
300298,三诺生物,2026-06-30,11.0329,2.6789,114
300299,富春股份,2025-12-31,29.8939,6.3475,45
300299,富春股份,2026-03-31,23.9369,-5.9570,3
300299,富春股份,2026-06-30,26.0257,2.0888,59
300300,海峡创新,2025-12-31,19.4962,-1.9404,3
300300,海峡创新,2026-03-31,20.6923,1.1961,0
300300,海峡创新,2026-06-30,22.3102,1.6179,11
300301,ST长方,2025-12-31,10.8151,0.0011,0
300301,ST长方,2026-03-31,10.8151,0.0000,0
300301,ST长方,2026-06-30,10.8151,0.0000,0
300302,同有科技,2025-12-31,9.7964,8.2821,96
300302,同有科技,2026-03-31,4.2183,-5.5781,2
300302,同有科技,2026-06-30,1.8541,-2.3642,84
300303,聚飞光电,2025-12-31,4.4521,1.2792,98
300303,聚飞光电,2026-03-31,2.1329,-2.3192,0
300303,聚飞光电,2026-06-30,0.4239,-1.7090,49
300304,云意电气,2025-12-31,54.2218,0.8437,144
300304,云意电气,2026-03-31,51.1411,-3.0807,9
300304,云意电气,2026-06-30,51.3360,0.1949,93
300305,裕兴股份,2025-12-31,26.9681,2.3225,52
300305,裕兴股份,2026-03-31,25.5637,-1.4044,3
300305,裕兴股份,2026-06-30,23.3766,-2.1871,21
300306,远方信息,2025-12-31,8.0909,-1.7577,6
300306,远方信息,2026-03-31,8.6532,0.5623,1
300306,远方信息,2026-06-30,9.0264,0.3732,28
300307,慈星股份,2025-12-31,35.1140,-0.1862,12
300307,慈星股份,2026-03-31,35.0061,-0.1079,0
300307,慈星股份,2026-06-30,38.3390,3.3329,44
300308,中际旭创,2025-12-31,49.5253,-1.1130,2596
300308,中际旭创,2026-03-31,47.9920,-1.5333,1863
300308,中际旭创,2026-06-30,45.9080,-2.0840,3578
300310,宜通世纪,2025-12-31,6.8921,-0.1134,39
300310,宜通世纪,2026-03-31,2.2332,-4.6589,0
300310,宜通世纪,2026-06-30,1.9731,-0.2601,26
300311,任子行,2025-12-31,2.9016,0.3355,0
300311,任子行,2026-03-31,3.8167,0.9151,0
300311,任子行,2026-06-30,2.5661,-1.2506,1
300313,天山生物,2025-12-31,51.8043,0.0000,0
300313,天山生物,2026-03-31,51.8043,0.0000,0
300313,天山生物,2026-06-30,51.8524,0.0481,4
300314,戴维医疗,2025-12-31,3.0476,1.5737,55
300314,戴维医疗,2026-03-31,3.8240,0.7764,2
300314,戴维医疗,2026-06-30,3.0089,-0.8151,39
300315,掌趣科技,2025-12-31,14.2281,3.7293,110
300315,掌趣科技,2026-03-31,9.0393,-5.1888,7
300315,掌趣科技,2026-06-30,8.7339,-0.3054,103
300316,晶盛机电,2025-12-31,66.9201,5.5575,502
300316,晶盛机电,2026-03-31,57.9100,-9.0101,24
300316,晶盛机电,2026-06-30,68.0789,10.1689,636
300317,珈伟新能,2025-12-31,26.5728,0.1778,46
300317,珈伟新能,2026-03-31,19.8491,-6.7237,0
300317,珈伟新能,2026-06-30,17.5267,-2.3224,14
300318,博晖创新,2025-12-31,1.2503,0.7426,46
300318,博晖创新,2026-03-31,0.9879,-0.2624,0
300318,博晖创新,2026-06-30,1.1894,0.2015,14
300319,麦捷科技,2025-12-31,31.5336,1.5404,120
300319,麦捷科技,2026-03-31,28.4406,-3.0930,1
300319,麦捷科技,2026-06-30,27.3147,-1.1259,119
300320,海达股份,2025-12-31,0.9509,-0.3703,74
300320,海达股份,2026-03-31,6.3343,5.3834,6
300320,海达股份,2026-06-30,1.4302,-4.9041,44
300321,同大股份,2025-12-31,47.2046,-0.4479,20
300321,同大股份,2026-03-31,45.1371,-2.0675,0
300321,同大股份,2026-06-30,45.3509,0.2138,25
300322,硕贝德,2025-12-31,19.3525,0.5437,33
300322,硕贝德,2026-03-31,20.2223,0.8698,1
300322,硕贝德,2026-06-30,23.4427,3.2204,168
300323,华灿光电,2025-12-31,27.4124,-0.0647,123
300323,华灿光电,2026-03-31,17.5039,-9.9085,0
300323,华灿光电,2026-06-30,15.7885,-1.7154,171
300324,旋极信息,2025-12-31,4.4087,-1.2849,20
300324,旋极信息,2026-03-31,4.2895,-0.1192,3
300324,旋极信息,2026-06-30,5.6424,1.3529,46
300326,ST凯利,2025-12-31,16.2515,-0.1066,0
300326,ST凯利,2026-03-31,16.4783,0.2268,0
300326,ST凯利,2026-06-30,16.4616,-0.0167,0
300327,中颖电子,2025-12-31,35.7942,0.7749,56
300327,中颖电子,2026-03-31,28.7044,-7.0898,3
300327,中颖电子,2026-06-30,37.5060,8.8016,124
300328,宜安科技,2025-12-31,30.0446,1.8331,99
300328,宜安科技,2026-03-31,28.0854,-1.9592,2
300328,宜安科技,2026-06-30,28.2810,0.1956,42
300329,海伦钢琴,2025-12-31,44.6543,0.1341,17
300329,海伦钢琴,2026-03-31,44.5181,-0.1362,0
300329,海伦钢琴,2026-06-30,45.3694,0.8513,7
300331,苏大维格,2025-12-31,15.0129,0.7072,41
300331,苏大维格,2026-03-31,14.3220,-0.6909,10
300331,苏大维格,2026-06-30,19.2709,4.9489,152
300332,天壕能源,2025-12-31,21.2201,0.2284,21
300332,天壕能源,2026-03-31,20.4306,-0.7895,0
300332,天壕能源,2026-06-30,22.7485,2.3179,55
300333,兆日科技,2025-12-31,16.7860,0.1429,19
300333,兆日科技,2026-03-31,15.9841,-0.8019,2
300333,兆日科技,2026-06-30,18.1191,2.1350,24
300334,津膜科技,2025-12-31,45.5391,2.7251,64
300334,津膜科技,2026-03-31,45.3007,-0.2384,1
300334,津膜科技,2026-06-30,43.8202,-1.4805,22
300335,迪森股份,2025-12-31,1.1842,0.4728,34
300335,迪森股份,2026-06-30,2.1042,,36
300337,银邦股份,2025-12-31,26.1475,1.0737,50
300337,银邦股份,2026-03-31,21.4755,-4.6720,7
300337,银邦股份,2026-06-30,17.8808,-3.5947,97
300338,*ST开元,2025-12-31,2.0797,-0.0034,0
300338,*ST开元,2026-03-31,2.0797,0.0000,0
300338,*ST开元,2026-06-30,2.0796,-0.0001,0
300339,润和软件,2025-12-31,19.1199,3.5041,338
300339,润和软件,2026-03-31,13.2210,-5.8989,28
300339,润和软件,2026-06-30,15.8195,2.5985,367
300340,科恒股份,2025-12-31,25.8835,0.0294,33
300340,科恒股份,2026-03-31,24.8304,-1.0531,1
300340,科恒股份,2026-06-30,25.2901,0.4597,14
300341,麦克奥迪,2025-12-31,64.2333,1.3288,67
300341,麦克奥迪,2026-03-31,64.5413,0.3080,3
300341,麦克奥迪,2026-06-30,64.2177,-0.3236,62
300342,天银机电,2025-12-31,35.4557,5.5573,55
300342,天银机电,2026-03-31,32.1719,-3.2838,29
300342,天银机电,2026-06-30,36.4866,4.3147,230
300345,华民股份,2025-12-31,20.5455,-1.1748,21
300345,华民股份,2026-03-31,14.4377,-6.1078,0
300345,华民股份,2026-06-30,15.0159,0.5782,5
300346,南大光电,2025-12-31,16.5494,3.3620,243
300346,南大光电,2026-03-31,14.0366,-2.5128,15
300346,南大光电,2026-06-30,14.6360,0.5994,396
300347,泰格医药,2025-12-31,47.2833,20.0512,747
300347,泰格医药,2026-03-31,33.4317,-13.8516,116
300347,泰格医药,2026-06-30,44.4471,11.0154,471
300348,长亮科技,2025-12-31,8.8214,3.6131,121
300348,长亮科技,2026-03-31,3.2049,-5.6165,5
300348,长亮科技,2026-06-30,6.5347,3.3298,95
300349,金卡智能,2025-12-31,32.1161,-0.6894,28
300349,金卡智能,2026-03-31,30.3092,-1.8069,0
300349,金卡智能,2026-06-30,29.9117,-0.3975,40
300350,华鹏飞,2025-12-31,0.0455,,7
300350,华鹏飞,2026-06-30,1.6134,,25
300351,永贵电器,2025-12-31,13.3050,-0.8714,30
300351,永贵电器,2026-03-31,12.7162,-0.5888,0
300351,永贵电器,2026-06-30,13.8013,1.0851,62
300352,ST信源,2025-12-31,4.7618,-0.1226,52
300352,ST信源,2026-03-31,2.4327,-2.3291,2
300352,ST信源,2026-06-30,1.2279,-1.2048,0
300353,东土科技,2025-12-31,11.3189,4.2878,75
300353,东土科技,2026-03-31,7.2690,-4.0499,7
300353,东土科技,2026-06-30,10.4353,3.1663,96
300354,东华测试,2025-12-31,11.8579,2.7053,54
300354,东华测试,2026-03-31,1.5474,-10.3105,1
300354,东华测试,2026-06-30,1.1536,-0.3938,21
300355,蒙草生态,2025-12-31,1.9605,-0.7094,37
300355,蒙草生态,2026-03-31,1.4877,-0.4728,0
300355,蒙草生态,2026-06-30,1.5140,0.0263,22
300357,我武生物,2025-12-31,59.9331,7.5477,358
300357,我武生物,2026-03-31,46.9223,-13.0108,22
300357,我武生物,2026-06-30,49.8246,2.9023,177
300358,楚天科技,2025-12-31,40.2997,-0.6644,171
300358,楚天科技,2026-03-31,39.0357,-1.2640,21
300358,楚天科技,2026-06-30,36.4291,-2.6066,140
300359,全通教育,2025-12-31,38.8264,0.1773,24
300359,全通教育,2026-03-31,38.6437,-0.1827,0
300359,全通教育,2026-06-30,39.6297,0.9860,33
300360,炬华科技,2025-12-31,25.3025,0.6692,66
300360,炬华科技,2026-03-31,24.6508,-0.6517,2
300360,炬华科技,2026-06-30,25.4834,0.8326,69
300363,博腾股份,2025-12-31,35.9886,11.8818,315
300363,博腾股份,2026-03-31,23.5236,-12.4650,14
300363,博腾股份,2026-06-30,23.5111,-0.0125,155
300364,中文在线,2025-12-31,21.0501,2.8430,132
300364,中文在线,2026-03-31,17.2126,-3.8375,18
300364,中文在线,2026-06-30,23.3323,6.1197,145
300365,恒华科技,2025-12-31,3.9014,1.8819,102
300365,恒华科技,2026-03-31,4.5903,0.6889,3
300365,恒华科技,2026-06-30,1.7667,-2.8236,47
300366,ST创意,2025-12-31,2.9781,0.0000,0
300366,ST创意,2026-03-31,2.0922,-0.8859,0
300366,ST创意,2026-06-30,2.9781,0.8859,0
300368,汇金股份,2025-12-31,31.5636,-3.0135,8
300368,汇金股份,2026-03-31,30.2343,-1.3293,0
300368,汇金股份,2026-06-30,30.4998,0.2655,9
300369,绿盟科技,2025-12-31,23.4386,-0.5293,68
300369,绿盟科技,2026-03-31,21.5450,-1.8936,5
300369,绿盟科技,2026-06-30,21.1607,-0.3843,64
300370,安控科技,2025-12-31,30.7600,12.3892,9
300370,安控科技,2026-03-31,30.9502,0.1902,1
300370,安控科技,2026-06-30,30.6359,-0.3143,4
300371,汇中股份,2025-12-31,4.5849,3.1888,64
300371,汇中股份,2026-03-31,0.9065,-3.6784,2
300371,汇中股份,2026-06-30,8.6743,7.7678,97
300373,扬杰科技,2025-12-31,60.5562,4.2839,546
300373,扬杰科技,2026-03-31,55.4327,-5.1235,36
300373,扬杰科技,2026-06-30,60.8222,5.3895,751
300374,中铁装配,2025-12-31,28.9452,-8.0983,6
300374,中铁装配,2026-03-31,28.8170,-0.1282,1
300374,中铁装配,2026-06-30,29.4234,0.6064,16
300375,鹏翎股份,2025-12-31,10.0104,4.9679,64
300375,鹏翎股份,2026-03-31,4.5809,-5.4295,0
300375,鹏翎股份,2026-06-30,4.9705,0.3896,13
300376,易事特,2025-12-31,54.0422,-0.7129,0
300376,易事特,2026-03-31,51.4664,-2.5758,1
300376,易事特,2026-06-30,52.0160,0.5496,32
300377,赢时胜,2025-12-31,15.8776,-0.4461,47
300377,赢时胜,2026-03-31,14.2822,-1.5954,2
300377,赢时胜,2026-06-30,14.1855,-0.0967,36
300378,鼎捷数智,2025-12-31,33.9413,3.0429,216
300378,鼎捷数智,2026-03-31,27.1037,-6.8376,11
300378,鼎捷数智,2026-06-30,29.0296,1.9259,147
300380,安硕信息,2025-12-31,32.7283,0.2216,42
300380,安硕信息,2026-03-31,31.6327,-1.0956,1
300380,安硕信息,2026-06-30,32.4764,0.8437,37
300381,溢多利,2025-12-31,31.5013,-0.0503,57
300381,溢多利,2026-03-31,30.9891,-0.5122,1
300381,溢多利,2026-06-30,32.5782,1.5891,78
300382,斯莱克,2025-12-31,44.1113,-3.6656,102
300382,斯莱克,2026-03-31,38.4903,-5.6210,2
300382,斯莱克,2026-06-30,44.9965,6.5062,78
300383,光环新网,2025-12-31,33.5653,2.6973,291
300383,光环新网,2026-03-31,29.3759,-4.1894,20
300383,光环新网,2026-06-30,27.3327,-2.0432,267
300384,三联虹普,2025-12-31,1.0749,-0.2506,37
300384,三联虹普,2026-03-31,1.0902,0.0153,1
300384,三联虹普,2026-06-30,0.9611,-0.1291,14
300385,ST雪浪,2025-12-31,36.8398,0.7296,32
300385,ST雪浪,2026-03-31,39.3383,2.4985,4
300385,ST雪浪,2026-06-30,34.9391,-4.3992,2
300386,飞天诚信,2025-12-31,3.7390,1.8869,38
300386,飞天诚信,2026-03-31,3.5791,-0.1599,2
300386,飞天诚信,2026-06-30,2.1211,-1.4580,23
300387,富邦科技,2025-12-31,41.9473,1.6019,59
300387,富邦科技,2026-03-31,39.5039,-2.4434,1
300387,富邦科技,2026-06-30,42.5850,3.0811,68
300388,节能国祯,2025-12-31,64.5687,3.9710,27
300388,节能国祯,2026-03-31,64.7850,0.2163,0
300388,节能国祯,2026-06-30,66.8609,2.0759,80
300389,艾比森,2025-12-31,22.1130,9.1101,244
300389,艾比森,2026-03-31,11.7610,-10.3520,3
300389,艾比森,2026-06-30,9.8883,-1.8727,104
300390,天华新能,2025-12-31,44.8944,38.3588,596
300390,天华新能,2026-03-31,33.2498,-11.6446,132
300390,天华新能,2026-06-30,36.1119,2.8621,822
300393,中来股份,2025-12-31,13.2694,-1.1482,23
300393,中来股份,2026-03-31,12.9092,-0.3602,0
300393,中来股份,2026-06-30,14.3795,1.4703,49
300394,天孚通信,2025-12-31,60.0124,5.2517,1217
300394,天孚通信,2026-03-31,57.9993,-2.0131,432
300394,天孚通信,2026-06-30,55.8245,-2.1748,1685
300395,菲利华,2025-12-31,34.7041,11.9946,928
300395,菲利华,2026-03-31,16.9211,-17.7830,92
300395,菲利华,2026-06-30,18.8818,1.9607,681
300396,ST迪瑞,2025-12-31,43.0387,1.0194,37
300396,ST迪瑞,2026-03-31,42.7718,-0.2669,3
300396,ST迪瑞,2026-06-30,41.3771,-1.3947,0
300397,天和防务,2025-12-31,4.1720,0.8773,23
300397,天和防务,2026-03-31,2.3124,-1.8596,1
300397,天和防务,2026-06-30,4.6041,2.2917,70
300398,飞凯材料,2025-12-31,31.0968,0.1697,51
300398,飞凯材料,2026-03-31,30.1634,-0.9334,2
300398,飞凯材料,2026-06-30,31.2592,1.0958,217
300399,天利科技,2025-12-31,33.1214,0.4275,18
300399,天利科技,2026-03-31,34.3727,1.2513,0
300399,天利科技,2026-06-30,33.8642,-0.5085,37
300400,劲拓股份,2025-12-31,1.7458,-0.6517,80
300400,劲拓股份,2026-03-31,3.5169,1.7711,1
300400,劲拓股份,2026-06-30,7.9746,4.4577,89
300401,花园生物,2025-12-31,30.1677,0.4706,50
300401,花园生物,2026-03-31,28.6497,-1.5180,1
300401,花园生物,2026-06-30,41.1273,12.4776,148
300402,宝色股份,2025-12-31,58.2246,1.5918,11
300402,宝色股份,2026-03-31,56.9461,-1.2785,1
300402,宝色股份,2026-06-30,56.1730,-0.7731,14
300403,汉宇集团,2025-12-31,1.0483,0.0653,38
300403,汉宇集团,2026-03-31,0.6062,-0.4421,1
300403,汉宇集团,2026-06-30,0.7012,0.0950,28
300404,博济医药,2025-12-31,1.2479,-2.4354,23
300404,博济医药,2026-03-31,1.3366,0.0887,0
300404,博济医药,2026-06-30,1.9349,0.5983,73
300405,科隆股份,2025-12-31,12.4983,4.0736,40
300405,科隆股份,2026-03-31,11.8958,-0.6025,1
300405,科隆股份,2026-06-30,15.8669,3.9711,87
300406,九强生物,2025-12-31,30.3634,1.8673,87
300406,九强生物,2026-03-31,26.3426,-4.0208,1
300406,九强生物,2026-06-30,28.6345,2.2919,115
300407,凯发电气,2025-12-31,31.4873,1.8624,154
300407,凯发电气,2026-03-31,27.1829,-4.3044,16
300407,凯发电气,2026-06-30,29.4842,2.3013,132
300408,三环集团,2025-12-31,59.0173,8.2881,1032
300408,三环集团,2026-03-31,50.1722,-8.8451,142
300408,三环集团,2026-06-30,60.1546,9.9824,1975
300409,道氏技术,2025-12-31,8.9150,3.3947,262
300409,道氏技术,2026-03-31,3.7635,-5.1515,19
300409,道氏技术,2026-06-30,6.7915,3.0280,244
300410,正业科技,2025-12-31,22.7905,0.6638,23
300410,正业科技,2026-03-31,23.9226,1.1321,3
300410,正业科技,2026-06-30,25.9236,2.0010,20
300411,金盾股份,2025-12-31,14.2263,-0.6600,10
300411,金盾股份,2026-03-31,12.4950,-1.7313,0
300411,金盾股份,2026-06-30,12.3250,-0.1700,5
300412,迦南科技,2025-12-31,14.6566,1.1036,49
300412,迦南科技,2026-03-31,14.2273,-0.4293,2
300412,迦南科技,2026-06-30,14.7219,0.4946,36
300413,芒果超媒,2025-12-31,61.9294,7.9347,564
300413,芒果超媒,2026-03-31,50.2716,-11.6578,16
300413,芒果超媒,2026-06-30,53.2981,3.0265,342
300414,中光防雷,2025-12-31,44.3219,0.0331,15
300414,中光防雷,2026-03-31,43.1399,-1.1820,0
300414,中光防雷,2026-06-30,44.8518,1.7119,63
300415,伊之密,2025-12-31,45.2438,3.8115,270
300415,伊之密,2026-03-31,40.7227,-4.5211,16
300415,伊之密,2026-06-30,46.1507,5.4280,196
300416,苏试试验,2025-12-31,43.5705,2.3373,179
300416,苏试试验,2026-03-31,34.7148,-8.8557,5
300416,苏试试验,2026-06-30,40.8086,6.0938,167
300417,南华仪器,2025-12-31,7.1071,4.7320,62
300417,南华仪器,2026-03-31,5.7950,-1.3121,1
300417,南华仪器,2026-06-30,12.6389,6.8439,82
300418,昆仑万维,2025-12-31,27.1216,3.7068,515
300418,昆仑万维,2026-03-31,21.5830,-5.5386,56
300418,昆仑万维,2026-06-30,24.1656,2.5826,515
300419,ST浩丰,2025-12-31,16.4458,0.0000,0
300419,ST浩丰,2026-03-31,17.2673,0.8215,0
300419,ST浩丰,2026-06-30,16.3642,-0.9031,0
300420,五洋自控,2025-12-31,16.6846,15.1988,45
300420,五洋自控,2026-03-31,16.4793,-0.2053,0
300420,五洋自控,2026-06-30,23.5493,7.0700,45
300421,力星股份,2025-12-31,17.3183,7.8499,105
300421,力星股份,2026-03-31,5.9482,-11.3701,6
300421,力星股份,2026-06-30,6.9367,0.9885,40
300422,博世科,2025-12-31,31.8852,0.6944,33
300422,博世科,2026-03-31,34.1207,2.2355,1
300422,博世科,2026-06-30,33.5096,-0.6111,66
300423,昇辉科技,2025-12-31,0.1818,-0.8610,9
300423,昇辉科技,2026-06-30,0.2784,,24
300424,航新科技,2025-12-31,16.7618,1.3977,23
300424,航新科技,2026-03-31,16.0813,-0.6805,0
300424,航新科技,2026-06-30,21.2924,5.2111,91
300425,中建环能,2025-12-31,34.5351,0.7471,50
300425,中建环能,2026-03-31,33.7052,-0.8299,0
300425,中建环能,2026-06-30,36.2312,2.5260,50
300426,华智数媒,2025-12-31,26.2673,2.4934,30
300426,华智数媒,2026-03-31,22.6878,-3.5795,3
300426,华智数媒,2026-06-30,24.4799,1.7921,53
300427,红相股份,2025-12-31,6.8013,-1.3414,7
300427,红相股份,2026-03-31,3.9299,-2.8714,2
300427,红相股份,2026-06-30,9.0669,5.1370,67
300428,立中集团,2025-12-31,49.7084,1.9417,238
300428,立中集团,2026-03-31,45.0393,-4.6691,5
300428,立中集团,2026-06-30,46.4386,1.3993,160
300429,强力新材,2025-12-31,1.8879,0.1101,10
300429,强力新材,2026-03-31,2.7308,0.8429,2
300429,强力新材,2026-06-30,7.5957,4.8649,52
300430,*ST益通,2025-12-31,23.9223,2.5358,42
300430,*ST益通,2026-03-31,23.1832,-0.7391,10
300430,*ST益通,2026-06-30,19.7071,-3.4761,0
300432,富临精工,2025-12-31,39.4247,2.8538,264
300432,富临精工,2026-03-31,42.0601,2.6354,65
300432,富临精工,2026-06-30,49.6644,7.6043,730
300433,蓝思科技,2025-12-31,76.9300,3.0617,902
300433,蓝思科技,2026-03-31,70.4947,-6.4353,60
300433,蓝思科技,2026-06-30,72.5401,2.0454,672
300434,金石亚药,2025-12-31,7.8150,0.6845,30
300434,金石亚药,2026-03-31,7.7958,-0.0192,0
300434,金石亚药,2026-06-30,8.9139,1.1181,77
300435,中泰股份,2025-12-31,43.9241,3.7084,194
300435,中泰股份,2026-03-31,41.1561,-2.7680,10
300435,中泰股份,2026-06-30,42.8578,1.7017,95
300436,广生堂,2025-12-31,37.7076,4.3554,59
300436,广生堂,2026-03-31,36.1729,-1.5347,3
300436,广生堂,2026-06-30,33.5976,-2.5753,21
300437,清水源,2025-12-31,2.5418,0.1070,6
300437,清水源,2026-03-31,0.4023,-2.1395,0
300437,清水源,2026-06-30,3.2565,2.8542,9
300438,鹏辉能源,2025-12-31,28.3201,17.1678,592
300438,鹏辉能源,2026-03-31,12.1754,-16.1447,89
300438,鹏辉能源,2026-06-30,31.6938,19.5184,828
300439,美康生物,2025-12-31,14.5253,0.3594,35
300439,美康生物,2026-03-31,14.3211,-0.2042,2
300439,美康生物,2026-06-30,14.6189,0.2978,33
300440,运达科技,2025-12-31,37.0232,1.1797,33
300440,运达科技,2026-03-31,36.3097,-0.7135,2
300440,运达科技,2026-06-30,38.5917,2.2820,41
300441,鲍斯股份,2025-12-31,48.6050,0.6588,20
300441,鲍斯股份,2026-03-31,47.7546,-0.8504,1
300441,鲍斯股份,2026-06-30,47.4520,-0.3026,8
300442,润泽科技,2025-12-31,75.6538,4.5037,618
300442,润泽科技,2026-03-31,68.0716,-7.5822,78
300442,润泽科技,2026-06-30,68.7190,0.6474,601
300443,金雷股份,2025-12-31,18.9273,10.6749,236
300443,金雷股份,2026-03-31,10.5327,-8.3946,26
300443,金雷股份,2026-06-30,13.7325,3.1998,123
300444,双杰电气,2025-12-31,1.8892,-4.2689,13
300444,双杰电气,2026-03-31,4.0583,2.1691,3
300444,双杰电气,2026-06-30,3.1679,-0.8904,54
300445,康斯特,2025-12-31,2.1869,0.3406,39
300445,康斯特,2026-03-31,3.5465,1.3596,4
300445,康斯特,2026-06-30,6.6196,3.0731,66
300446,航天智造,2025-12-31,24.8031,-5.0395,116
300446,航天智造,2026-03-31,15.9505,-8.8526,2
300446,航天智造,2026-06-30,16.1230,0.1725,66
300447,全信股份,2025-12-31,2.6850,1.0273,51
300447,全信股份,2026-06-30,1.3783,,49
300448,浩云科技,2025-12-31,0.9656,0.0278,24
300448,浩云科技,2026-03-31,0.4181,-0.5475,0
300448,浩云科技,2026-06-30,0.4633,0.0452,36
300449,汉邦高科,2025-12-31,24.1229,-0.1265,20
300449,汉邦高科,2026-03-31,23.1122,-1.0107,0
300449,汉邦高科,2026-06-30,23.1802,0.0680,5
300450,先导智能,2025-12-31,47.8003,3.4783,671
300450,先导智能,2026-03-31,39.4912,-8.3091,92
300450,先导智能,2026-06-30,42.8186,3.3274,684
300451,创业慧康,2025-12-31,18.1161,-0.1127,77
300451,创业慧康,2026-03-31,22.2847,4.1686,0
300451,创业慧康,2026-06-30,23.5420,1.2573,62
300452,山河药辅,2025-12-31,17.6502,5.1583,80
300452,山河药辅,2026-03-31,13.3537,-4.2965,2
300452,山河药辅,2026-06-30,11.4876,-1.8661,49
300453,三鑫医疗,2025-12-31,4.9987,4.2094,81
300453,三鑫医疗,2026-03-31,1.7702,-3.2285,2
300453,三鑫医疗,2026-06-30,5.2793,3.5091,94
300454,深信服,2025-12-31,26.4570,8.9546,724
300454,深信服,2026-03-31,12.2523,-14.2047,72
300454,深信服,2026-06-30,20.1686,7.9163,594
300455,航天智装,2025-12-31,61.6822,3.5514,80
300455,航天智装,2026-03-31,59.6703,-2.0119,8
300455,航天智装,2026-06-30,62.5118,2.8415,99
300456,赛微电子,2025-12-31,10.7925,-4.4316,104
300456,赛微电子,2026-03-31,5.7108,-5.0817,9
300456,赛微电子,2026-06-30,8.2353,2.5245,111
300457,赢合科技,2025-12-31,35.2928,3.4850,203
300457,赢合科技,2026-03-31,30.9475,-4.3453,4
300457,赢合科技,2026-06-30,32.8482,1.9007,240
300458,全志科技,2025-12-31,17.7619,6.9019,400
300458,全志科技,2026-03-31,8.7756,-8.9863,8
300458,全志科技,2026-06-30,12.2975,3.5219,611
300459,汤姆猫,2025-12-31,4.3444,1.3373,116
300459,汤姆猫,2026-03-31,1.4895,-2.8549,3
300459,汤姆猫,2026-06-30,1.7283,0.2388,101
300460,ST惠伦,2025-12-31,15.8882,-1.4142,0
300460,ST惠伦,2026-03-31,16.2379,0.3497,0
300460,ST惠伦,2026-06-30,17.5098,1.2719,0
300461,田中精机,2025-12-31,37.7363,21.4865,32
300461,田中精机,2026-03-31,36.4046,-1.3317,6
300461,田中精机,2026-06-30,33.4773,-2.9273,58
300462,ST华铭,2025-12-31,1.6727,,0
300462,ST华铭,2026-03-31,2.0448,0.3721,0
300462,ST华铭,2026-06-30,4.0691,2.0243,0
300463,迈克生物,2025-12-31,7.8162,3.9199,65
300463,迈克生物,2026-03-31,3.8160,-4.0002,1
300463,迈克生物,2026-06-30,5.4429,1.6269,41
300464,星徽股份,2025-12-31,18.2645,2.2027,68
300464,星徽股份,2026-03-31,16.0018,-2.2627,0
300464,星徽股份,2026-06-30,17.4185,1.4167,24
300465,高伟达,2025-12-31,33.0349,-0.0725,55
300465,高伟达,2026-03-31,31.3059,-1.7290,1
300465,高伟达,2026-06-30,29.0466,-2.2593,33
300466,赛摩智能,2025-12-31,40.8499,1.3867,53
300466,赛摩智能,2026-03-31,39.5102,-1.3397,4
300466,赛摩智能,2026-06-30,39.3195,-0.1907,44
300467,迅游科技,2025-12-31,12.9963,7.3320,15
300467,迅游科技,2026-03-31,7.3185,-5.6778,1
300467,迅游科技,2026-06-30,9.8883,2.5698,39
300468,四方精创,2025-12-31,30.4139,-0.0368,95
300468,四方精创,2026-03-31,25.4244,-4.9895,13
300468,四方精创,2026-06-30,27.3684,1.9440,85
300469,信息发展,2025-12-31,21.1782,-0.8026,40
300469,信息发展,2026-03-31,19.4384,-1.7398,3
300469,信息发展,2026-06-30,20.7978,1.3594,23
300470,中密控股,2025-12-31,45.1944,3.0388,103
300470,中密控股,2026-03-31,40.1617,-5.0327,5
300470,中密控股,2026-06-30,38.6909,-1.4708,65
300471,厚普股份,2025-12-31,23.5672,0.3023,27
300471,厚普股份,2026-03-31,23.7552,0.1880,0
300471,厚普股份,2026-06-30,23.3035,-0.4517,32
300472,ST新元,2025-12-31,1.7934,-0.7103,0
300472,ST新元,2026-03-31,5.0893,3.2959,0
300472,ST新元,2026-06-30,6.9412,1.8519,0
300473,德尔股份,2025-12-31,36.1125,0.3139,57
300473,德尔股份,2026-03-31,33.9743,-2.1382,0
300473,德尔股份,2026-06-30,34.4087,0.4344,75
300474,景嘉微,2025-12-31,22.2092,6.8307,327
300474,景嘉微,2026-03-31,13.5609,-8.6483,5
300474,景嘉微,2026-06-30,17.5648,4.0039,310
300475,香农芯创,2025-12-31,42.8840,-1.3959,393
300475,香农芯创,2026-03-31,35.8335,-7.0505,39
300475,香农芯创,2026-06-30,43.4442,7.6107,868
300476,胜宏科技,2025-12-31,51.9005,3.0069,1263
300476,胜宏科技,2026-03-31,42.4105,-9.4900,227
300476,胜宏科技,2026-06-30,43.1758,0.7653,1125
300478,杭州高新,2025-12-31,25.9803,-2.0941,5
300478,杭州高新,2026-03-31,25.9775,-0.0028,0
300478,杭州高新,2026-06-30,30.8012,4.8237,54
300479,神思电子,2025-12-31,32.6739,1.1911,29
300479,神思电子,2026-03-31,33.8424,1.1685,3
300479,神思电子,2026-06-30,33.2135,-0.6289,41
300480,光力科技,2025-12-31,3.8543,1.5271,33
300480,光力科技,2026-03-31,12.5704,8.7161,8
300480,光力科技,2026-06-30,14.6822,2.1118,147
300481,濮阳惠成,2025-12-31,37.9478,-0.3079,27
300481,濮阳惠成,2026-03-31,37.8272,-0.1206,1
300481,濮阳惠成,2026-06-30,37.6315,-0.1957,54
300482,万孚生物,2025-12-31,21.4841,3.0657,81
300482,万孚生物,2026-03-31,18.0320,-3.4521,4
300482,万孚生物,2026-06-30,18.8954,0.8634,104
300483,首华燃气,2025-12-31,26.1173,4.9958,81
300483,首华燃气,2026-03-31,18.2262,-7.8911,13
300483,首华燃气,2026-06-30,32.1460,13.9198,235
300484,蓝海华腾,2025-12-31,5.4603,0.4074,19
300484,蓝海华腾,2026-03-31,5.4980,0.0377,0
300484,蓝海华腾,2026-06-30,4.9113,-0.5867,9
300485,赛升药业,2025-12-31,0.9596,-1.0754,26
300485,赛升药业,2026-03-31,2.4915,1.5319,0
300485,赛升药业,2026-06-30,1.2478,-1.2437,15
300486,东杰智能,2025-12-31,26.5715,-2.0694,24
300486,东杰智能,2026-03-31,29.3552,2.7837,4
300486,东杰智能,2026-06-30,29.4875,0.1323,43
300487,蓝晓科技,2025-12-31,45.4152,8.3480,296
300487,蓝晓科技,2026-03-31,41.6026,-3.8126,16
300487,蓝晓科技,2026-06-30,43.7661,2.1635,289
300488,恒锋工具,2025-12-31,58.2491,0.0471,40
300488,恒锋工具,2026-03-31,51.0560,-7.1931,1
300488,恒锋工具,2026-06-30,52.3572,1.3012,44
300489,光智科技,2025-12-31,46.4851,0.5103,30
300489,光智科技,2026-03-31,44.4185,-2.0666,0
300489,光智科技,2026-06-30,56.4079,11.9894,152
300490,华自科技,2025-12-31,25.5534,-2.5219,49
300490,华自科技,2026-03-31,30.7813,5.2279,15
300490,华自科技,2026-06-30,35.1628,4.3815,166
300491,通合科技,2025-12-31,12.4475,5.4642,109
300491,通合科技,2026-03-31,2.8575,-9.5900,4
300491,通合科技,2026-06-30,10.7257,7.8682,104
300492,华图山鼎,2025-12-31,59.1843,0.9191,97
300492,华图山鼎,2026-03-31,57.7017,-1.4826,6
300492,华图山鼎,2026-06-30,58.9888,1.2871,153
300493,润欣科技,2025-12-31,26.7426,-0.8584,36
300493,润欣科技,2026-03-31,25.2324,-1.5102,3
300493,润欣科技,2026-06-30,23.5529,-1.6795,65
300494,盛天网络,2025-12-31,19.2043,4.0936,51
300494,盛天网络,2026-03-31,14.8521,-4.3522,10
300494,盛天网络,2026-06-30,18.5743,3.7222,40
300496,中科创达,2025-12-31,18.6738,5.2942,536
300496,中科创达,2026-03-31,7.4346,-11.2392,12
300496,中科创达,2026-06-30,13.7651,6.3305,438
300497,富祥股份,2025-12-31,7.2686,-0.5409,26
300497,富祥股份,2026-03-31,6.6872,-0.5814,0
300497,富祥股份,2026-06-30,6.3516,-0.3356,74
300498,温氏股份,2025-12-31,14.9431,6.1717,652
300498,温氏股份,2026-03-31,8.8821,-6.0610,180
300498,温氏股份,2026-06-30,9.9575,1.0754,535
300499,高澜股份,2025-12-31,4.2188,-0.4702,65
300499,高澜股份,2026-03-31,6.4394,2.2206,9
300499,高澜股份,2026-06-30,2.7739,-3.6655,62
300500,启迪设计,2025-12-31,49.2041,2.2739,29
300500,启迪设计,2026-03-31,52.7587,3.5546,3
300500,启迪设计,2026-06-30,53.8944,1.1357,30
300501,海顺新材,2025-12-31,5.7779,-0.8634,33
300501,海顺新材,2026-03-31,6.4416,0.6637,3
300501,海顺新材,2026-06-30,3.2843,-3.1573,28
300502,新易盛,2025-12-31,40.1530,2.0524,2330
300502,新易盛,2026-03-31,36.2472,-3.9058,1487
300502,新易盛,2026-06-30,36.2930,0.0458,2886
300503,昊志机电,2025-12-31,16.9042,4.9725,58
300503,昊志机电,2026-03-31,13.3280,-3.5762,5
300503,昊志机电,2026-06-30,18.8055,5.4775,116
300504,天邑股份,2025-12-31,40.5402,0.7385,45
300504,天邑股份,2026-03-31,38.9945,-1.5457,1
300504,天邑股份,2026-06-30,41.4668,2.4723,98
300505,川金诺,2025-12-31,4.9194,2.3239,90
300505,川金诺,2026-03-31,2.6960,-2.2234,1
300505,川金诺,2026-06-30,1.5128,-1.1832,25
300506,名家汇,2025-12-31,19.3092,7.3736,0
300506,名家汇,2026-03-31,19.1561,-0.1531,0
300506,名家汇,2026-06-30,19.3510,0.1949,2
300507,苏奥传感,2025-12-31,11.9345,10.7322,14
300507,苏奥传感,2026-03-31,11.8083,-0.1262,0
300507,苏奥传感,2026-06-30,11.3886,-0.4197,13
300508,维宏股份,2025-12-31,0.8263,-0.3185,19
300508,维宏股份,2026-03-31,1.6954,0.8691,2
300508,维宏股份,2026-06-30,3.2548,1.5594,46
300509,新美星,2025-12-31,10.7686,1.4095,36
300509,新美星,2026-03-31,10.3940,-0.3746,0
300509,新美星,2026-06-30,13.6134,3.2194,80
300510,金冠股份,2025-12-31,27.8713,0.8520,28
300510,金冠股份,2026-03-31,29.9073,2.0360,4
300510,金冠股份,2026-06-30,29.7561,-0.1512,43
300511,雪榕生物,2025-12-31,8.0003,4.5707,39
300511,雪榕生物,2026-03-31,9.5348,1.5345,1
300511,雪榕生物,2026-06-30,8.4764,-1.0584,88
300512,中亚股份,2025-12-31,55.6373,0.1937,11
300512,中亚股份,2026-03-31,56.0239,0.3866,1
300512,中亚股份,2026-06-30,58.3480,2.3241,92
300513,恒实科技,2025-12-31,6.0969,2.7356,41
300513,恒实科技,2026-03-31,6.2243,0.1274,2
300513,恒实科技,2026-06-30,9.4579,3.2336,59
300514,友讯达,2025-12-31,12.4421,1.1331,36
300514,友讯达,2026-03-31,9.7159,-2.7262,0
300514,友讯达,2026-06-30,12.7762,3.0603,89
300515,三德科技,2025-12-31,38.8763,2.4529,105
300515,三德科技,2026-03-31,35.6664,-3.2099,2
300515,三德科技,2026-06-30,35.8658,0.1994,56
300516,久之洋,2025-12-31,70.1372,1.5017,20
300516,久之洋,2026-03-31,70.0624,-0.0748,4
300516,久之洋,2026-06-30,70.4819,0.4195,38
300517,海波重科,2025-12-31,2.4387,-0.1621,27
300517,海波重科,2026-03-31,3.8327,1.3940,1
300517,海波重科,2026-06-30,17.5214,13.6887,66
300518,新迅达,2025-12-31,33.1679,0.5606,3
300518,新迅达,2026-03-31,31.5503,-1.6176,0
300518,新迅达,2026-06-30,28.4659,-3.0844,17
300519,新光药业,2025-12-31,23.3427,0.5331,36
300519,新光药业,2026-03-31,24.0364,0.6937,3
300519,新光药业,2026-06-30,23.1311,-0.9053,89
300520,科大国创,2025-12-31,22.5128,0.2349,26
300520,科大国创,2026-03-31,21.2979,-1.2149,2
300520,科大国创,2026-06-30,20.9412,-0.3567,30
300521,爱司凯,2025-12-31,26.7013,-0.1026,13
300521,爱司凯,2026-03-31,27.6870,0.9857,0
300521,爱司凯,2026-06-30,29.9137,2.2267,23
300522,世名科技,2025-12-31,24.3112,0.0402,11
300522,世名科技,2026-03-31,24.2710,-0.0402,0
300522,世名科技,2026-06-30,28.7423,4.4713,23
300523,辰安科技,2025-12-31,60.0895,1.5033,19
300523,辰安科技,2026-03-31,58.4653,-1.6242,0
300523,辰安科技,2026-06-30,58.9049,0.4396,43
300525,博思软件,2025-12-31,19.3908,5.3853,91
300525,博思软件,2026-03-31,8.7196,-10.6712,2
300525,博思软件,2026-06-30,7.1577,-1.5619,77
300527,ST应急,2025-12-31,55.8092,-0.1722,0
300527,ST应急,2026-03-31,55.8092,0.0000,0
300527,ST应急,2026-06-30,55.8092,0.0000,0
300528,幸福蓝海,2025-12-31,61.0710,-1.4900,9
300528,幸福蓝海,2026-03-31,62.6798,1.6088,0
300528,幸福蓝海,2026-06-30,61.3557,-1.3241,16
300529,健帆生物,2025-12-31,12.9602,4.6706,224
300529,健帆生物,2026-03-31,6.9890,-5.9712,5
300529,健帆生物,2026-06-30,9.5770,2.5880,121
300530,领湃科技,2025-12-31,31.2163,0.4909,7
300530,领湃科技,2026-03-31,36.5916,5.3753,0
300530,领湃科技,2026-06-30,36.5871,-0.0045,15
300531,优博讯,2025-12-31,37.2989,1.7941,85
300531,优博讯,2026-03-31,36.0822,-1.2167,2
300531,优博讯,2026-06-30,35.8272,-0.2550,38
300532,今天国际,2025-12-31,6.5174,-0.7540,79
300532,今天国际,2026-03-31,4.7750,-1.7424,2
300532,今天国际,2026-06-30,5.7348,0.9598,65
300533,冰川网络,2025-12-31,18.9334,6.2372,63
300533,冰川网络,2026-03-31,5.5524,-13.3810,3
300533,冰川网络,2026-06-30,6.9762,1.4238,32
300534,陇神戎发,2025-12-31,39.1305,1.0435,17
300534,陇神戎发,2026-03-31,38.9993,-0.1312,2
300534,陇神戎发,2026-06-30,40.5453,1.5460,46
300535,达威股份,2025-12-31,23.0370,1.9224,88
300535,达威股份,2026-03-31,19.8027,-3.2343,2
300535,达威股份,2026-06-30,23.4307,3.6280,80
300536,农尚环境,2025-12-31,13.1387,-4.3759,6
300536,农尚环境,2026-03-31,8.0898,-5.0489,0
300536,农尚环境,2026-06-30,8.8300,0.7402,17
300537,广信材料,2025-12-31,4.0896,-3.6970,9
300537,广信材料,2026-03-31,2.3765,-1.7131,1
300537,广信材料,2026-06-30,5.1189,2.7424,22
300538,同益股份,2025-12-31,4.4732,-0.2501,21
300538,同益股份,2026-03-31,2.9746,-1.4986,0
300538,同益股份,2026-06-30,3.0612,0.0866,18
300539,横河精密,2025-12-31,4.6964,2.1646,66
300539,横河精密,2026-03-31,3.5327,-1.1637,1
300539,横河精密,2026-06-30,3.8574,0.3247,69
300540,蜀道装备,2025-12-31,39.5697,1.4270,16
300540,蜀道装备,2026-03-31,38.2167,-1.3530,1
300540,蜀道装备,2026-06-30,39.7288,1.5121,28
300541,先进数通,2025-12-31,3.9946,1.1856,47
300541,先进数通,2026-03-31,1.4262,-2.5684,4
300541,先进数通,2026-06-30,3.4971,2.0709,48
300542,新晨科技,2025-12-31,2.3408,0.4496,28
300542,新晨科技,2026-03-31,1.4571,-0.8837,1
300542,新晨科技,2026-06-30,2.4530,0.9959,41
300543,朗科智能,2025-12-31,0.1551,-0.5063,25
300543,朗科智能,2026-03-31,0.0064,-0.1487,1
300543,朗科智能,2026-06-30,1.5027,1.4963,38
300545,联得装备,2025-12-31,8.2085,1.2116,50
300545,联得装备,2026-03-31,4.1081,-4.1004,3
300545,联得装备,2026-06-30,4.2958,0.1877,27
300546,雄帝科技,2025-12-31,2.5510,2.3074,34
300546,雄帝科技,2026-03-31,1.2950,-1.2560,1
300546,雄帝科技,2026-06-30,1.0420,-0.2530,17
300547,川环科技,2025-12-31,4.1846,1.4275,56
300547,川环科技,2026-03-31,2.1967,-1.9879,4
300547,川环科技,2026-06-30,4.0992,1.9025,61
300548,长芯博创,2025-12-31,36.6581,8.8412,457
300548,长芯博创,2026-03-31,32.2268,-4.4313,118
300548,长芯博创,2026-06-30,45.8874,13.6606,855
300549,优德精密,2025-12-31,33.9275,1.1110,34
300549,优德精密,2026-03-31,32.8546,-1.0729,1
300549,优德精密,2026-06-30,35.8599,3.0053,67
300550,和仁科技,2025-12-31,57.8170,5.0045,99
300550,和仁科技,2026-03-31,53.3636,-4.4534,0
300550,和仁科技,2026-06-30,55.3521,1.9885,21
300551,古鳌科技,2025-12-31,1.9683,0.0773,18
300551,古鳌科技,2026-03-31,2.6743,0.7060,2
300551,古鳌科技,2026-06-30,4.1159,1.4416,35
300552,万集科技,2025-12-31,5.2836,0.0595,33
300552,万集科技,2026-03-31,6.1708,0.8872,0
300552,万集科技,2026-06-30,5.0416,-1.1292,42
300553,集智股份,2025-12-31,12.9391,2.5206,46
300553,集智股份,2026-03-31,8.1071,-4.8320,1
300553,集智股份,2026-06-30,15.8977,7.7906,61
300554,三超新材,2025-12-31,16.0061,12.2940,16
300554,三超新材,2026-03-31,16.1690,0.1629,1
300554,三超新材,2026-06-30,14.9976,-1.1714,6
300555,ST路通,2025-12-31,3.8246,0.8370,0
300555,ST路通,2026-03-31,3.7943,-0.0303,0
300555,ST路通,2026-06-30,3.8044,0.0101,0
300556,丝路视觉,2025-12-31,5.1456,2.9609,31
300556,丝路视觉,2026-03-31,3.6699,-1.4757,5
300556,丝路视觉,2026-06-30,5.6646,1.9947,58
300557,理工光科,2025-12-31,51.8426,1.5505,18
300557,理工光科,2026-03-31,51.5856,-0.2570,1
300557,理工光科,2026-06-30,49.0971,-2.4885,12
300558,贝达药业,2025-12-31,56.4780,7.0618,395
300558,贝达药业,2026-03-31,45.8253,-10.6527,15
300558,贝达药业,2026-06-30,55.6545,9.8292,391
300559,佳发教育,2025-12-31,13.0739,1.7064,66
300559,佳发教育,2026-03-31,9.4723,-3.6016,0
300559,佳发教育,2026-06-30,8.8501,-0.6222,35
300560,中富通,2025-12-31,19.1602,1.5468,24
300560,中富通,2026-03-31,16.8703,-2.2899,3
300560,中富通,2026-06-30,17.4185,0.5482,6
300561,汇金科技,2025-12-31,4.6020,0.1957,0
300561,汇金科技,2026-03-31,3.7785,-0.8235,0
300561,汇金科技,2026-06-30,4.0561,0.2776,6
300562,乐心股份,2025-12-31,3.6107,1.2478,57
300562,乐心股份,2026-03-31,4.4350,0.8243,4
300562,乐心股份,2026-06-30,8.7977,4.3627,55
300563,神宇股份,2025-12-31,2.4471,-0.2067,45
300563,神宇股份,2026-03-31,2.1184,-0.3287,2
300563,神宇股份,2026-06-30,5.1303,3.0119,90
300564,筑博设计,2025-12-31,37.9411,1.1059,23
300564,筑博设计,2026-03-31,33.4976,-4.4435,0
300564,筑博设计,2026-06-30,32.5080,-0.9896,64
300565,科信技术,2025-12-31,2.8125,1.9919,34
300565,科信技术,2026-03-31,2.5026,-0.3099,4
300565,科信技术,2026-06-30,2.8976,0.3950,27
300566,激智科技,2025-12-31,8.4291,1.6684,85
300566,激智科技,2026-03-31,10.5466,2.1175,5
300566,激智科技,2026-06-30,13.4874,2.9408,55
300567,精测电子,2025-12-31,27.9943,11.9277,500
300567,精测电子,2026-03-31,23.0292,-4.9651,77
300567,精测电子,2026-06-30,43.7070,20.6778,929
300568,星源材质,2025-12-31,19.8409,12.2106,285
300568,星源材质,2026-03-31,10.8913,-8.9496,24
300568,星源材质,2026-06-30,25.5101,14.6188,492
300569,天能重工,2025-12-31,31.3337,-0.3823,39
300569,天能重工,2026-03-31,30.2809,-1.0528,6
300569,天能重工,2026-06-30,30.9663,0.6854,44
300570,太辰光,2025-12-31,30.3939,8.8222,313
300570,太辰光,2026-03-31,15.8875,-14.5064,21
300570,太辰光,2026-06-30,35.2181,19.3306,558
300571,平治信息,2025-12-31,20.8533,1.1241,28
300571,平治信息,2026-03-31,19.5139,-1.3394,1
300571,平治信息,2026-06-30,18.7316,-0.7823,46
300572,安车检测,2025-12-31,10.9007,4.2065,23
300572,安车检测,2026-03-31,10.2361,-0.6646,0
300572,安车检测,2026-06-30,18.5369,8.3008,29
300573,兴齐眼药,2025-12-31,8.5703,3.0282,397
300573,兴齐眼药,2026-03-31,2.9921,-5.5782,1
300573,兴齐眼药,2026-06-30,5.1532,2.1611,253
300575,中旗股份,2025-12-31,5.5379,0.6126,26
300575,中旗股份,2026-03-31,6.5613,1.0234,1
300575,中旗股份,2026-06-30,11.9213,5.3600,104
300576,容大感光,2025-12-31,7.0779,1.5670,30
300576,容大感光,2026-03-31,5.0106,-2.0673,0
300576,容大感光,2026-06-30,13.5645,8.5539,163
300577,开润股份,2025-12-31,43.0667,8.7955,82
300577,开润股份,2026-03-31,31.9237,-11.1430,5
300577,开润股份,2026-06-30,33.9833,2.0596,41
300578,会畅科技,2025-12-31,28.8239,0.7870,26
300578,会畅科技,2026-03-31,32.6756,3.8517,1
300578,会畅科技,2026-06-30,30.7490,-1.9266,27
300579,数字认证,2025-12-31,59.5115,0.2910,54
300579,数字认证,2026-03-31,57.7913,-1.7202,1
300579,数字认证,2026-06-30,58.4440,0.6527,93
300580,贝斯特,2025-12-31,59.0916,2.0623,83
300580,贝斯特,2026-03-31,55.9326,-3.1590,6
300580,贝斯特,2026-06-30,60.2153,4.2827,107
300581,晨曦航空,2025-12-31,52.5388,-0.2774,36
300581,晨曦航空,2026-03-31,49.2348,-3.3040,1
300581,晨曦航空,2026-06-30,47.9803,-1.2545,29
300582,英飞特,2025-12-31,1.3571,-0.0520,16
300582,英飞特,2026-03-31,0.7257,-0.6314,0
300582,英飞特,2026-06-30,3.5167,2.7910,44
300583,赛托生物,2025-12-31,24.8292,1.5697,47
300583,赛托生物,2026-03-31,25.0259,0.1967,3
300583,赛托生物,2026-06-30,27.9604,2.9345,101
300584,海辰药业,2025-12-31,5.9350,0.5831,48
300584,海辰药业,2026-03-31,1.8206,-4.1144,3
300584,海辰药业,2026-06-30,3.2354,1.4148,45
300585,奥联电子,2025-12-31,31.2976,-0.8310,9
300585,奥联电子,2026-03-31,34.2885,2.9909,2
300585,奥联电子,2026-06-30,38.0181,3.7296,11
300586,美联新材,2025-12-31,0.1729,,35
300586,美联新材,2026-03-31,0.8365,0.6636,1
300586,美联新材,2026-06-30,2.9452,2.1087,52
300587,天铁科技,2025-12-31,7.1730,0.9452,44
300587,天铁科技,2026-03-31,4.5760,-2.5970,0
300587,天铁科技,2026-06-30,3.2219,-1.3541,67
300588,熙菱信息,2025-12-31,3.0310,-0.8792,16
300588,熙菱信息,2026-03-31,3.7462,0.7152,0
300588,熙菱信息,2026-06-30,4.0148,0.2686,13
300589,江龙船艇,2025-12-31,2.4674,0.9303,12
300589,江龙船艇,2026-03-31,2.3540,-0.1134,1
300589,江龙船艇,2026-06-30,4.3228,1.9688,35
300590,移为通信,2025-12-31,22.3184,-0.4061,60
300590,移为通信,2026-03-31,22.1849,-0.1335,5
300590,移为通信,2026-06-30,33.3477,11.1628,298
300591,万里马,2025-12-31,0.0137,-0.3783,3
300591,万里马,2026-03-31,4.5344,4.5207,0
300591,万里马,2026-06-30,2.0022,-2.5322,14
300592,华凯易佰,2025-12-31,25.8332,4.0593,43
300592,华凯易佰,2026-03-31,28.0570,2.2238,7
300592,华凯易佰,2026-06-30,29.5844,1.5274,101
300593,新雷能,2025-12-31,25.1646,10.7853,258
300593,新雷能,2026-03-31,13.3676,-11.7970,17
300593,新雷能,2026-06-30,22.9061,9.5385,244
300594,ST朗进,2025-12-31,43.7323,3.2676,33
300594,ST朗进,2026-03-31,42.5537,-1.1786,0
300594,ST朗进,2026-06-30,42.7241,0.1704,0
300595,欧普康视,2025-12-31,27.0611,1.0438,127
300595,欧普康视,2026-03-31,23.6434,-3.4177,4
300595,欧普康视,2026-06-30,24.5611,0.9177,80
300596,利安隆,2025-12-31,51.6982,6.7666,294
300596,利安隆,2026-03-31,46.5563,-5.1419,24
300596,利安隆,2026-06-30,47.4774,0.9211,225
300597,吉大通信,2025-12-31,21.8138,1.0380,42
300597,吉大通信,2026-03-31,20.1825,-1.6313,0
300597,吉大通信,2026-06-30,23.3267,3.1442,74
300598,诚迈科技,2025-12-31,34.5002,-0.6191,58
300598,诚迈科技,2026-03-31,32.5179,-1.9823,1
300598,诚迈科技,2026-06-30,34.2208,1.7029,46
300599,雄塑科技,2025-12-31,13.6980,5.6778,36
300599,雄塑科技,2026-03-31,6.9297,-6.7683,0
300599,雄塑科技,2026-06-30,6.4361,-0.4936,18
300600,国瑞科技,2025-12-31,32.7887,-1.3913,5
300600,国瑞科技,2026-03-31,34.2848,1.4961,2
300600,国瑞科技,2026-06-30,35.4922,1.2074,15
300601,康泰生物,2025-12-31,12.0129,5.0394,239
300601,康泰生物,2026-03-31,7.3211,-4.6918,4
300601,康泰生物,2026-06-30,10.7538,3.4327,165
300602,飞荣达,2025-12-31,15.2690,6.5727,359
300602,飞荣达,2026-03-31,4.7944,-10.4746,12
300602,飞荣达,2026-06-30,15.5419,10.7475,315
300603,立昂技术,2025-12-31,1.5533,-3.8074,15
300603,立昂技术,2026-03-31,2.3143,0.7610,1
300603,立昂技术,2026-06-30,0.6602,-1.6541,7
300604,长川科技,2025-12-31,38.0167,16.8803,816
300604,长川科技,2026-03-31,27.2482,-10.7685,225
300604,长川科技,2026-06-30,39.9004,12.6522,1699
300605,恒锋信息,2025-12-31,2.9314,-0.5094,26
300605,恒锋信息,2026-03-31,1.7487,-1.1827,2
300605,恒锋信息,2026-06-30,7.3257,5.5770,66
300606,金太阳,2025-12-31,3.2160,1.0470,29
300606,金太阳,2026-03-31,3.9965,0.7805,0
300606,金太阳,2026-06-30,7.6764,3.6799,55
300607,拓斯达,2025-12-31,15.8563,5.2321,76
300607,拓斯达,2026-03-31,10.5907,-5.2656,4
300607,拓斯达,2026-06-30,15.9155,5.3248,119
300608,思特奇,2025-12-31,31.7501,0.0488,9
300608,思特奇,2026-03-31,32.0674,0.3173,0
300608,思特奇,2026-06-30,30.4718,-1.5956,15
300609,汇纳科技,2025-12-31,18.2873,0.5209,27
300609,汇纳科技,2026-03-31,17.5983,-0.6890,1
300609,汇纳科技,2026-06-30,16.8029,-0.7954,20
300610,晨化股份,2025-12-31,2.8048,1.7337,56
300610,晨化股份,2026-03-31,0.9525,-1.8523,0
300610,晨化股份,2026-06-30,7.4575,6.5050,94
300611,美力科技,2025-12-31,3.5753,-0.8458,26
300611,美力科技,2026-03-31,3.4233,-0.1520,0
300611,美力科技,2026-06-30,1.4499,-1.9734,14
300612,宣亚国际,2025-12-31,23.7354,2.5852,20
300612,宣亚国际,2026-03-31,23.0831,-0.6523,0
300612,宣亚国际,2026-06-30,22.8021,-0.2810,44
300613,富瀚微,2025-12-31,31.6365,2.0493,94
300613,富瀚微,2026-03-31,28.7397,-2.8968,3
300613,富瀚微,2026-06-30,31.1738,2.4341,297
300614,百川畅银,2025-12-31,44.8404,0.8418,51
300614,百川畅银,2026-03-31,47.6638,2.8234,2
300614,百川畅银,2026-06-30,50.6641,3.0003,62
300615,欣天科技,2025-12-31,6.6108,0.3036,67
300615,欣天科技,2026-03-31,3.5935,-3.0173,1
300615,欣天科技,2026-06-30,7.5745,3.9810,57
300616,尚品宅配,2025-12-31,6.0338,1.8662,70
300616,尚品宅配,2026-03-31,1.8858,-4.1480,0
300616,尚品宅配,2026-06-30,3.9810,2.0952,47
300617,安靠智电,2025-12-31,5.0605,-0.0622,14
300617,安靠智电,2026-03-31,9.7749,4.7144,9
300617,安靠智电,2026-06-30,13.4281,3.6532,141
300618,寒锐钴业,2025-12-31,6.7833,3.8827,114
300618,寒锐钴业,2026-03-31,2.6646,-4.1187,1
300618,寒锐钴业,2026-06-30,4.3745,1.7099,75
300619,金银河,2025-12-31,15.2391,1.3291,98
300619,金银河,2026-03-31,14.3142,-0.9249,1
300619,金银河,2026-06-30,11.9741,-2.3401,63
300620,光库科技,2025-12-31,60.4988,3.6568,278
300620,光库科技,2026-03-31,58.4288,-2.0700,44
300620,光库科技,2026-06-30,67.0788,8.6500,621
300621,维业股份,2025-12-31,41.6782,-0.1427,47
300621,维业股份,2026-03-31,39.2740,-2.4042,1
300621,维业股份,2026-06-30,40.6779,1.4039,56
300622,博士眼镜,2025-12-31,1.3994,-3.1634,21
300622,博士眼镜,2026-03-31,1.4913,0.0919,0
300622,博士眼镜,2026-06-30,1.1364,-0.3549,27
300623,捷捷微电,2025-12-31,39.6828,0.0688,110
300623,捷捷微电,2026-03-31,39.0017,-0.6811,2
300623,捷捷微电,2026-06-30,49.1619,10.1602,291
300624,万兴科技,2025-12-31,29.0443,1.6279,164
300624,万兴科技,2026-03-31,24.1639,-4.8804,12
300624,万兴科技,2026-06-30,20.8433,-3.3206,131
300625,三雄极光,2025-12-31,20.3658,0.2810,46
300625,三雄极光,2026-03-31,18.5061,-1.8597,0
300625,三雄极光,2026-06-30,19.3781,0.8720,39
300626,华瑞股份,2025-12-31,23.5656,2.9673,38
300626,华瑞股份,2026-03-31,20.6081,-2.9575,0
300626,华瑞股份,2026-06-30,18.5488,-2.0593,12
300627,华测导航,2025-12-31,38.1702,3.6788,441
300627,华测导航,2026-03-31,31.6116,-6.5586,16
300627,华测导航,2026-06-30,38.1928,6.5812,267
300628,亿联网络,2025-12-31,35.0844,7.7463,607
300628,亿联网络,2026-03-31,24.5440,-10.5404,23
300628,亿联网络,2026-06-30,33.8175,9.2735,527
300629,新劲刚,2025-12-31,5.0137,2.4788,42
300629,新劲刚,2026-03-31,1.9521,-3.0616,0
300629,新劲刚,2026-06-30,4.2335,2.2814,69
300631,久吾高科,2025-12-31,31.3485,0.8189,19
300631,久吾高科,2026-03-31,29.8475,-1.5010,0
300631,久吾高科,2026-06-30,30.1902,0.3427,25
300632,光莆股份,2025-12-31,12.2264,0.2485,5
300632,光莆股份,2026-03-31,17.1081,4.8817,0
300632,光莆股份,2026-06-30,11.5990,-5.5091,13
300633,开立医疗,2025-12-31,13.6229,3.4915,182
300633,开立医疗,2026-03-31,13.6923,0.0694,18
300633,开立医疗,2026-06-30,20.5461,6.8538,154
300634,彩讯股份,2025-12-31,43.0024,0.3426,90
300634,彩讯股份,2026-03-31,41.4261,-1.5763,4
300634,彩讯股份,2026-06-30,41.8204,0.3943,77
300635,中达安,2025-12-31,18.6129,3.8253,34
300635,中达安,2026-03-31,15.5991,-3.0138,4
300635,中达安,2026-06-30,21.5424,5.9433,61
300636,同和药业,2025-12-31,19.8866,2.2541,56
300636,同和药业,2026-03-31,19.4426,-0.4440,3
300636,同和药业,2026-06-30,21.4823,2.0397,49
300637,扬帆新材,2025-12-31,43.5744,0.7737,17
300637,扬帆新材,2026-03-31,41.9444,-1.6300,2
300637,扬帆新材,2026-06-30,42.3464,0.4020,42
300638,广和通,2025-12-31,9.2498,0.2642,128
300638,广和通,2026-03-31,5.4972,-3.7526,3
300638,广和通,2026-06-30,9.3816,3.8844,131
300639,凯普生物,2025-12-31,45.5861,1.1157,89
300639,凯普生物,2026-03-31,43.9051,-1.6810,2
300639,凯普生物,2026-06-30,43.4608,-0.4443,30
300640,德艺文创,2025-12-31,1.3840,-0.4978,14
300640,德艺文创,2026-03-31,3.4122,2.0282,0
300640,德艺文创,2026-06-30,7.9473,4.5351,55
300641,正丹股份,2025-12-31,57.2357,0.0900,30
300641,正丹股份,2026-03-31,56.9048,-0.3309,0
300641,正丹股份,2026-06-30,56.9154,0.0106,35
300642,透景生命,2025-12-31,28.2329,3.1171,54
300642,透景生命,2026-03-31,22.7094,-5.5235,4
300642,透景生命,2026-06-30,26.1883,3.4789,73
300643,万通智控,2025-12-31,48.8317,-0.8765,61
300643,万通智控,2026-03-31,46.2754,-2.5563,0
300643,万通智控,2026-06-30,43.3136,-2.9618,21
300644,南京聚隆,2025-12-31,22.2859,4.2064,80
300644,南京聚隆,2026-03-31,20.8803,-1.4056,1
300644,南京聚隆,2026-06-30,18.9488,-1.9315,21
300645,正元智慧,2025-12-31,35.7081,6.7608,97
300645,正元智慧,2026-03-31,33.9562,-1.7519,6
300645,正元智慧,2026-06-30,35.6476,1.6914,105
300647,超频三,2025-12-31,4.6426,0.9209,36
300647,超频三,2026-03-31,3.0377,-1.6049,1
300647,超频三,2026-06-30,4.4554,1.4177,53
300648,星云股份,2025-12-31,9.2103,6.5369,42
300648,星云股份,2026-03-31,2.9351,-6.2752,2
300648,星云股份,2026-06-30,4.0394,1.1043,32
300649,杭州园林,2025-12-31,15.6684,1.1023,46
300649,杭州园林,2026-03-31,12.0709,-3.5975,0
300649,杭州园林,2026-06-30,14.9048,2.8339,16
300650,太龙股份,2025-12-31,4.3807,0.0937,21
300650,太龙股份,2026-03-31,5.5752,1.1945,0
300650,太龙股份,2026-06-30,2.0281,-3.5471,30
300651,金陵体育,2025-12-31,1.5605,-0.3876,23
300651,金陵体育,2026-03-31,2.5689,1.0084,0
300651,金陵体育,2026-06-30,6.3787,3.8098,15
300652,雷迪克,2025-12-31,52.1482,2.4462,80
300652,雷迪克,2026-03-31,44.5663,-7.5819,3
300652,雷迪克,2026-06-30,44.2825,-0.2838,25
300653,正海生物,2025-12-31,13.2723,1.0878,36
300653,正海生物,2026-03-31,11.7475,-1.5248,4
300653,正海生物,2026-06-30,12.4453,0.6978,47
300654,世纪天鸿,2025-12-31,46.7112,-2.0591,33
300654,世纪天鸿,2026-03-31,49.4809,2.7697,0
300654,世纪天鸿,2026-06-30,47.5430,-1.9379,35
300655,晶瑞电材,2025-12-31,20.2695,2.7927,77
300655,晶瑞电材,2026-03-31,19.7140,-0.5555,3
300655,晶瑞电材,2026-06-30,19.9427,0.2287,109
300656,民德电子,2025-12-31,10.3581,1.1947,46
300656,民德电子,2026-03-31,8.0658,-2.2923,6
300656,民德电子,2026-06-30,11.4488,3.3830,76
300657,弘信电子,2025-12-31,23.5333,1.4908,51
300657,弘信电子,2026-03-31,20.9664,-2.5669,1
300657,弘信电子,2026-06-30,21.5248,0.5584,50
300658,延江股份,2025-12-31,6.3272,-6.8857,34
300658,延江股份,2026-03-31,10.1208,3.7936,10
300658,延江股份,2026-06-30,9.8248,-0.2960,120
300659,中孚信息,2025-12-31,7.2652,1.1120,26
300659,中孚信息,2026-03-31,6.8409,-0.4243,1
300659,中孚信息,2026-06-30,8.0883,1.2474,33
300660,江苏雷利,2025-12-31,69.6670,0.9150,75
300660,江苏雷利,2026-03-31,66.7760,-2.8910,4
300660,江苏雷利,2026-06-30,66.1925,-0.5835,91
300661,圣邦股份,2025-12-31,51.8047,4.1737,524
300661,圣邦股份,2026-03-31,45.2724,-6.5323,48
300661,圣邦股份,2026-06-30,66.6253,21.3529,1220
300662,科锐国际,2025-12-31,61.5266,9.2358,277
300662,科锐国际,2026-03-31,49.6555,-11.8711,21
300662,科锐国际,2026-06-30,54.0757,4.4202,164
300663,科蓝软件,2025-12-31,9.5586,0.3407,57
300663,科蓝软件,2026-03-31,6.5297,-3.0289,1
300663,科蓝软件,2026-06-30,9.6394,3.1097,52
300664,鹏鹞环保,2025-12-31,30.3268,-0.1558,50
300664,鹏鹞环保,2026-03-31,29.7941,-0.5327,0
300664,鹏鹞环保,2026-06-30,30.4611,0.6670,29
300665,飞鹿股份,2025-12-31,9.1178,,29
300665,飞鹿股份,2026-03-31,8.1253,-0.9925,3
300665,飞鹿股份,2026-06-30,5.9982,-2.1271,20
300666,江丰电子,2025-12-31,22.3835,7.1208,184
300666,江丰电子,2026-03-31,23.6775,1.2940,92
300666,江丰电子,2026-06-30,36.7602,13.0827,834
300667,必创科技,2025-12-31,2.0911,0.7896,42
300667,必创科技,2026-03-31,2.6137,0.5226,5
300667,必创科技,2026-06-30,3.4740,0.8603,21
300668,杰恩股份,2025-12-31,32.7457,1.0739,17
300668,杰恩股份,2026-03-31,31.9983,-0.7474,1
300668,杰恩股份,2026-06-30,32.0957,0.0974,9
300669,沪宁股份,2025-12-31,56.0948,0.9587,5
300669,沪宁股份,2026-03-31,51.9853,-4.1095,0
300669,沪宁股份,2026-06-30,50.9362,-1.0491,6
300670,大烨智能,2025-12-31,15.3536,3.1354,14
300670,大烨智能,2026-03-31,15.3385,-0.0151,1
300670,大烨智能,2026-06-30,18.3976,3.0591,24
300671,富满微,2025-12-31,31.9500,-0.5897,26
300671,富满微,2026-03-31,33.3701,1.4201,5
300671,富满微,2026-06-30,42.5802,9.2101,136
300672,国科微,2025-12-31,40.2513,2.1817,106
300672,国科微,2026-03-31,42.3303,2.0790,21
300672,国科微,2026-06-30,48.5670,6.2367,386
300673,佩蒂股份,2025-12-31,11.8064,9.6806,93
300673,佩蒂股份,2026-03-31,2.2971,-9.5093,1
300673,佩蒂股份,2026-06-30,2.4927,0.1956,32
300674,宇信科技,2025-12-31,40.6460,4.8541,168
300674,宇信科技,2026-03-31,35.3578,-5.2882,7
300674,宇信科技,2026-06-30,36.1335,0.7757,97
300675,建科院,2025-12-31,51.2374,1.2842,34
300675,建科院,2026-03-31,49.9290,-1.3084,1
300675,建科院,2026-06-30,52.2016,2.2726,63
300676,华大基因,2025-12-31,47.7649,3.9671,238
300676,华大基因,2026-03-31,43.5825,-4.1824,9
300676,华大基因,2026-06-30,45.4171,1.8346,237
300677,英科医疗,2025-12-31,37.9974,16.1232,532
300677,英科医疗,2026-03-31,34.9913,-3.0061,209
300677,英科医疗,2026-06-30,34.7471,-0.2442,679
300678,中科信息,2025-12-31,37.2110,0.3200,67
300678,中科信息,2026-03-31,34.8303,-2.3807,0
300678,中科信息,2026-06-30,35.2700,0.4397,62
300679,电连技术,2025-12-31,23.0407,5.8186,342
300679,电连技术,2026-03-31,7.1108,-15.9299,10
300679,电连技术,2026-06-30,8.4290,1.3182,265
300680,隆盛科技,2025-12-31,20.5981,4.7630,145
300680,隆盛科技,2026-03-31,11.0340,-9.5641,12
300680,隆盛科技,2026-06-30,6.6462,-4.3878,91
300681,英搏尔,2025-12-31,14.2878,1.6089,219
300681,英搏尔,2026-03-31,8.8340,-5.4538,2
300681,英搏尔,2026-06-30,22.5519,13.7179,324
300682,朗新科技,2025-12-31,50.9558,1.4633,224
300682,朗新科技,2026-03-31,46.6187,-4.3371,7
300682,朗新科技,2026-06-30,48.2954,1.6767,154
300683,海特生物,2025-12-31,40.6628,1.6700,35
300683,海特生物,2026-03-31,38.0534,-2.6094,5
300683,海特生物,2026-06-30,37.0888,-0.9646,25
300684,中石科技,2025-12-31,14.1132,7.2550,171
300684,中石科技,2026-03-31,11.2327,-2.8805,12
300684,中石科技,2026-06-30,12.6405,1.4078,120
300685,艾德生物,2025-12-31,41.6172,-0.9325,137
300685,艾德生物,2026-03-31,37.6608,-3.9564,8
300685,艾德生物,2026-06-30,35.8451,-1.8157,103
300686,智动力,2025-12-31,6.2047,-5.5812,5
300686,智动力,2026-03-31,3.5255,-2.6792,0
300686,智动力,2026-06-30,6.7923,3.2668,19
300687,赛意信息,2025-12-31,20.9614,0.8303,120
300687,赛意信息,2026-03-31,17.4786,-3.4828,2
300687,赛意信息,2026-06-30,23.0858,5.6072,146
300688,创业黑马,2025-12-31,12.1705,1.3331,16
300688,创业黑马,2026-03-31,12.3679,0.1974,0
300688,创业黑马,2026-06-30,16.1591,3.7912,25
300689,澄天伟业,2025-12-31,48.9375,-0.1802,35
300689,澄天伟业,2026-03-31,47.7604,-1.1771,0
300689,澄天伟业,2026-06-30,49.0635,1.3031,56
300690,双一科技,2025-12-31,0.0395,-0.9389,11
300690,双一科技,2026-03-31,0.5432,0.5037,0
300690,双一科技,2026-06-30,0.6361,0.0929,12
300691,联合光电,2025-12-31,11.2916,1.4171,39
300691,联合光电,2026-03-31,10.5825,-0.7091,0
300691,联合光电,2026-06-30,14.4552,3.8727,79
300692,中赋科技,2025-12-31,28.3345,0.2999,15
300692,中赋科技,2026-03-31,21.3328,-7.0017,0
300692,中赋科技,2026-06-30,19.3985,-1.9343,22
300693,盛弘股份,2025-12-31,26.8712,13.0351,319
300693,盛弘股份,2026-03-31,18.6252,-8.2460,30
300693,盛弘股份,2026-06-30,26.3683,7.7431,313
300694,蠡湖股份,2025-12-31,32.5859,2.3200,64
300694,蠡湖股份,2026-03-31,30.6528,-1.9331,3
300694,蠡湖股份,2026-06-30,34.1636,3.5108,98
300695,兆丰股份,2025-12-31,80.8530,0.2692,60
300695,兆丰股份,2026-03-31,78.0658,-2.7872,4
300695,兆丰股份,2026-06-30,75.1367,-2.9291,42
300696,爱乐达,2025-12-31,9.7385,0.4527,99
300696,爱乐达,2026-03-31,28.7417,19.0032,2
300696,爱乐达,2026-06-30,31.1606,2.4189,94
300697,电工合金,2025-12-31,47.9905,-32.2915,25
300697,电工合金,2026-03-31,48.0310,0.0405,1
300697,电工合金,2026-06-30,49.6282,1.5972,68
300698,万马科技,2025-12-31,9.7408,1.8913,40
300698,万马科技,2026-03-31,10.8016,1.0608,5
300698,万马科技,2026-06-30,11.3626,0.5610,41
300699,光威复材,2025-12-31,50.8568,5.7229,404
300699,光威复材,2026-03-31,43.1496,-7.7072,23
300699,光威复材,2026-06-30,43.9683,0.8187,360
300700,岱勒新材,2025-12-31,11.2722,-0.0011,33
300700,岱勒新材,2026-03-31,9.5724,-1.6998,0
300700,岱勒新材,2026-06-30,7.2243,-2.3481,93
300701,森霸传感,2025-12-31,41.8154,-1.0856,16
300701,森霸传感,2026-03-31,42.0683,0.2529,1
300701,森霸传感,2026-06-30,40.0173,-2.0510,42
300702,天宇股份,2025-12-31,26.8057,7.6097,139
300702,天宇股份,2026-03-31,23.5348,-3.2709,8
300702,天宇股份,2026-06-30,24.6869,1.1521,75
300703,创源股份,2025-12-31,37.2018,1.6960,64
300703,创源股份,2026-03-31,37.8217,0.6199,3
300703,创源股份,2026-06-30,35.4444,-2.3773,60
300705,九典制药,2025-12-31,3.7410,-0.2917,59
300705,九典制药,2026-03-31,1.0450,-2.6960,0
300705,九典制药,2026-06-30,1.0216,-0.0234,48
300706,阿石创,2025-12-31,8.2796,-3.1296,18
300706,阿石创,2026-03-31,8.9012,0.6216,2
300706,阿石创,2026-06-30,16.2554,7.3542,62
300707,威唐工业,2025-12-31,18.1728,-3.2178,70
300707,威唐工业,2026-03-31,14.9836,-3.1892,2
300707,威唐工业,2026-06-30,15.8779,0.8943,58
300708,聚灿光电,2025-12-31,0.8611,-2.4159,44
300708,聚灿光电,2026-03-31,0.4284,-0.4327,0
300708,聚灿光电,2026-06-30,0.5861,0.1577,20
300709,精研科技,2025-12-31,18.4195,1.9195,183
300709,精研科技,2026-03-31,12.8739,-5.5456,1
300709,精研科技,2026-06-30,21.8945,9.0206,86
300710,万隆光电,2025-12-31,4.1169,0.8505,5
300710,万隆光电,2026-03-31,3.1894,-0.9275,0
300710,万隆光电,2026-06-30,1.4350,-1.7544,7
300711,广哈通信,2025-12-31,69.2891,1.4921,63
300711,广哈通信,2026-03-31,68.7407,-0.5484,6
300711,广哈通信,2026-06-30,68.8283,0.0876,56
300712,永福股份,2025-12-31,46.8240,-1.2530,16
300712,永福股份,2026-03-31,44.6824,-2.1416,2
300712,永福股份,2026-06-30,45.8387,1.1563,27
300713,英可瑞,2025-12-31,10.8505,-0.9380,34
300713,英可瑞,2026-03-31,11.1889,0.3384,0
300713,英可瑞,2026-06-30,10.2514,-0.9375,59
300715,凯伦股份,2025-12-31,44.2418,3.9328,35
300715,凯伦股份,2026-03-31,42.2088,-2.0330,0
300715,凯伦股份,2026-06-30,39.4396,-2.7692,104
300716,*ST泉为,2025-12-31,26.3071,-0.2023,0
300716,*ST泉为,2026-03-31,23.3600,-2.9471,0
300716,*ST泉为,2026-06-30,22.4151,-0.9449,0
300717,华信新材,2025-12-31,57.2799,4.2881,71
300717,华信新材,2026-03-31,55.6741,-1.6058,5
300717,华信新材,2026-06-30,56.6601,0.9860,50
300718,长盛轴承,2025-12-31,6.7900,2.3774,113
300718,长盛轴承,2026-03-31,3.7686,-3.0214,3
300718,长盛轴承,2026-06-30,2.9346,-0.8340,133
300719,安达维尔,2025-12-31,6.4208,2.6977,70
300719,安达维尔,2026-03-31,2.5376,-3.8832,0
300719,安达维尔,2026-06-30,4.0262,1.4886,14
300720,海川智能,2025-12-31,35.8880,2.4501,31
300720,海川智能,2026-03-31,34.6716,-1.2164,1
300720,海川智能,2026-06-30,35.3155,0.6439,50
300721,怡达股份,2025-12-31,2.3347,1.5028,42
300721,怡达股份,2026-03-31,0.9713,-1.3634,0
300721,怡达股份,2026-06-30,1.1722,0.2009,10
300722,新余国科,2025-12-31,68.7942,-0.7174,18
300722,新余国科,2026-03-31,68.2760,-0.5182,2
300722,新余国科,2026-06-30,68.2495,-0.0265,23
300723,一品红,2025-12-31,57.9536,-0.8833,178
300723,一品红,2026-03-31,52.4064,-5.5472,5
300723,一品红,2026-06-30,53.4712,1.0648,102
300724,捷佳伟创,2025-12-31,12.0666,2.6411,389
300724,捷佳伟创,2026-03-31,4.3604,-7.7062,35
300724,捷佳伟创,2026-06-30,10.9333,6.5729,419
300725,药石科技,2025-12-31,10.1737,5.7985,116
300725,药石科技,2026-03-31,3.3000,-6.8737,6
300725,药石科技,2026-06-30,3.4205,0.1205,81
300726,宏达电子,2025-12-31,13.5230,4.4726,144
300726,宏达电子,2026-03-31,8.0858,-5.4372,1
300726,宏达电子,2026-06-30,6.7560,-1.3298,142
300727,润禾材料,2025-12-31,50.0746,-0.6444,36
300727,润禾材料,2026-03-31,49.7863,-0.2883,0
300727,润禾材料,2026-06-30,49.9708,0.1845,24
300729,乐歌股份,2025-12-31,48.2336,0.7309,29
300729,乐歌股份,2026-03-31,45.6093,-2.6243,0
300729,乐歌股份,2026-06-30,47.1810,1.5717,19
300730,科创信息,2025-12-31,19.8668,-1.5321,17
300730,科创信息,2026-03-31,18.5961,-1.2707,0
300730,科创信息,2026-06-30,17.7420,-0.8541,5
300731,科创新源,2025-12-31,28.6762,2.3271,57
300731,科创新源,2026-03-31,29.5212,0.8450,11
300731,科创新源,2026-06-30,34.0792,4.5580,136
300732,设研院,2025-12-31,43.5678,-0.7191,32
300732,设研院,2026-03-31,45.1014,1.5336,1
300732,设研院,2026-06-30,43.9173,-1.1841,50
300733,西菱动力,2025-12-31,10.5246,-0.2549,39
300733,西菱动力,2026-03-31,7.1692,-3.3554,3
300733,西菱动力,2026-06-30,8.0922,0.9230,26
300735,光弘科技,2025-12-31,55.2103,1.7203,293
300735,光弘科技,2026-03-31,51.3985,-3.8118,5
300735,光弘科技,2026-06-30,51.3048,-0.0937,168
300736,百邦科技,2025-12-31,33.0405,3.4321,20
300736,百邦科技,2026-03-31,27.1957,-5.8448,5
300736,百邦科技,2026-06-30,25.9038,-1.2919,31
300737,科顺股份,2025-12-31,25.8084,3.5071,59
300737,科顺股份,2026-03-31,22.3847,-3.4237,9
300737,科顺股份,2026-06-30,19.6651,-2.7196,98
300738,奥飞数据,2025-12-31,34.5973,1.0570,174
300738,奥飞数据,2026-03-31,31.5955,-3.0018,13
300738,奥飞数据,2026-06-30,33.9492,2.3537,241
300739,明阳电路,2025-12-31,44.4063,-0.2289,103
300739,明阳电路,2026-03-31,29.4957,-14.9106,1
300739,明阳电路,2026-06-30,33.4206,3.9249,22
300740,水羊股份,2025-12-31,44.9192,-1.8939,55
300740,水羊股份,2026-03-31,44.4914,-0.4278,0
300740,水羊股份,2026-06-30,45.8912,1.3998,90
300741,华宝股份,2025-12-31,85.9344,0.5741,37
300741,华宝股份,2026-03-31,85.2867,-0.6477,3
300741,华宝股份,2026-06-30,85.6722,0.3855,45
300743,天地数码,2025-12-31,14.3382,3.5251,87
300743,天地数码,2026-03-31,7.9088,-6.4294,0
300743,天地数码,2026-06-30,11.9146,4.0058,93
300745,欣锐科技,2025-12-31,7.3381,2.2286,38
300745,欣锐科技,2026-03-31,6.1640,-1.1741,2
300745,欣锐科技,2026-06-30,11.5599,5.3959,113
300746,汉嘉数智,2025-12-31,54.2984,1.8254,62
300746,汉嘉数智,2026-03-31,54.4841,0.1857,3
300746,汉嘉数智,2026-06-30,56.1039,1.6198,39
300747,锐科激光,2025-12-31,43.6593,-2.6103,171
300747,锐科激光,2026-03-31,38.8292,-4.8301,6
300747,锐科激光,2026-06-30,45.7759,6.9467,196
300748,金力永磁,2025-12-31,56.2727,2.8679,358
300748,金力永磁,2026-03-31,49.5416,-6.7311,5
300748,金力永磁,2026-06-30,54.8656,5.3240,360
300749,顶固集创,2025-12-31,15.4536,6.3701,24
300749,顶固集创,2026-03-31,16.7610,1.3074,0
300749,顶固集创,2026-06-30,14.6707,-2.0903,18
300750,宁德时代,2025-12-31,60.1715,0.8018,2951
300750,宁德时代,2026-03-31,60.2522,0.0807,2344
300750,宁德时代,2026-06-30,59.4415,-0.8107,3113
300751,迈为股份,2025-12-31,40.2498,14.5996,439
300751,迈为股份,2026-03-31,31.3690,-8.8808,130
300751,迈为股份,2026-06-30,36.2797,4.9107,720
300752,隆利科技,2025-12-31,4.9322,-1.3715,40
300752,隆利科技,2026-03-31,4.6594,-0.2728,0
300752,隆利科技,2026-06-30,8.3276,3.6682,56
300753,爱朋医疗,2025-12-31,12.6287,3.6896,51
300753,爱朋医疗,2026-03-31,9.7465,-2.8822,8
300753,爱朋医疗,2026-06-30,6.0473,-3.6992,41
300755,华致酒行,2025-12-31,71.3613,-0.3546,49
300755,华致酒行,2026-03-31,70.8800,-0.4813,1
300755,华致酒行,2026-06-30,72.1304,1.2504,37
300756,金马游乐,2025-12-31,7.0224,2.0145,81
300756,金马游乐,2026-03-31,3.0435,-3.9789,2
300756,金马游乐,2026-06-30,4.1973,1.1538,96
300757,罗博特科,2025-12-31,38.5456,3.4120,266
300757,罗博特科,2026-03-31,41.2400,2.6944,92
300757,罗博特科,2026-06-30,42.1364,0.8964,655
300758,七彩化学,2025-12-31,30.1210,-0.4000,11
300758,七彩化学,2026-03-31,31.1750,1.0540,1
300758,七彩化学,2026-06-30,31.2927,0.1177,37
300759,康龙化成,2025-12-31,61.3619,8.6664,614
300759,康龙化成,2026-03-31,49.1840,-12.1779,77
300759,康龙化成,2026-06-30,55.8277,6.6437,569
300760,迈瑞医疗,2025-12-31,75.2525,2.1650,957
300760,迈瑞医疗,2026-03-31,69.9737,-5.2788,164
300760,迈瑞医疗,2026-06-30,71.0227,1.0490,812
300761,立华股份,2025-12-31,49.9665,5.7412,204
300761,立华股份,2026-03-31,45.6533,-4.3132,49
300761,立华股份,2026-06-30,49.0396,3.3863,242
300762,上海瀚讯,2025-12-31,30.5129,6.0958,197
300762,上海瀚讯,2026-03-31,26.1577,-4.3552,41
300762,上海瀚讯,2026-06-30,27.9862,1.8285,141
300763,锦浪科技,2025-12-31,21.3672,5.6984,374
300763,锦浪科技,2026-03-31,16.1201,-5.2471,41
300763,锦浪科技,2026-06-30,30.0898,13.9697,561
300765,石药创新,2025-12-31,85.5882,3.5227,295
300765,石药创新,2026-03-31,81.4384,-4.1498,47
300765,石药创新,2026-06-30,84.5324,3.0940,293
300766,每日互动,2025-12-31,5.8537,-0.2826,35
300766,每日互动,2026-03-31,5.5669,-0.2868,1
300766,每日互动,2026-06-30,7.1989,1.6320,53
300767,震安科技,2025-12-31,23.6985,0.6678,18
300767,震安科技,2026-03-31,22.9019,-0.7966,0
300767,震安科技,2026-06-30,25.9335,3.0316,45
300768,迪普科技,2025-12-31,30.0506,3.0933,115
300768,迪普科技,2026-03-31,26.3627,-3.6879,1
300768,迪普科技,2026-06-30,29.0158,2.6531,135
300769,德方纳米,2025-12-31,4.8004,0.9471,74
300769,德方纳米,2026-03-31,4.1231,-0.6773,6
300769,德方纳米,2026-06-30,7.1796,3.0565,186
300770,新媒股份,2025-12-31,55.3115,1.0003,181
300770,新媒股份,2026-03-31,52.3888,-2.9227,11
300770,新媒股份,2026-06-30,56.0379,3.6491,142
300771,智莱科技,2025-12-31,3.0411,1.3500,60
300771,智莱科技,2026-03-31,2.6797,-0.3614,3
300771,智莱科技,2026-06-30,1.9732,-0.7065,58
300772,运达股份,2025-12-31,60.1697,10.4783,278
300772,运达股份,2026-03-31,54.3121,-5.8576,21
300772,运达股份,2026-06-30,51.8031,-2.5090,195
300773,拉卡拉,2025-12-31,31.0243,2.3662,93
300773,拉卡拉,2026-03-31,27.4955,-3.5288,4
300773,拉卡拉,2026-06-30,28.1244,0.6289,153
300774,倍杰特,2025-12-31,10.9674,7.5845,86
300774,倍杰特,2026-03-31,3.4780,-7.4894,1
300774,倍杰特,2026-06-30,5.5781,2.1001,85
300775,三角防务,2025-12-31,40.4725,5.4321,222
300775,三角防务,2026-03-31,32.6036,-7.8689,19
300775,三角防务,2026-06-30,36.4321,3.8285,172
300776,帝尔激光,2025-12-31,28.5857,-0.7642,233
300776,帝尔激光,2026-03-31,18.7781,-9.8076,32
300776,帝尔激光,2026-06-30,27.2119,8.4338,588
300777,中简科技,2025-12-31,30.2146,5.4716,145
300777,中简科技,2026-03-31,24.3425,-5.8721,4
300777,中简科技,2026-06-30,24.5211,0.1786,108
300778,新城市,2025-12-31,60.2043,0.7629,18
300778,新城市,2026-03-31,58.0550,-2.1493,0
300778,新城市,2026-06-30,57.1981,-0.8569,45
300779,惠城环保,2025-12-31,16.5893,4.0366,130
300779,惠城环保,2026-03-31,13.4168,-3.1725,1
300779,惠城环保,2026-06-30,12.6269,-0.7899,117
300780,德恩精工,2025-12-31,4.9872,3.0276,29
300780,德恩精工,2026-03-31,5.4148,0.4276,3
300780,德恩精工,2026-06-30,4.5394,-0.8754,17
300781,因赛集团,2025-12-31,25.7314,-0.0101,10
300781,因赛集团,2026-03-31,28.3900,2.6586,0
300781,因赛集团,2026-06-30,26.9559,-1.4341,30
300782,卓胜微,2025-12-31,36.2199,10.9504,483
300782,卓胜微,2026-03-31,22.1566,-14.0633,16
300782,卓胜微,2026-06-30,27.5586,5.4020,494
300783,三只松鼠,2025-12-31,12.3058,-0.1101,64
300783,三只松鼠,2026-03-31,8.6545,-3.6513,1
300783,三只松鼠,2026-06-30,10.3454,1.6909,61
300784,利安科技,2025-12-31,0.7398,0.1491,27
300784,利安科技,2026-03-31,2.4998,1.7600,0
300784,利安科技,2026-06-30,6.8176,4.3178,36
300785,值得买,2025-12-31,12.4243,-5.0852,45
300785,值得买,2026-03-31,13.5808,1.1565,8
300785,值得买,2026-06-30,9.9054,-3.6754,82
300786,国林科技,2025-12-31,2.2287,1.4481,11
300786,国林科技,2026-03-31,2.0741,-0.1546,1
300786,国林科技,2026-06-30,8.7977,6.7236,61
300787,海能实业,2025-12-31,10.1827,-1.6661,111
300787,海能实业,2026-03-31,5.0785,-5.1042,1
300787,海能实业,2026-06-30,5.0241,-0.0544,53
300788,中信出版,2025-12-31,74.6284,-0.2005,36
300788,中信出版,2026-03-31,75.9552,1.3268,2
300788,中信出版,2026-06-30,76.1432,0.1880,42
300789,唐源电气,2025-12-31,22.6030,3.1380,38
300789,唐源电气,2026-03-31,22.0034,-0.5996,0
300789,唐源电气,2026-06-30,15.1481,-6.8553,72
300790,宇瞳光学,2025-12-31,16.8636,3.4201,272
300790,宇瞳光学,2026-03-31,4.3563,-12.5073,8
300790,宇瞳光学,2026-06-30,10.3101,5.9538,175
300791,仙乐健康,2025-12-31,68.4312,6.1076,195
300791,仙乐健康,2026-03-31,63.0760,-5.3552,9
300791,仙乐健康,2026-06-30,62.8250,-0.2510,65
300792,壹网壹创,2025-12-31,36.2673,-0.3069,37
300792,壹网壹创,2026-03-31,40.1827,3.9154,7
300792,壹网壹创,2026-06-30,37.6043,-2.5784,56
300793,佳禾智能,2025-12-31,30.1215,-1.4287,14
300793,佳禾智能,2026-03-31,30.3032,0.1817,0
300793,佳禾智能,2026-06-30,31.2010,0.8978,26
300795,米奥会展,2025-12-31,6.8087,0.9748,26
300795,米奥会展,2026-03-31,2.6783,-4.1304,1
300795,米奥会展,2026-06-30,4.2172,1.5389,42
300796,贝斯美,2025-12-31,34.8957,1.5317,33
300796,贝斯美,2026-03-31,34.0286,-0.8671,2
300796,贝斯美,2026-06-30,34.4284,0.3998,40
300797,钢研纳克,2025-12-31,72.1335,0.8804,36
300797,钢研纳克,2026-03-31,70.8375,-1.2960,2
300797,钢研纳克,2026-06-30,72.3535,1.5160,73
300798,锦鸡股份,2025-12-31,22.8090,-1.2018,27
300798,锦鸡股份,2026-03-31,27.1316,4.3226,3
300798,锦鸡股份,2026-06-30,21.4699,-5.6617,32
300800,力合科技,2025-12-31,8.1100,2.3746,61
300800,力合科技,2026-03-31,6.5372,-1.5728,1
300800,力合科技,2026-06-30,8.8489,2.3117,84
300801,泰和科技,2025-12-31,18.5466,3.6688,36
300801,泰和科技,2026-03-31,17.1350,-1.4116,0
300801,泰和科技,2026-06-30,16.4812,-0.6538,50
300802,矩子科技,2025-12-31,15.4334,4.2687,79
300802,矩子科技,2026-03-31,13.0003,-2.4331,1
300802,矩子科技,2026-06-30,12.7737,-0.2266,39
300803,指南针,2025-12-31,52.4959,2.4145,487
300803,指南针,2026-03-31,45.7117,-6.7842,46
300803,指南针,2026-06-30,44.8438,-0.8679,512
300804,广康生化,2025-12-31,18.5697,6.4719,48
300804,广康生化,2026-03-31,2.6673,-15.9024,0
300804,广康生化,2026-06-30,11.7324,9.0651,31
300805,电声股份,2025-12-31,28.8396,1.6931,56
300805,电声股份,2026-03-31,24.6756,-4.1640,0
300805,电声股份,2026-06-30,25.0476,0.3720,44
300806,斯迪克,2025-12-31,11.9135,1.5645,113
300806,斯迪克,2026-03-31,10.4667,-1.4468,6
300806,斯迪克,2026-06-30,14.1440,3.6773,208
300807,天迈科技,2025-12-31,23.2271,3.0460,9
300807,天迈科技,2026-03-31,38.3364,15.1093,1
300807,天迈科技,2026-06-30,37.7284,-0.6080,8
300808,久量股份,2025-12-31,36.8603,-0.3953,4
300808,久量股份,2026-03-31,36.8565,-0.0038,0
300808,久量股份,2026-06-30,48.9801,12.1236,16
300809,华辰装备,2025-12-31,7.9249,-0.8747,70
300809,华辰装备,2026-03-31,4.0009,-3.9240,5
300809,华辰装备,2026-06-30,5.7228,1.7219,52
300810,中科海讯,2025-12-31,49.8275,-4.0165,36
300810,中科海讯,2026-03-31,47.0224,-2.8051,3
300810,中科海讯,2026-06-30,44.7398,-2.2826,32
300811,铂科新材,2025-12-31,45.4043,3.4925,187
300811,铂科新材,2026-03-31,33.4152,-11.9891,13
300811,铂科新材,2026-06-30,37.4076,3.9924,265
300812,易天股份,2025-12-31,20.3706,6.3112,10
300812,易天股份,2026-03-31,23.0014,2.6308,1
300812,易天股份,2026-06-30,17.1693,-5.8321,15
300813,泰林生物,2025-12-31,16.2421,4.6770,43
300813,泰林生物,2026-03-31,10.1387,-6.1034,0
300813,泰林生物,2026-06-30,11.6424,1.5037,46
300814,中富电路,2025-12-31,68.4685,0.2449,52
300814,中富电路,2026-03-31,65.2845,-3.1840,9
300814,中富电路,2026-06-30,68.9775,3.6930,226
300815,玉禾田,2025-12-31,53.7621,0.0313,35
300815,玉禾田,2026-03-31,49.6955,-4.0666,0
300815,玉禾田,2026-06-30,51.0178,1.3223,40
300816,艾可蓝,2025-12-31,17.6151,5.6250,43
300816,艾可蓝,2026-03-31,15.9674,-1.6477,8
300816,艾可蓝,2026-06-30,14.2666,-1.7008,92
300817,双飞集团,2025-12-31,13.3437,0.3907,27
300817,双飞集团,2026-03-31,12.9530,-0.3907,0
300817,双飞集团,2026-06-30,13.8733,0.9203,62
300818,耐普矿机,2025-12-31,30.8985,25.6135,132
300818,耐普矿机,2026-03-31,22.1580,-8.7405,11
300818,耐普矿机,2026-06-30,21.8682,-0.2898,123
300819,聚杰微纤,2025-12-31,62.8630,-0.2912,10
300819,聚杰微纤,2026-03-31,64.6454,1.7824,0
300819,聚杰微纤,2026-06-30,63.0949,-1.5505,49
300820,英杰电气,2025-12-31,8.0509,0.6524,69
300820,英杰电气,2026-03-31,5.3446,-2.7063,2
300820,英杰电气,2026-06-30,25.5110,20.1664,203
300821,东岳硅材,2025-12-31,61.8931,-2.2120,67
300821,东岳硅材,2026-03-31,59.8450,-2.0481,5
300821,东岳硅材,2026-06-30,58.8805,-0.9645,87
300822,贝仕达克,2025-12-31,66.6646,-2.5637,14
300822,贝仕达克,2026-03-31,66.7075,0.0429,0
300822,贝仕达克,2026-06-30,68.0831,1.3756,81
300823,建科智能,2025-12-31,11.6877,4.7798,90
300823,建科智能,2026-03-31,9.6871,-2.0006,4
300823,建科智能,2026-06-30,18.1262,8.4391,160
300824,北鼎股份,2025-12-31,35.2758,1.3663,136
300824,北鼎股份,2026-03-31,29.9523,-5.3235,1
300824,北鼎股份,2026-06-30,31.1692,1.2169,87
300825,阿尔特,2025-12-31,20.0892,-0.3396,30
300825,阿尔特,2026-03-31,18.5995,-1.4897,2
300825,阿尔特,2026-06-30,21.4810,2.8815,46
300826,测绘股份,2025-12-31,48.1430,0.9125,15
300826,测绘股份,2026-03-31,48.9055,0.7625,0
300826,测绘股份,2026-06-30,45.0225,-3.8830,22
300827,上能电气,2025-12-31,23.2340,8.9866,178
300827,上能电气,2026-03-31,15.1813,-8.0527,3
300827,上能电气,2026-06-30,18.8098,3.6285,139
300828,锐新科技,2025-12-31,12.8343,3.9248,30
300828,锐新科技,2026-03-31,3.5526,-9.2817,0
300828,锐新科技,2026-06-30,2.7012,-0.8514,20
300829,金丹科技,2025-12-31,13.1310,1.9160,28
300829,金丹科技,2026-03-31,12.1000,-1.0310,0
300829,金丹科技,2026-06-30,10.3635,-1.7365,18
300830,金现代,2025-12-31,6.9611,0.1211,15
300830,金现代,2026-03-31,6.8400,-0.1211,0
300830,金现代,2026-06-30,7.5671,0.7271,50
300831,ST派瑞,2025-12-31,2.2793,-1.2494,13
300831,ST派瑞,2026-03-31,7.8780,5.5987,1
300831,ST派瑞,2026-06-30,1.9424,-5.9356,0
300832,新产业,2025-12-31,68.5240,10.2209,504
300832,新产业,2026-03-31,59.1709,-9.3531,38
300832,新产业,2026-06-30,64.3583,5.1874,459
300833,浩洋股份,2025-12-31,21.2615,9.6542,131
300833,浩洋股份,2026-03-31,14.0289,-7.2326,3
300833,浩洋股份,2026-06-30,15.0068,0.9779,61
300834,星辉环材,2025-12-31,62.7462,-0.0592,14
300834,星辉环材,2026-03-31,61.7754,-0.9708,0
300834,星辉环材,2026-06-30,62.0987,0.3233,39
300835,龙磁科技,2025-12-31,11.0587,5.5769,136
300835,龙磁科技,2026-03-31,6.0509,-5.0078,19
300835,龙磁科技,2026-06-30,19.5592,13.5083,229
300836,佰奥智能,2025-12-31,22.6317,10.6548,49
300836,佰奥智能,2026-03-31,8.1157,-14.5160,0
300836,佰奥智能,2026-06-30,18.6793,10.5636,51
300837,浙矿股份,2025-12-31,15.6090,4.1728,52
300837,浙矿股份,2026-03-31,14.2009,-1.4081,5
300837,浙矿股份,2026-06-30,18.7938,4.5929,84
300838,浙江力诺,2025-12-31,8.4934,3.5997,82
300838,浙江力诺,2026-03-31,4.7835,-3.7099,2
300838,浙江力诺,2026-06-30,11.4463,6.6628,78
300839,博汇股份,2025-12-31,45.9412,0.3253,33
300839,博汇股份,2026-03-31,44.2827,-1.6585,0
300839,博汇股份,2026-06-30,47.0296,2.7469,62
300840,酷特智能,2025-12-31,4.3138,0.6607,12
300840,酷特智能,2026-03-31,3.6531,-0.6607,0
300840,酷特智能,2026-06-30,9.9149,6.2618,66
300841,康华生物,2025-12-31,37.2792,5.8765,79
300841,康华生物,2026-03-31,34.5498,-2.7294,2
300841,康华生物,2026-06-30,32.9037,-1.6461,73
300842,帝科股份,2025-12-31,20.0402,0.6394,68
300842,帝科股份,2026-03-31,19.5108,-0.5294,12
300842,帝科股份,2026-06-30,19.0954,-0.4154,205
300843,胜蓝股份,2025-12-31,58.9255,-1.9239,70
300843,胜蓝股份,2026-03-31,58.9345,0.0090,5
300843,胜蓝股份,2026-06-30,63.8369,4.9024,191
300844,山水比德,2025-12-31,49.5099,0.1273,5
300844,山水比德,2026-03-31,49.4864,-0.0235,0
300844,山水比德,2026-06-30,53.0074,3.5210,55
300845,捷安高科,2025-12-31,12.5100,4.4597,99
300845,捷安高科,2026-03-31,7.5026,-5.0074,0
300845,捷安高科,2026-06-30,8.3638,0.8612,29
300846,首都在线,2025-12-31,12.5336,6.7157,41
300846,首都在线,2026-03-31,13.0548,0.5212,9
300846,首都在线,2026-06-30,11.1221,-1.9327,76
300847,中船汉光,2025-12-31,63.1131,0.4301,18
300847,中船汉光,2026-03-31,62.8217,-0.2914,0
300847,中船汉光,2026-06-30,62.6306,-0.1911,18
300848,美瑞新材,2025-12-31,23.2928,-0.5918,15
300848,美瑞新材,2026-03-31,23.8344,0.5416,0
300848,美瑞新材,2026-06-30,24.7912,0.9568,52
300849,锦盛新材,2025-12-31,35.8389,4.7154,17
300849,锦盛新材,2026-03-31,37.9858,2.1469,0
300849,锦盛新材,2026-06-30,26.8737,-11.1121,6
300850,新强联,2025-12-31,28.6827,9.2524,476
300850,新强联,2026-03-31,11.4270,-17.2557,29
300850,新强联,2026-06-30,11.9045,0.4775,181
300851,交大思诺,2025-12-31,21.4697,4.9108,67
300851,交大思诺,2026-03-31,19.9859,-1.4838,7
300851,交大思诺,2026-06-30,20.4368,0.4509,84
300852,四会富仕,2025-12-31,55.7968,-5.4102,95
300852,四会富仕,2026-03-31,56.0304,0.2336,0
300852,四会富仕,2026-06-30,56.7905,0.7601,53
300853,申昊科技,2025-12-31,1.7607,-0.6669,37
300853,申昊科技,2026-03-31,4.9093,3.1486,3
300853,申昊科技,2026-06-30,11.1020,6.1927,37
300854,中兰环保,2025-12-31,6.4046,-0.1039,36
300854,中兰环保,2026-03-31,3.4350,-2.9696,3
300854,中兰环保,2026-06-30,9.3374,5.9024,38
300855,图南股份,2025-12-31,22.7645,6.8610,167
300855,图南股份,2026-03-31,13.1060,-9.6585,29
300855,图南股份,2026-06-30,24.0905,10.9845,278
300856,科思股份,2025-12-31,60.5656,3.0559,33
300856,科思股份,2026-03-31,59.5665,-0.9991,1
300856,科思股份,2026-06-30,61.8767,2.3102,77
300857,协创数据,2025-12-31,47.9344,2.7922,438
300857,协创数据,2026-03-31,45.9836,-1.9508,115
300857,协创数据,2026-06-30,45.8894,-0.0942,1074
300858,科拓生物,2025-12-31,24.0459,-1.2733,91
300858,科拓生物,2026-03-31,20.5233,-3.5226,8
300858,科拓生物,2026-06-30,16.7856,-3.7377,46
300859,西域旅游,2025-12-31,48.7792,0.7631,58
300859,西域旅游,2026-03-31,47.4278,-1.3514,3
300859,西域旅游,2026-06-30,45.8312,-1.5966,12
300860,锋尚文化,2025-12-31,23.0824,0.9004,14
300860,锋尚文化,2026-03-31,18.9478,-4.1346,0
300860,锋尚文化,2026-06-30,16.9419,-2.0059,27
300861,美畅股份,2025-12-31,10.3025,2.1557,197
300861,美畅股份,2026-03-31,4.8704,-5.4321,2
300861,美畅股份,2026-06-30,7.4812,2.6108,168
300862,蓝盾光电,2025-12-31,12.2861,-1.5253,20
300862,蓝盾光电,2026-03-31,10.6199,-1.6662,0
300862,蓝盾光电,2026-06-30,9.9291,-0.6908,36
300863,卡倍亿,2025-12-31,57.5353,1.0814,22
300863,卡倍亿,2026-03-31,56.0587,-1.4766,0
300863,卡倍亿,2026-06-30,58.9160,2.8573,75
300864,南大环境,2025-12-31,72.5696,-0.2135,25
300864,南大环境,2026-03-31,72.1878,-0.3818,0
300864,南大环境,2026-06-30,73.2549,1.0671,42
300865,大宏立,2025-12-31,30.1459,2.1962,9
300865,大宏立,2026-03-31,29.5920,-0.5539,1
300865,大宏立,2026-06-30,29.2455,-0.3465,58
300866,安克创新,2025-12-31,30.1680,5.8457,705
300866,安克创新,2026-03-31,21.2459,-8.9221,40
300866,安克创新,2026-06-30,32.7220,11.4761,634
300867,圣元环保,2025-12-31,4.5764,1.0441,38
300867,圣元环保,2026-03-31,5.5658,0.9894,1
300867,圣元环保,2026-06-30,7.7110,2.1452,91
300868,杰美特,2025-12-31,5.7511,3.1816,15
300868,杰美特,2026-03-31,9.3923,3.6412,0
300868,杰美特,2026-06-30,15.8175,6.4252,100
300869,康泰医学,2025-12-31,0.6654,-2.0445,20
300869,康泰医学,2026-03-31,2.6578,1.9924,2
300869,康泰医学,2026-06-30,2.7904,0.1326,24
300870,欧陆通,2025-12-31,64.5323,1.7183,216
300870,欧陆通,2026-03-31,58.3114,-6.2209,13
300870,欧陆通,2026-06-30,69.4478,11.1364,337
300871,回盛生物,2025-12-31,44.5667,2.6309,60
300871,回盛生物,2026-03-31,43.4364,-1.1303,2
300871,回盛生物,2026-06-30,45.5102,2.0738,64
300872,天阳科技,2025-12-31,16.0120,0.1365,92
300872,天阳科技,2026-03-31,12.2443,-3.7677,2
300872,天阳科技,2026-06-30,15.3193,3.0750,91
300873,海晨股份,2025-12-31,29.3068,1.8002,61
300873,海晨股份,2026-03-31,29.0509,-0.2559,0
300873,海晨股份,2026-06-30,33.4197,4.3688,36
300875,捷强装备,2025-12-31,6.3336,0.4009,10
300875,捷强装备,2026-03-31,6.6199,0.2863,0
300875,捷强装备,2026-06-30,6.1669,-0.4530,14
300876,蒙泰高新,2025-12-31,2.6352,-0.1189,15
300876,蒙泰高新,2026-03-31,3.2804,0.6452,0
300876,蒙泰高新,2026-06-30,6.3281,3.0477,51
300877,金春股份,2025-12-31,57.7990,-1.9909,13
300877,金春股份,2026-03-31,57.7276,-0.0714,0
300877,金春股份,2026-06-30,57.7749,0.0473,5
300878,维康药业,2025-12-31,7.1626,0.8232,4
300878,维康药业,2026-03-31,7.7690,0.6064,0
300878,维康药业,2026-06-30,6.7399,-1.0291,5
300879,大叶股份,2025-12-31,55.7936,0.6589,33
300879,大叶股份,2026-03-31,52.1241,-3.6695,0
300879,大叶股份,2026-06-30,53.3615,1.2374,36
300880,迦南智能,2025-12-31,55.2138,0.2509,13
300880,迦南智能,2026-03-31,56.4402,1.2264,2
300880,迦南智能,2026-06-30,56.5505,0.1103,17
300881,盛德鑫泰,2025-12-31,20.4160,0.0771,41
300881,盛德鑫泰,2026-03-31,24.6737,4.2577,0
300881,盛德鑫泰,2026-06-30,22.2707,-2.4030,61
300882,万胜智能,2025-12-31,66.4877,2.5109,78
300882,万胜智能,2026-03-31,65.8977,-0.5900,5
300882,万胜智能,2026-06-30,67.5012,1.6035,43
300883,龙利得,2025-12-31,20.3322,0.1514,39
300883,龙利得,2026-03-31,15.2270,-5.1052,2
300883,龙利得,2026-06-30,25.8967,10.6697,35
300884,狄耐克,2025-12-31,12.3723,2.0106,29
300884,狄耐克,2026-03-31,11.0297,-1.3426,1
300884,狄耐克,2026-06-30,13.1704,2.1407,47
300885,海昌新材,2025-12-31,12.4994,1.6377,9
300885,海昌新材,2026-03-31,10.8617,-1.6377,0
300885,海昌新材,2026-06-30,12.8490,1.9873,45
300886,华业香料,2025-12-31,12.2915,3.7824,40
300886,华业香料,2026-03-31,9.9337,-2.3578,3
300886,华业香料,2026-06-30,15.1359,5.2022,77
300887,谱尼测试,2025-12-31,13.0907,0.0560,21
300887,谱尼测试,2026-03-31,10.6463,-2.4444,1
300887,谱尼测试,2026-06-30,12.8998,2.2535,49
300888,稳健医疗,2025-12-31,78.8411,3.6716,344
300888,稳健医疗,2026-03-31,74.1513,-4.6898,12
300888,稳健医疗,2026-06-30,74.3727,0.2214,191
300889,爱克股份,2025-12-31,7.6654,0.2047,17
300889,爱克股份,2026-03-31,0.8008,-6.8646,0
300889,爱克股份,2026-06-30,1.6819,0.8811,16
300890,翔丰华,2025-12-31,5.2364,-0.9917,54
300890,翔丰华,2026-03-31,4.9104,-0.3260,0
300890,翔丰华,2026-06-30,6.6211,1.7107,66
300891,惠云钛业,2025-12-31,38.0118,-0.8404,24
300891,惠云钛业,2026-03-31,37.3122,-0.6996,0
300891,惠云钛业,2026-06-30,38.0627,0.7505,25
300892,品渥食品,2025-12-31,8.4577,-0.0171,11
300892,品渥食品,2026-03-31,9.2909,0.8332,1
300892,品渥食品,2026-06-30,13.8417,4.5508,60
300893,松原安全,2025-12-31,28.2182,2.1876,177
300893,松原安全,2026-03-31,23.8037,-4.4145,9
300893,松原安全,2026-06-30,26.8730,3.0693,107
300894,火星人,2025-12-31,38.0520,0.1038,28
300894,火星人,2026-03-31,35.6706,-2.3814,0
300894,火星人,2026-06-30,36.8576,1.1870,36
300895,铜牛信息,2025-12-31,51.7101,0.3314,20
300895,铜牛信息,2026-03-31,55.6493,3.9392,7
300895,铜牛信息,2026-06-30,6.3642,-49.2851,51
300896,爱美客,2025-12-31,38.2638,5.1118,359
300896,爱美客,2026-03-31,30.8008,-7.4630,22
300896,爱美客,2026-06-30,32.9700,2.1692,374
300897,山科智能,2025-12-31,18.6328,0.9157,16
300897,山科智能,2026-03-31,17.6695,-0.9633,0
300897,山科智能,2026-06-30,18.0744,0.4049,9
300898,熊猫乳品,2025-12-31,40.9945,2.3141,63
300898,熊猫乳品,2026-03-31,39.7647,-1.2298,0
300898,熊猫乳品,2026-06-30,41.3299,1.5652,61
300899,上海凯鑫,2025-12-31,8.9370,2.3932,0
300899,上海凯鑫,2026-03-31,7.3299,-1.6071,0
300899,上海凯鑫,2026-06-30,8.6498,1.3199,11
300900,广联航空,2025-12-31,8.3286,5.4918,52
300900,广联航空,2026-03-31,13.9075,5.5789,36
300900,广联航空,2026-06-30,15.0868,1.1793,143
300901,中胤时尚,2025-12-31,65.2766,0.0981,2
300901,中胤时尚,2026-03-31,66.0961,0.8195,0
300901,中胤时尚,2026-06-30,60.7924,-5.3037,17
300902,国安达,2025-12-31,11.6023,0.0562,13
300902,国安达,2026-03-31,11.7980,0.1957,0
300902,国安达,2026-06-30,13.5152,1.7172,23
300903,科翔股份,2025-12-31,11.1595,-0.8887,22
300903,科翔股份,2026-03-31,11.7571,0.5976,6
300903,科翔股份,2026-06-30,11.3149,-0.4422,146
300904,威力传动,2025-12-31,27.0820,3.1121,63
300904,威力传动,2026-03-31,20.3897,-6.6923,7
300904,威力传动,2026-06-30,20.2990,-0.0907,37
300905,宝丽迪,2025-12-31,35.7143,-0.2912,30
300905,宝丽迪,2026-03-31,31.9978,-3.7165,0
300905,宝丽迪,2026-06-30,33.4336,1.4358,99
300906,日月明,2025-12-31,47.6551,0.3281,11
300906,日月明,2026-03-31,46.9424,-0.7127,11
300906,日月明,2026-06-30,50.3778,3.4354,58
300907,康平科技,2025-12-31,62.4240,-5.3260,10
300907,康平科技,2026-03-31,63.9714,1.5474,1
300907,康平科技,2026-06-30,64.4869,0.5155,25
300908,仲景食品,2025-12-31,45.6968,0.7114,50
300908,仲景食品,2026-03-31,45.7510,0.0542,0
300908,仲景食品,2026-06-30,47.4883,1.7373,63
300909,汇创达,2025-12-31,27.8026,1.0988,64
300909,汇创达,2026-03-31,25.3551,-2.4475,0
300909,汇创达,2026-06-30,25.9634,0.6083,87
300910,瑞丰新材,2025-12-31,52.9177,9.6741,250
300910,瑞丰新材,2026-03-31,38.4217,-14.4960,14
300910,瑞丰新材,2026-06-30,40.5159,2.0942,137
300911,亿田智能,2025-12-31,54.6226,1.0452,68
300911,亿田智能,2026-03-31,54.9100,0.2874,3
300911,亿田智能,2026-06-30,51.8316,-3.0784,57
300912,凯龙高科,2025-12-31,15.6587,2.8441,37
300912,凯龙高科,2026-03-31,10.6155,-5.0432,1
300912,凯龙高科,2026-06-30,8.2886,-2.3269,9
300913,兆龙互连,2025-12-31,62.1038,1.4143,92
300913,兆龙互连,2026-03-31,61.0248,-1.0790,2
300913,兆龙互连,2026-06-30,62.5336,1.5088,116
300915,海融科技,2025-12-31,7.3345,2.8911,16
300915,海融科技,2026-03-31,4.6873,-2.6472,1
300915,海融科技,2026-06-30,7.9812,3.2939,42
300916,朗特智能,2025-12-31,33.4355,0.8671,63
300916,朗特智能,2026-03-31,32.4658,-0.9697,0
300916,朗特智能,2026-06-30,27.8075,-4.6583,49
300917,特发服务,2025-12-31,65.2977,-1.5624,52
300917,特发服务,2026-03-31,63.3339,-1.9638,1
300917,特发服务,2026-06-30,60.3008,-3.0331,48
300918,南山智尚,2025-12-31,55.2420,-5.9525,80
300918,南山智尚,2026-03-31,53.4388,-1.8032,1
300918,南山智尚,2026-06-30,55.0633,1.6245,40
300919,中伟新材,2025-12-31,70.3454,5.0050,437
300919,中伟新材,2026-03-31,63.1227,-7.2227,19
300919,中伟新材,2026-06-30,66.9402,3.8175,669
300920,润阳科技,2025-12-31,13.2554,-0.1678,46
300920,润阳科技,2026-03-31,15.7614,2.5060,0
300920,润阳科技,2026-06-30,15.7792,0.0178,28
300921,南凌科技,2025-12-31,8.8888,3.0656,66
300921,南凌科技,2026-03-31,8.3505,-0.5383,3
300921,南凌科技,2026-06-30,13.9617,5.6112,86
300922,天秦装备,2025-12-31,20.3604,-0.7910,84
300922,天秦装备,2026-03-31,13.9006,-6.4598,5
300922,天秦装备,2026-06-30,16.1418,2.2412,55
300923,研奥股份,2025-12-31,52.5529,2.3369,69
300923,研奥股份,2026-03-31,50.3073,-2.2456,5
300923,研奥股份,2026-06-30,52.5772,2.2699,85
300925,法本信息,2025-12-31,15.8327,-1.1969,107
300925,法本信息,2026-03-31,12.8562,-2.9765,2
300925,法本信息,2026-06-30,14.0854,1.2292,47
300926,博俊科技,2025-12-31,43.9614,1.0530,221
300926,博俊科技,2026-03-31,39.6392,-4.3222,1
300926,博俊科技,2026-06-30,39.2269,-0.4123,90
300927,江天化学,2025-12-31,65.7882,-1.2531,29
300927,江天化学,2026-03-31,63.3170,-2.4712,1
300927,江天化学,2026-06-30,60.9158,-2.4012,34
300928,华安鑫创,2025-12-31,4.0703,2.1400,44
300928,华安鑫创,2026-03-31,1.9596,-2.1107,1
300928,华安鑫创,2026-06-30,8.2574,6.2978,50
300929,华骐环保,2025-12-31,25.7419,5.2624,69
300929,华骐环保,2026-03-31,17.2194,-8.5225,2
300929,华骐环保,2026-06-30,24.6740,7.4546,85
300930,屹通新材,2025-12-31,11.5446,1.8573,38
300930,屹通新材,2026-03-31,10.7500,-0.7946,4
300930,屹通新材,2026-06-30,12.7374,1.9874,34
300931,通用电梯,2025-12-31,8.2534,-0.0932,53
300931,通用电梯,2026-03-31,7.6346,-0.6188,0
300931,通用电梯,2026-06-30,8.9767,1.3421,13
300932,三友联众,2025-12-31,19.2330,3.3108,101
300932,三友联众,2026-03-31,15.1508,-4.0822,0
300932,三友联众,2026-06-30,17.6855,2.5347,37
300933,中辰股份,2025-12-31,41.3957,-2.2152,24
300933,中辰股份,2026-03-31,38.9685,-2.4272,1
300933,中辰股份,2026-06-30,41.6372,2.6687,102
300935,盈建科,2025-12-31,3.3003,1.4341,31
300935,盈建科,2026-03-31,5.4718,2.1715,2
300935,盈建科,2026-06-30,7.7046,2.2328,33
300936,中英科技,2025-12-31,16.9037,0.8683,25
300936,中英科技,2026-03-31,15.2765,-1.6272,0
300936,中英科技,2026-06-30,21.1734,5.8969,23
300937,药易购,2025-12-31,12.3689,0.3372,13
300937,药易购,2026-03-31,11.2585,-1.1104,0
300937,药易购,2026-06-30,12.6362,1.3777,36
300938,信测标准,2025-12-31,3.8652,0.1370,55
300938,信测标准,2026-03-31,3.4046,-0.4606,1
300938,信测标准,2026-06-30,5.6314,2.2268,134
300939,秋田微,2025-12-31,56.2182,-0.2906,28
300939,秋田微,2026-03-31,55.0254,-1.1928,0
300939,秋田微,2026-06-30,53.4387,-1.5867,48
300940,南极光,2025-12-31,11.9448,-0.0713,69
300940,南极光,2026-03-31,7.6608,-4.2840,0
300940,南极光,2026-06-30,8.6172,0.9564,45
300941,创识科技,2025-12-31,13.9346,0.1556,24
300941,创识科技,2026-03-31,12.9369,-0.9977,1
300941,创识科技,2026-06-30,15.8716,2.9347,47
300942,易瑞生物,2025-12-31,44.0607,-0.3416,66
300942,易瑞生物,2026-03-31,40.7470,-3.3137,0
300942,易瑞生物,2026-06-30,42.1302,1.3832,60
300943,春晖智控,2025-12-31,0.9674,,16
300943,春晖智控,2026-03-31,5.7204,4.7530,4
300943,春晖智控,2026-06-30,12.3382,6.6178,96
300945,曼卡龙,2025-12-31,48.1427,0.0915,105
300945,曼卡龙,2026-03-31,42.2787,-5.8640,2
300945,曼卡龙,2026-06-30,43.6607,1.3820,82
300946,恒而达,2025-12-31,6.7198,-0.0825,11
300946,恒而达,2026-03-31,5.0232,-1.6966,0
300946,恒而达,2026-06-30,8.0632,3.0400,35
300947,德必集团,2025-12-31,51.2768,-1.2495,18
300947,德必集团,2026-03-31,50.5198,-0.7570,2
300947,德必集团,2026-06-30,54.1788,3.6590,71
300948,冠中生态,2025-12-31,38.8051,-5.0312,17
300948,冠中生态,2026-03-31,36.6400,-2.1651,0
300948,冠中生态,2026-06-30,34.4862,-2.1538,25
300949,奥雅股份,2025-12-31,31.3277,2.2039,26
300949,奥雅股份,2026-03-31,30.3927,-0.9350,1
300949,奥雅股份,2026-06-30,32.8435,2.4508,44
300950,德固特,2025-12-31,20.2660,1.8830,51
300950,德固特,2026-03-31,18.1452,-2.1208,0
300950,德固特,2026-06-30,18.9666,0.8214,27
300951,博硕科技,2025-12-31,63.3754,-0.3627,28
300951,博硕科技,2026-03-31,63.5611,0.1857,1
300951,博硕科技,2026-06-30,68.1495,4.5884,50
300952,恒辉安防,2025-12-31,19.4165,5.7277,58
300952,恒辉安防,2026-03-31,16.9539,-2.4626,10
300952,恒辉安防,2026-06-30,16.6730,-0.2809,57
300953,震裕科技,2025-12-31,40.1241,9.6366,436
300953,震裕科技,2026-03-31,31.6426,-8.4815,79
300953,震裕科技,2026-06-30,35.7153,4.0727,630
300955,嘉亨家化,2025-12-31,6.8062,-1.4082,13
300955,嘉亨家化,2026-03-31,3.6219,-3.1843,0
300955,嘉亨家化,2026-06-30,34.4112,30.7893,55
300956,英力股份,2025-12-31,49.3334,0.8155,45
300956,英力股份,2026-03-31,48.1123,-1.2211,0
300956,英力股份,2026-06-30,49.2015,1.0892,27
300957,贝泰妮,2025-12-31,66.0542,-2.0349,173
300957,贝泰妮,2026-03-31,62.2510,-3.8032,13
300957,贝泰妮,2026-06-30,64.5003,2.2493,293
300958,建工修复,2025-12-31,13.3631,3.8698,49
300958,建工修复,2026-03-31,13.6687,0.3056,3
300958,建工修复,2026-06-30,16.7579,3.0892,68
300959,线上线下,2025-12-31,36.8933,-1.3352,20
300959,线上线下,2026-03-31,38.2734,1.3801,1
300959,线上线下,2026-06-30,32.9831,-5.2903,80
300960,通业科技,2025-12-31,31.2720,0.0520,9
300960,通业科技,2026-03-31,31.2767,0.0047,1
300960,通业科技,2026-06-30,33.5592,2.2825,42
300961,深水海纳,2025-12-31,23.6962,-3.6450,9
300961,深水海纳,2026-03-31,21.1428,-2.5534,3
300961,深水海纳,2026-06-30,23.2707,2.1279,28
300962,中金辐照,2025-12-31,58.1747,-10.1782,27
300962,中金辐照,2026-03-31,57.7182,-0.4565,0
300962,中金辐照,2026-06-30,58.9013,1.1831,25
300963,中洲特材,2025-12-31,12.5134,-0.3751,22
300963,中洲特材,2026-03-31,7.4475,-5.0659,0
300963,中洲特材,2026-06-30,7.7261,0.2786,29
300964,本川智能,2025-12-31,31.9405,0.5724,19
300964,本川智能,2026-03-31,32.2184,0.2779,0
300964,本川智能,2026-06-30,27.7626,-4.4558,25
300965,恒宇信通,2025-12-31,8.2910,0.0769,2
300965,恒宇信通,2026-03-31,7.1322,-1.1588,0
300965,恒宇信通,2026-06-30,8.2836,1.1514,18
300966,共同药业,2025-12-31,17.4192,2.3739,35
300966,共同药业,2026-03-31,15.8555,-1.5637,4
300966,共同药业,2026-06-30,17.5177,1.6622,27
300967,晓鸣股份,2025-12-31,24.9068,-1.8674,18
300967,晓鸣股份,2026-03-31,23.5670,-1.3398,1
300967,晓鸣股份,2026-06-30,24.3566,0.7896,26
300968,格林精密,2025-12-31,56.4773,-2.4175,17
300968,格林精密,2026-03-31,56.9824,0.5051,1
300968,格林精密,2026-06-30,57.5641,0.5817,51
300969,恒帅股份,2025-12-31,26.8783,5.9794,68
300969,恒帅股份,2026-03-31,23.4191,-3.4592,20
300969,恒帅股份,2026-06-30,26.0431,2.6240,167
300970,华绿生物,2025-12-31,18.3405,5.7963,97
300970,华绿生物,2026-03-31,10.0669,-8.2736,6
300970,华绿生物,2026-06-30,15.1753,5.1084,187
300971,博亚精工,2025-12-31,7.5330,3.0286,46
300971,博亚精工,2026-03-31,2.6608,-4.8722,4
300971,博亚精工,2026-06-30,7.4786,4.8178,87
300972,万辰集团,2025-12-31,51.1752,5.7059,547
300972,万辰集团,2026-03-31,42.0128,-9.1624,69
300972,万辰集团,2026-06-30,41.2644,-0.7484,624
300973,立高食品,2025-12-31,22.9403,9.0483,230
300973,立高食品,2026-03-31,9.9299,-13.0104,9
300973,立高食品,2026-06-30,19.0145,9.0846,98
300975,商络电子,2025-12-31,5.1000,-0.0333,59
300975,商络电子,2026-03-31,6.3461,1.2461,4
300975,商络电子,2026-06-30,11.1983,4.8522,181
300976,达瑞电子,2025-12-31,21.4786,-1.0259,116
300976,达瑞电子,2026-03-31,17.1270,-4.3516,2
300976,达瑞电子,2026-06-30,25.3592,8.2322,150
300977,深圳瑞捷,2025-12-31,41.7498,1.5496,58
300977,深圳瑞捷,2026-03-31,40.3962,-1.3536,0
300977,深圳瑞捷,2026-06-30,42.3710,1.9748,44
300978,东箭科技,2025-12-31,10.7649,-3.1427,17
300978,东箭科技,2026-03-31,10.6030,-0.1619,0
300978,东箭科技,2026-06-30,28.4145,17.8115,30
300979,华利集团,2025-12-31,92.6940,2.3151,386
300979,华利集团,2026-03-31,90.1551,-2.5389,15
300979,华利集团,2026-06-30,91.8108,1.6557,200
300980,祥源新材,2025-12-31,15.3813,-3.1973,49
300980,祥源新材,2026-03-31,16.2076,0.8263,3
300980,祥源新材,2026-06-30,12.2879,-3.9197,74
300981,中红医疗,2025-12-31,66.7715,-0.3577,22
300981,中红医疗,2026-03-31,68.6847,1.9132,4
300981,中红医疗,2026-06-30,68.5654,-0.1193,36
300982,苏文电能,2025-12-31,19.3177,1.3004,29
300982,苏文电能,2026-03-31,20.9166,1.5989,2
300982,苏文电能,2026-06-30,19.4855,-1.4311,37
300983,尤安设计,2025-12-31,63.1244,10.6953,14
300983,尤安设计,2026-03-31,45.0794,-18.0450,0
300983,尤安设计,2026-06-30,44.3425,-0.7369,6
300984,金沃股份,2025-12-31,26.3762,7.7192,78
300984,金沃股份,2026-03-31,18.1797,-8.1965,4
300984,金沃股份,2026-06-30,13.8151,-4.3646,67
300985,致远新能,2025-12-31,56.2888,1.6602,41
300985,致远新能,2026-03-31,55.3092,-0.9796,1
300985,致远新能,2026-06-30,54.0409,-1.2683,41
300986,志特新材,2025-12-31,45.8681,-1.1562,39
300986,志特新材,2026-03-31,44.6950,-1.1731,1
300986,志特新材,2026-06-30,50.0755,5.3805,132
300987,川网传媒,2025-12-31,56.7126,2.2677,62
300987,川网传媒,2026-03-31,57.3457,0.6331,2
300987,川网传媒,2026-06-30,51.7574,-5.5883,78
300988,津荣天宇,2025-12-31,0.4992,-2.8651,29
300988,津荣天宇,2026-03-31,1.0513,0.5521,0
300988,津荣天宇,2026-06-30,10.6355,9.5842,63
300989,蕾奥规划,2025-12-31,13.3626,-2.0213,17
300989,蕾奥规划,2026-03-31,20.3060,6.9434,0
300989,蕾奥规划,2026-06-30,17.9187,-2.3873,4
300990,同飞股份,2025-12-31,19.3684,4.3121,115
300990,同飞股份,2026-03-31,12.4056,-6.9628,13
300990,同飞股份,2026-06-30,18.1764,5.7708,174
300991,创益通,2025-12-31,33.2520,0.7353,33
300991,创益通,2026-03-31,38.8873,5.6353,2
300991,创益通,2026-06-30,30.3996,-8.4877,51
300992,泰福泵业,2025-12-31,29.1014,1.3264,33
300992,泰福泵业,2026-03-31,26.5983,-2.5031,4
300992,泰福泵业,2026-06-30,27.0418,0.4435,23
300993,玉马科技,2025-12-31,29.6215,-3.8880,22
300993,玉马科技,2026-03-31,29.8053,0.1838,0
300993,玉马科技,2026-06-30,30.0339,0.2286,29
300994,久祺股份,2025-12-31,8.7030,-0.3416,77
300994,久祺股份,2026-03-31,6.7306,-1.9724,2
300994,久祺股份,2026-06-30,8.4929,1.7623,47
300995,奇德新材,2025-12-31,28.3187,-0.1645,33
300995,奇德新材,2026-03-31,28.9187,0.6000,0
300995,奇德新材,2026-06-30,30.1275,1.2088,42
300996,普联软件,2025-12-31,1.1731,0.0694,24
300996,普联软件,2026-06-30,0.5682,,54
300997,欢乐家,2025-12-31,65.9301,-0.1140,26
300997,欢乐家,2026-03-31,63.3350,-2.5951,0
300997,欢乐家,2026-06-30,63.4856,0.1506,51
300998,宁波方正,2025-12-31,32.8894,2.1560,6
300998,宁波方正,2026-03-31,28.2183,-4.6711,0
300998,宁波方正,2026-06-30,32.4799,4.2616,21
300999,金龙鱼,2025-12-31,14.0918,0.5207,347
300999,金龙鱼,2026-03-31,6.4641,-7.6277,13
300999,金龙鱼,2026-06-30,7.3329,0.8688,286
301000,肇民科技,2025-12-31,62.9381,-3.5922,102
301000,肇民科技,2026-03-31,61.0077,-1.9304,2
301000,肇民科技,2026-06-30,61.5786,0.5709,37
301001,凯淳股份,2025-12-31,24.2318,-1.0620,10
301001,凯淳股份,2026-03-31,27.5434,3.3116,3
301001,凯淳股份,2026-06-30,30.1117,2.5683,54
301002,崧盛股份,2025-12-31,11.9565,3.7407,42
301002,崧盛股份,2026-03-31,6.6579,-5.2986,2
301002,崧盛股份,2026-06-30,13.8256,7.1677,146
301003,江苏博云,2025-12-31,6.0099,0.7330,14
301003,江苏博云,2026-03-31,5.2736,-0.7363,1
301003,江苏博云,2026-06-30,5.6997,0.4261,31
301004,嘉益股份,2025-12-31,73.1840,4.1545,91
301004,嘉益股份,2026-03-31,70.0721,-3.1119,11
301004,嘉益股份,2026-06-30,73.0032,2.9311,52
301005,超捷股份,2025-12-31,56.8265,2.2254,91
301005,超捷股份,2026-03-31,55.6459,-1.1806,23
301005,超捷股份,2026-06-30,56.0431,0.3972,97
301006,迈拓股份,2025-12-31,12.9138,4.5690,84
301006,迈拓股份,2026-03-31,7.5697,-5.3441,3
301006,迈拓股份,2026-06-30,13.7945,6.2248,100
301007,德迈仕,2025-12-31,19.1577,0.8301,82
301007,德迈仕,2026-03-31,17.8374,-1.3203,2
301007,德迈仕,2026-06-30,17.1436,-0.6938,34
301008,宏昌科技,2025-12-31,37.8363,-3.5458,35
301008,宏昌科技,2026-03-31,36.5975,-1.2388,0
301008,宏昌科技,2026-06-30,37.0740,0.4765,13
301009,可靠股份,2025-12-31,9.3251,-2.5125,36
301009,可靠股份,2026-03-31,9.0809,-0.2442,0
301009,可靠股份,2026-06-30,10.3706,1.2897,51
301010,晶雪节能,2025-12-31,64.2719,-4.4804,11
301010,晶雪节能,2026-03-31,68.1669,3.8950,1
301010,晶雪节能,2026-06-30,69.6668,1.4999,74
301011,华立科技,2025-12-31,60.9326,3.7589,67
301011,华立科技,2026-03-31,55.1096,-5.8230,15
301011,华立科技,2026-06-30,58.1522,3.0426,73
301012,扬电科技,2025-12-31,9.7578,4.9009,20
301012,扬电科技,2026-03-31,22.0000,12.2422,0
301012,扬电科技,2026-06-30,24.7383,2.7383,53
301013,利和兴,2025-12-31,2.2461,-0.9068,18
301013,利和兴,2026-03-31,3.1801,0.9340,0
301013,利和兴,2026-06-30,23.8330,20.6529,165
301015,百洋医药,2025-12-31,80.2336,0.0902,128
301015,百洋医药,2026-03-31,78.4182,-1.8154,2
301015,百洋医药,2026-06-30,78.3760,-0.0422,65
301016,雷尔伟,2025-12-31,3.3048,-0.2810,20
301016,雷尔伟,2026-03-31,3.5672,0.2624,0
301016,雷尔伟,2026-06-30,4.1307,0.5635,42
301017,漱玉平民,2025-12-31,49.0491,0.5057,26
301017,漱玉平民,2026-03-31,42.5995,-6.4496,1
301017,漱玉平民,2026-06-30,40.0725,-2.5270,21
301018,申菱环境,2025-12-31,38.2857,-2.0118,126
301018,申菱环境,2026-03-31,33.2034,-5.0823,23
301018,申菱环境,2026-06-30,37.9466,4.7432,278
301019,宁波色母,2025-12-31,19.8841,0.9729,7
301019,宁波色母,2026-03-31,21.9226,2.0385,1
301019,宁波色母,2026-06-30,18.1063,-3.8163,45
301020,密封科技,2025-12-31,69.6881,0.2300,24
301020,密封科技,2026-03-31,68.2876,-1.4005,1
301020,密封科技,2026-06-30,70.2883,2.0007,46
301021,英诺激光,2025-12-31,56.9661,1.2770,70
301021,英诺激光,2026-03-31,49.1395,-7.8266,12
301021,英诺激光,2026-06-30,51.5431,2.4036,199
301022,海泰科,2025-12-31,1.0902,-3.0056,35
301022,海泰科,2026-03-31,0.0024,-1.0878,1
301022,海泰科,2026-06-30,3.8677,3.8653,18
301023,奕帆传动,2025-12-31,0.5466,-0.4809,9
301023,奕帆传动,2026-03-31,2.6779,2.1313,0
301023,奕帆传动,2026-06-30,2.1442,-0.5337,8
301024,霍普股份,2025-12-31,70.2948,1.2945,17
301024,霍普股份,2026-03-31,71.6584,1.3636,1
301024,霍普股份,2026-06-30,74.4825,2.8241,37
301025,读客文化,2025-12-31,2.7710,0.0673,21
301025,读客文化,2026-03-31,3.5200,0.7490,1
301025,读客文化,2026-06-30,3.2441,-0.2759,92
301026,浩通科技,2025-12-31,3.1298,-9.3876,56
301026,浩通科技,2026-03-31,0.9667,-2.1631,0
301026,浩通科技,2026-06-30,3.1508,2.1841,101
301027,华蓝集团,2025-12-31,13.9644,8.1318,90
301027,华蓝集团,2026-03-31,14.5518,0.5874,0
301027,华蓝集团,2026-06-30,12.5594,-1.9924,19
301028,鼎熔岩,2025-12-31,40.4405,1.3741,39
301028,鼎熔岩,2026-03-31,39.4654,-0.9751,2
301028,鼎熔岩,2026-06-30,42.6295,3.1641,41
301029,怡合达,2025-12-31,38.6488,-2.4142,169
301029,怡合达,2026-03-31,34.2364,-4.4124,3
301029,怡合达,2026-06-30,40.3803,6.1439,136
301030,*ST仕净,2025-12-31,11.8417,-2.0347,43
301030,*ST仕净,2026-03-31,10.2627,-1.5790,0
301030,*ST仕净,2026-06-30,9.7014,-0.5613,0
301031,中熔电气,2025-12-31,33.2571,7.3729,398
301031,中熔电气,2026-03-31,19.5342,-13.7229,60
301031,中熔电气,2026-06-30,30.8331,11.2989,366
301032,新柴股份,2025-12-31,34.4244,1.4766,53
301032,新柴股份,2026-03-31,33.0905,-1.3339,0
301032,新柴股份,2026-06-30,34.8984,1.8079,82
301033,迈普医学,2025-12-31,34.9230,4.8100,148
301033,迈普医学,2026-03-31,25.4022,-9.5208,18
301033,迈普医学,2026-06-30,24.3842,-1.0180,67
301035,润丰股份,2025-12-31,83.4574,3.9810,253
301035,润丰股份,2026-03-31,79.7919,-3.6655,36
301035,润丰股份,2026-06-30,83.2179,3.4260,201
301036,双乐股份,2025-12-31,21.8805,0.4360,14
301036,双乐股份,2026-03-31,21.4444,-0.4361,0
301036,双乐股份,2026-06-30,23.7267,2.2823,44
301037,保立佳,2025-12-31,16.9779,7.2543,71
301037,保立佳,2026-03-31,13.5079,-3.4700,2
301037,保立佳,2026-06-30,16.9694,3.4615,72
301038,深水规院,2025-12-31,72.2207,-0.0711,45
301038,深水规院,2026-03-31,71.9739,-0.2468,0
301038,深水规院,2026-06-30,71.6511,-0.3228,11
301039,中集车辆,2025-12-31,66.8675,1.8931,237
301039,中集车辆,2026-03-31,59.1653,-7.7022,19
301039,中集车辆,2026-06-30,64.2332,5.0679,259
301040,中环海陆,2025-12-31,14.4333,1.6808,16
301040,中环海陆,2026-03-31,10.4469,-3.9864,0
301040,中环海陆,2026-06-30,11.2246,0.7777,22
301041,金百泽,2025-12-31,1.3153,-0.4499,18
301041,金百泽,2026-03-31,0.9416,-0.3737,1
301041,金百泽,2026-06-30,3.7970,2.8554,46
301042,安联锐视,2025-12-31,48.3546,4.7193,12
301042,安联锐视,2026-03-31,43.0579,-5.2967,7
301042,安联锐视,2026-06-30,44.6974,1.6395,40
301043,绿岛风,2025-12-31,66.1180,4.3041,6
301043,绿岛风,2026-03-31,64.6609,-1.4571,0
301043,绿岛风,2026-06-30,64.8397,0.1788,16
301045,天禄科技,2025-12-31,1.2062,-2.0062,25
301045,天禄科技,2026-03-31,3.8291,2.6229,6
301045,天禄科技,2026-06-30,4.5005,0.6714,59
301046,能辉科技,2025-12-31,34.3220,-5.5515,15
301046,能辉科技,2026-03-31,34.0868,-0.2352,0
301046,能辉科技,2026-06-30,35.9721,1.8853,20
301047,义翘神州,2025-12-31,64.7263,1.9783,88
301047,义翘神州,2026-03-31,62.6029,-2.1234,2
301047,义翘神州,2026-06-30,63.1488,0.5459,53
301048,金鹰重工,2025-12-31,75.6279,0.1859,36
301048,金鹰重工,2026-03-31,75.3358,-0.2921,3
301048,金鹰重工,2026-06-30,76.4410,1.1052,90
301049,超越科技,2025-12-31,5.5617,-0.5839,38
301049,超越科技,2026-03-31,8.6607,3.0990,2
301049,超越科技,2026-06-30,12.3946,3.7339,56
301050,雷电微力,2025-12-31,9.7517,2.0290,62
301050,雷电微力,2026-03-31,3.4173,-6.3344,2
301050,雷电微力,2026-06-30,6.1598,2.7425,75
301051,信濠光电,2025-12-31,2.5248,-0.8699,89
301051,信濠光电,2026-03-31,1.6603,-0.8645,0
301051,信濠光电,2026-06-30,2.7907,1.1304,47
301052,果麦文化,2025-12-31,10.9880,-4.3888,91
301052,果麦文化,2026-03-31,9.7907,-1.1973,0
301052,果麦文化,2026-06-30,10.5673,0.7766,63
301053,远信工业,2025-12-31,64.0130,0.7107,20
301053,远信工业,2026-03-31,59.9517,-4.0613,1
301053,远信工业,2026-06-30,55.7483,-4.2034,16
301055,张小泉,2025-12-31,60.9689,0.8270,39
301055,张小泉,2026-03-31,60.3811,-0.5878,1
301055,张小泉,2026-06-30,62.8774,2.4963,52
301056,森赫股份,2025-12-31,45.6314,1.6105,6
301056,森赫股份,2026-03-31,42.9955,-2.6359,0
301056,森赫股份,2026-06-30,45.7200,2.7245,50
301057,汇隆新材,2025-12-31,25.8555,0.9748,12
301057,汇隆新材,2026-03-31,24.9272,-0.9283,0
301057,汇隆新材,2026-06-30,26.4827,1.5555,73
301058,中粮科工,2025-12-31,59.5944,-2.1976,40
301058,中粮科工,2026-03-31,58.5155,-1.0789,1
301058,中粮科工,2026-06-30,58.9619,0.4464,32
301059,金三江,2025-12-31,69.0444,2.7003,83
301059,金三江,2026-03-31,64.8672,-4.1772,0
301059,金三江,2026-06-30,64.7386,-0.1286,25
301060,兰卫医学,2025-12-31,49.3914,-0.2763,67
301060,兰卫医学,2026-03-31,48.4175,-0.9739,1
301060,兰卫医学,2026-06-30,48.9239,0.5064,88
301061,匠心家居,2025-12-31,69.8108,7.1378,285
301061,匠心家居,2026-03-31,62.3104,-7.5004,30
301061,匠心家居,2026-06-30,62.2435,-0.0669,166
301062,上海艾录,2025-12-31,1.1152,0.1669,22
301062,上海艾录,2026-03-31,0.9322,-0.1830,0
301062,上海艾录,2026-06-30,1.4150,0.4828,39
301063,海锅股份,2025-12-31,24.6240,3.6423,57
301063,海锅股份,2026-03-31,21.6415,-2.9825,0
301063,海锅股份,2026-06-30,25.3973,3.7558,78
301065,本立科技,2025-12-31,11.9388,2.0011,63
301065,本立科技,2026-03-31,9.9822,-1.9566,3
301065,本立科技,2026-06-30,12.8461,2.8639,79
301066,万事利,2025-12-31,63.4358,1.4501,6
301066,万事利,2026-03-31,50.6843,-12.7515,0
301066,万事利,2026-06-30,51.6758,0.9915,32
301067,显盈科技,2025-12-31,12.7512,-4.9726,17
301067,显盈科技,2026-03-31,18.6119,5.8607,2
301067,显盈科技,2026-06-30,18.6588,0.0469,24
301068,大地海洋,2025-12-31,36.3206,5.9932,41
301068,大地海洋,2026-03-31,33.5589,-2.7617,8
301068,大地海洋,2026-06-30,39.1730,5.6141,69
301069,凯盛新材,2025-12-31,39.6051,2.4820,53
301069,凯盛新材,2026-03-31,23.4269,-16.1782,0
301069,凯盛新材,2026-06-30,21.4526,-1.9743,52
301070,开勒股份,2025-12-31,16.4357,1.3684,33
301070,开勒股份,2026-03-31,19.9077,3.4720,1
301070,开勒股份,2026-06-30,16.2863,-3.6214,26
301071,力量钻石,2025-12-31,13.8184,1.6862,59
301071,力量钻石,2026-03-31,10.5599,-3.2585,0
301071,力量钻石,2026-06-30,5.6750,-4.8849,107
301072,中捷精工,2025-12-31,40.4341,3.2367,55
301072,中捷精工,2026-03-31,39.0039,-1.4302,2
301072,中捷精工,2026-06-30,41.4822,2.4783,46
301073,君亭酒店,2025-12-31,11.3220,9.6726,129
301073,君亭酒店,2026-03-31,5.9038,-5.4182,12
301073,君亭酒店,2026-06-30,7.4342,1.5304,92
301075,多瑞医药,2025-12-31,37.6086,-29.9710,5
301075,多瑞医药,2026-03-31,12.5261,-25.0825,0
301075,多瑞医药,2026-06-30,20.6307,8.1046,18
301076,新瀚新材,2025-12-31,1.0943,-1.0419,39
301076,新瀚新材,2026-06-30,0.1915,,27
301077,星华新材,2025-12-31,13.9896,-1.8968,21
301077,星华新材,2026-03-31,13.7732,-0.2164,0
301077,星华新材,2026-06-30,15.8069,2.0337,18
301078,孩子王,2025-12-31,43.7836,0.2111,80
301078,孩子王,2026-03-31,41.6178,-2.1658,2
301078,孩子王,2026-06-30,46.1888,4.5710,174
301079,邵阳液压,2025-12-31,2.7560,2.3606,5
301079,邵阳液压,2026-03-31,1.7233,-1.0327,0
301079,邵阳液压,2026-06-30,2.2515,0.5282,25
301080,百普赛斯,2025-12-31,48.7518,14.3680,332
301080,百普赛斯,2026-03-31,26.8033,-21.9485,14
301080,百普赛斯,2026-06-30,36.2144,9.4111,180
301081,严牌股份,2025-12-31,59.5850,2.2900,64
301081,严牌股份,2026-03-31,54.8258,-4.7592,0
301081,严牌股份,2026-06-30,54.2867,-0.5391,40
301082,久盛电气,2025-12-31,48.6138,1.3728,52
301082,久盛电气,2026-03-31,48.8690,0.2552,3
301082,久盛电气,2026-06-30,48.9902,0.1212,63
301083,百胜智能,2025-12-31,1.8601,-2.8966,15
301083,百胜智能,2026-03-31,1.6685,-0.1916,0
301083,百胜智能,2026-06-30,4.7731,3.1046,54
301085,亚康股份,2025-12-31,26.2571,-0.0440,12
301085,亚康股份,2026-03-31,26.7370,0.4799,0
301085,亚康股份,2026-06-30,30.0076,3.2706,83
301086,鸿富瀚,2025-12-31,14.0293,0.3576,50
301086,鸿富瀚,2026-03-31,13.7195,-0.3098,9
301086,鸿富瀚,2026-06-30,18.8209,5.1014,289
301087,可孚医疗,2025-12-31,65.6717,7.5134,218
301087,可孚医疗,2026-03-31,60.3344,-5.3373,27
301087,可孚医疗,2026-06-30,62.8630,2.5286,247
301088,戎美股份,2025-12-31,64.5139,1.9108,27
301088,戎美股份,2026-03-31,63.0620,-1.4519,0
301088,戎美股份,2026-06-30,64.7587,1.6967,41
301089,拓新药业,2025-12-31,19.4511,-2.9199,13
301089,拓新药业,2026-03-31,20.1263,0.6752,0
301089,拓新药业,2026-06-30,19.8346,-0.2917,13
301090,华润材料,2025-12-31,87.8827,0.3863,57
301090,华润材料,2026-03-31,84.9712,-2.9115,1
301090,华润材料,2026-06-30,85.5064,0.5352,48
301091,深城交,2025-12-31,68.9303,1.5162,78
301091,深城交,2026-03-31,67.6231,-1.3072,0
301091,深城交,2026-06-30,66.6002,-1.0229,77
301092,争光股份,2025-12-31,1.6019,-0.4776,16
301092,争光股份,2026-03-31,4.5448,2.9429,1
301092,争光股份,2026-06-30,4.8998,0.3550,22
301093,华兰股份,2025-12-31,47.3363,1.9848,52
301093,华兰股份,2026-03-31,48.6053,1.2690,5
301093,华兰股份,2026-06-30,46.6786,-1.9267,123
301095,广立微,2025-12-31,52.3341,4.9678,238
301095,广立微,2026-03-31,44.8781,-7.4560,12
301095,广立微,2026-06-30,48.0432,3.1651,265
301096,百诚医药,2025-12-31,15.4102,0.0831,70
301096,百诚医药,2026-03-31,17.3985,1.9883,2
301096,百诚医药,2026-06-30,24.7835,7.3850,76
301097,天益医疗,2025-12-31,13.8656,4.8714,83
301097,天益医疗,2026-03-31,10.9933,-2.8723,10
301097,天益医疗,2026-06-30,11.1537,0.1604,84
301098,金埔园林,2025-12-31,11.7220,-1.5114,49
301098,金埔园林,2026-03-31,8.4401,-3.2819,2
301098,金埔园林,2026-06-30,14.1051,5.6650,58
301099,雅创电子,2025-12-31,8.2580,-1.2026,30
301099,雅创电子,2026-03-31,8.0906,-0.1674,2
301099,雅创电子,2026-06-30,8.4876,0.3970,138
301100,风光股份,2025-12-31,1.6363,,32
301100,风光股份,2026-03-31,1.2531,-0.3832,1
301100,风光股份,2026-06-30,3.1140,1.8609,45
301101,明月镜片,2025-12-31,66.3998,-1.2488,68
301101,明月镜片,2026-03-31,65.8153,-0.5845,0
301101,明月镜片,2026-06-30,66.9188,1.1035,97
301102,兆讯传媒,2025-12-31,77.1295,-0.5946,53
301102,兆讯传媒,2026-03-31,77.0729,-0.0566,3
301102,兆讯传媒,2026-06-30,76.6361,-0.4368,47
301103,何氏眼科,2025-12-31,30.1556,7.5307,71
301103,何氏眼科,2026-03-31,27.3624,-2.7932,1
301103,何氏眼科,2026-06-30,30.1435,2.7811,76
301105,鸿铭股份,2025-12-31,13.4190,5.8761,28
301105,鸿铭股份,2026-03-31,6.0727,-7.3463,0
301105,鸿铭股份,2026-06-30,21.6730,15.6003,18
301106,骏成科技,2025-12-31,29.2090,-0.6420,55
301106,骏成科技,2026-03-31,27.7816,-1.4274,2
301106,骏成科技,2026-06-30,26.3789,-1.4027,39
301107,瑜欣电子,2025-12-31,7.2827,0.6506,71
301107,瑜欣电子,2026-03-31,5.7870,-1.4957,3
301107,瑜欣电子,2026-06-30,2.6727,-3.1143,15
301108,洁雅股份,2025-12-31,37.3385,4.0444,107
301108,洁雅股份,2026-03-31,30.8432,-6.4953,8
301108,洁雅股份,2026-06-30,26.7665,-4.0767,54
301109,军信股份,2025-12-31,24.2664,3.6742,151
301109,军信股份,2026-03-31,14.6016,-9.6648,10
301109,军信股份,2026-06-30,24.3827,9.7811,227
301110,青木科技,2025-12-31,35.6975,11.6961,207
301110,青木科技,2026-03-31,25.5506,-10.1469,10
301110,青木科技,2026-06-30,24.7358,-0.8148,80
301111,粤万年青,2025-12-31,61.8784,-4.0995,18
301111,粤万年青,2026-03-31,60.3082,-1.5702,0
301111,粤万年青,2026-06-30,53.1779,-7.1303,25
301112,信邦智能,2025-12-31,70.4899,0.3736,25
301112,信邦智能,2026-03-31,69.2782,-1.2117,2
301112,信邦智能,2026-06-30,69.2140,-0.0642,34
301113,雅艺科技,2025-12-31,7.1767,4.3893,40
301113,雅艺科技,2026-03-31,4.6485,-2.5282,2
301113,雅艺科技,2026-06-30,10.1384,5.4899,70
301115,联检科技,2025-12-31,6.8417,2.5731,80
301115,联检科技,2026-03-31,21.6024,14.7607,0
301115,联检科技,2026-06-30,22.8398,1.2374,27
301116,益客食品,2025-12-31,79.4299,-2.0410,42
301116,益客食品,2026-03-31,79.2773,-0.1526,1
301116,益客食品,2026-06-30,80.1225,0.8452,93
301117,ST佳缘,2025-12-31,10.3808,2.6391,55
301117,ST佳缘,2026-03-31,7.7190,-2.6618,3
301117,ST佳缘,2026-06-30,8.8557,1.1367,74
301118,恒光股份,2025-12-31,54.7208,-1.7841,18
301118,恒光股份,2026-03-31,56.9696,2.2488,1
301118,恒光股份,2026-06-30,55.9016,-1.0680,26
301119,正强股份,2025-12-31,53.1997,0.9663,21
301119,正强股份,2026-03-31,53.2187,0.0190,0
301119,正强股份,2026-06-30,52.6757,-0.5430,26
301120,新特电气,2025-12-31,3.2000,1.8797,30
301120,新特电气,2026-03-31,3.0140,-0.1860,1
301120,新特电气,2026-06-30,3.5990,0.5850,28
301121,紫建电子,2025-12-31,3.1447,-0.3397,50
301121,紫建电子,2026-03-31,5.2363,2.0916,1
301121,紫建电子,2026-06-30,10.1025,4.8662,36
301122,采纳股份,2025-12-31,33.2867,-0.1383,33
301122,采纳股份,2026-03-31,30.4197,-2.8670,0
301122,采纳股份,2026-06-30,32.6676,2.2479,117
301123,奕东电子,2025-12-31,39.0493,10.5561,50
301123,奕东电子,2026-03-31,38.2035,-0.8458,0
301123,奕东电子,2026-06-30,41.5295,3.3260,136
301125,腾亚精工,2025-12-31,43.5295,-1.3136,38
301125,腾亚精工,2026-03-31,39.4133,-4.1162,1
301125,腾亚精工,2026-06-30,41.4244,2.0111,18
301126,达嘉维康,2025-12-31,18.0185,2.0918,35
301126,达嘉维康,2026-03-31,16.2326,-1.7859,0
301126,达嘉维康,2026-06-30,21.5154,5.2828,82
301127,武汉天源,2025-12-31,51.2698,0.4336,39
301127,武汉天源,2026-03-31,47.8512,-3.4186,0
301127,武汉天源,2026-06-30,51.0816,3.2304,89
301128,强瑞技术,2025-12-31,45.6549,-1.2960,58
301128,强瑞技术,2026-03-31,46.9814,1.3265,15
301128,强瑞技术,2026-06-30,47.8494,0.8680,139
301129,瑞纳智能,2025-12-31,15.9342,14.1319,50
301129,瑞纳智能,2026-03-31,14.3082,-1.6260,2
301129,瑞纳智能,2026-06-30,17.3881,3.0799,55
301130,西点药业,2025-12-31,31.3111,-0.9258,51
301130,西点药业,2026-03-31,31.2950,-0.0161,3
301130,西点药业,2026-06-30,34.7688,3.4738,86
301131,聚赛龙,2025-12-31,11.1903,0.9747,55
301131,聚赛龙,2026-03-31,5.4620,-5.7283,0
301131,聚赛龙,2026-06-30,10.1464,4.6844,66
301132,满坤科技,2025-12-31,2.3712,1.4412,63
301132,满坤科技,2026-03-31,1.3203,-1.0509,0
301132,满坤科技,2026-06-30,1.7263,0.4060,30
301133,金钟股份,2025-12-31,56.7994,-8.4244,8
301133,金钟股份,2026-03-31,57.2372,0.4378,0
301133,金钟股份,2026-06-30,55.2032,-2.0340,12
301135,瑞德智能,2025-12-31,23.9412,13.8317,44
301135,瑞德智能,2026-03-31,23.3090,-0.6322,2
301135,瑞德智能,2026-06-30,23.4532,0.1442,48
301136,招标股份,2025-12-31,63.3307,-0.4817,15
301136,招标股份,2026-03-31,62.9578,-0.3729,2
301136,招标股份,2026-06-30,64.1214,1.1636,87
301137,哈焊华通,2025-12-31,69.6474,-1.1523,13
301137,哈焊华通,2026-03-31,65.6115,-4.0359,0
301137,哈焊华通,2026-06-30,65.9359,0.3244,28
301138,华研精机,2025-12-31,28.1941,1.3474,70
301138,华研精机,2026-03-31,27.0729,-1.1212,2
301138,华研精机,2026-06-30,27.4648,0.3919,24
301141,中科磁业,2025-12-31,14.4307,1.9000,37
301141,中科磁业,2026-03-31,12.3043,-2.1264,3
301141,中科磁业,2026-06-30,9.6582,-2.6461,20
301148,嘉戎技术,2025-12-31,6.6402,-13.6300,10
301148,嘉戎技术,2026-03-31,6.4403,-0.1999,0
301148,嘉戎技术,2026-06-30,6.6085,0.1682,25
301149,隆华新材,2025-12-31,15.5629,-0.8936,29
301149,隆华新材,2026-03-31,6.3666,-9.1963,1
301149,隆华新材,2026-06-30,10.0560,3.6894,47
301150,中一科技,2025-12-31,17.3611,-8.3305,155
301150,中一科技,2026-03-31,11.9851,-5.3760,30
301150,中一科技,2026-06-30,14.5543,2.5692,251
301151,冠龙节能,2025-12-31,68.0314,65.8778,37
301151,冠龙节能,2026-03-31,68.2587,0.2273,1
301151,冠龙节能,2026-06-30,72.0884,3.8297,38
301152,天力锂能,2025-12-31,14.0142,-8.6182,32
301152,天力锂能,2026-03-31,11.8822,-2.1320,1
301152,天力锂能,2026-06-30,11.9358,0.0536,28
301153,中科江南,2025-12-31,64.3236,0.2308,98
301153,中科江南,2026-03-31,62.5129,-1.8107,8
301153,中科江南,2026-06-30,62.9427,0.4298,123
301155,海力风电,2025-12-31,35.9540,15.9520,263
301155,海力风电,2026-03-31,16.1381,-19.8159,16
301155,海力风电,2026-06-30,14.6295,-1.5086,110
301156,美农生物,2025-12-31,14.7621,-1.1479,47
301156,美农生物,2026-03-31,11.8634,-2.8987,2
301156,美农生物,2026-06-30,17.8111,5.9477,113
301157,华塑科技,2025-12-31,11.8820,2.8278,39
301157,华塑科技,2026-03-31,4.5090,-7.3730,1
301157,华塑科技,2026-06-30,1.8506,-2.6584,22
301158,德石股份,2025-12-31,47.8329,1.4893,62
301158,德石股份,2026-03-31,49.8935,2.0606,1
301158,德石股份,2026-06-30,50.4256,0.5321,21
301159,三维天地,2025-12-31,25.7624,-1.0143,28
301159,三维天地,2026-03-31,23.9609,-1.8015,1
301159,三维天地,2026-06-30,26.7405,2.7796,74
301160,翔楼新材,2025-12-31,19.2518,6.7437,88
301160,翔楼新材,2026-03-31,6.2221,-13.0297,3
301160,翔楼新材,2026-06-30,11.3128,5.0907,66
301161,唯万密封,2025-12-31,21.4365,9.1018,72
301161,唯万密封,2026-03-31,15.2154,-6.2211,2
301161,唯万密封,2026-06-30,15.7454,0.5300,30
301162,国能日新,2025-12-31,30.4912,5.7359,158
301162,国能日新,2026-03-31,23.4176,-7.0736,16
301162,国能日新,2026-06-30,23.0093,-0.4083,115
301163,宏德股份,2025-12-31,7.8630,3.2021,96
301163,宏德股份,2026-03-31,2.8690,-4.9940,0
301163,宏德股份,2026-06-30,10.4234,7.5544,90
301165,锐捷网络,2025-12-31,91.8313,78.2631,337
301165,锐捷网络,2026-03-31,89.4833,-2.3480,20
301165,锐捷网络,2026-06-30,90.4254,0.9421,423
301166,优宁维,2025-12-31,16.7810,1.1767,53
301166,优宁维,2026-03-31,14.7793,-2.0017,2
301166,优宁维,2026-06-30,18.1762,3.3969,78
301167,建研设计,2025-12-31,10.1264,4.6255,78
301167,建研设计,2026-03-31,7.9198,-2.2066,2
301167,建研设计,2026-06-30,40.7444,32.8246,97
301168,通灵股份,2025-12-31,48.0562,-0.0730,45
301168,通灵股份,2026-03-31,47.1399,-0.9163,0
301168,通灵股份,2026-06-30,47.4652,0.3253,47
301169,零点有数,2025-12-31,64.2839,1.1052,24
301169,零点有数,2026-03-31,63.0533,-1.2306,2
301169,零点有数,2026-06-30,64.3745,1.3212,75
301170,锡南科技,2025-12-31,11.1404,5.4528,64
301170,锡南科技,2026-03-31,5.8951,-5.2453,3
301170,锡南科技,2026-06-30,6.9673,1.0722,72
301171,易点天下,2025-12-31,14.8854,-3.1734,175
301171,易点天下,2026-03-31,12.8977,-1.9877,33
301171,易点天下,2026-06-30,13.3374,0.4397,176
301172,君逸数码,2025-12-31,26.6568,1.7833,26
301172,君逸数码,2026-03-31,25.6752,-0.9816,1
301172,君逸数码,2026-06-30,26.9550,1.2798,89
301173,毓恬冠佳,2025-12-31,6.6825,2.6179,129
301173,毓恬冠佳,2026-03-31,32.8610,26.1785,1
301173,毓恬冠佳,2026-06-30,31.3700,-1.4910,94
301175,中科环保,2025-12-31,8.1774,0.4882,93
301175,中科环保,2026-03-31,5.5381,-2.6393,4
301175,中科环保,2026-06-30,5.7418,0.2037,84
301176,逸豪新材,2025-12-31,19.2894,1.2744,43
301176,逸豪新材,2026-03-31,70.8502,51.5608,0
301176,逸豪新材,2026-06-30,70.6253,-0.2249,51
301177,迪阿股份,2025-12-31,91.6739,-0.3342,108
301177,迪阿股份,2026-03-31,91.0293,-0.6446,0
301177,迪阿股份,2026-06-30,91.6879,0.6586,81
301178,天亿马,2025-12-31,6.5154,0.1339,37
301178,天亿马,2026-03-31,5.0315,-1.4839,0
301178,天亿马,2026-06-30,6.7557,1.7242,36
301179,泽宇智能,2025-12-31,20.8647,0.6592,50
301179,泽宇智能,2026-03-31,21.2904,0.4257,1
301179,泽宇智能,2026-06-30,17.5606,-3.7298,46
301180,万祥科技,2025-12-31,10.5988,-1.0975,35
301180,万祥科技,2026-03-31,10.4975,-0.1013,0
301180,万祥科技,2026-06-30,13.6981,3.2006,55
301181,标榜股份,2025-12-31,50.2586,0.2777,13
301181,标榜股份,2026-03-31,50.6961,0.4375,0
301181,标榜股份,2026-06-30,51.7385,1.0424,48
301182,凯旺科技,2025-12-31,61.4197,7.1025,17
301182,凯旺科技,2026-03-31,60.3462,-1.0735,1
301182,凯旺科技,2026-06-30,63.4890,3.1428,24
301183,东田微,2025-12-31,18.2789,-1.0687,98
301183,东田微,2026-03-31,17.8989,-0.3800,6
301183,东田微,2026-06-30,19.9464,2.0475,157
301185,鸥玛软件,2025-12-31,37.6996,1.9588,52
301185,鸥玛软件,2026-03-31,35.4331,-2.2665,3
301185,鸥玛软件,2026-06-30,38.4310,2.9979,56
301186,超达装备,2025-12-31,54.6382,2.2322,85
301186,超达装备,2026-03-31,52.0935,-2.5447,6
301186,超达装备,2026-06-30,48.9584,-3.1351,36
301187,欧圣电气,2025-12-31,70.9419,64.1078,44
301187,欧圣电气,2026-03-31,69.8475,-1.0944,3
301187,欧圣电气,2026-06-30,70.3133,0.4658,59
301188,力诺药包,2025-12-31,52.2107,0.2791,43
301188,力诺药包,2026-03-31,44.5055,-7.7052,7
301188,力诺药包,2026-06-30,42.5358,-1.9697,148
301189,奥尼电子,2025-12-31,64.7092,1.2415,19
301189,奥尼电子,2026-03-31,64.4531,-0.2561,2
301189,奥尼电子,2026-06-30,65.7288,1.2757,114
301190,善水科技,2025-12-31,41.0531,6.7355,87
301190,善水科技,2026-03-31,38.2145,-2.8386,0
301190,善水科技,2026-06-30,32.0889,-6.1256,59
301191,菲菱科思,2025-12-31,4.7889,-0.5055,44
301191,菲菱科思,2026-03-31,4.3100,-0.4789,4
301191,菲菱科思,2026-06-30,5.6271,1.3171,96
301192,泰祥股份,2025-12-31,14.4594,1.3854,32
301192,泰祥股份,2026-03-31,11.8214,-2.6380,1
301192,泰祥股份,2026-06-30,20.7926,8.9712,85
301193,家联科技,2025-12-31,18.8651,-0.3170,49
301193,家联科技,2026-03-31,18.7328,-0.1323,2
301193,家联科技,2026-06-30,18.1193,-0.6135,93
301195,北路智控,2025-12-31,19.9851,0.5493,36
301195,北路智控,2026-03-31,19.2414,-0.7437,0
301195,北路智控,2026-06-30,19.4796,0.2382,34
301196,唯科科技,2025-12-31,34.4056,10.6510,133
301196,唯科科技,2026-03-31,27.6237,-6.7819,11
301196,唯科科技,2026-06-30,33.7830,6.1593,227
301197,工大科雅,2025-12-31,35.5564,2.4926,37
301197,工大科雅,2026-03-31,42.0142,6.4578,0
301197,工大科雅,2026-06-30,41.6125,-0.4017,9
301198,喜悦智行,2025-12-31,45.5496,3.7789,84
301198,喜悦智行,2026-03-31,39.1007,-6.4489,1
301198,喜悦智行,2026-06-30,41.2140,2.1133,72
301199,迈赫股份,2025-12-31,20.5718,-0.2322,55
301199,迈赫股份,2026-03-31,19.8292,-0.7426,3
301199,迈赫股份,2026-06-30,66.6769,46.8477,21
301200,大族数控,2025-12-31,90.0350,1.9718,348
301200,大族数控,2026-03-31,89.9165,-0.1185,51
301200,大族数控,2026-06-30,92.5760,2.6595,480
301201,诚达药业,2025-12-31,18.9302,0.3911,36
301201,诚达药业,2026-03-31,17.5157,-1.4145,7
301201,诚达药业,2026-06-30,10.5308,-6.9849,79
301202,朗威股份,2025-12-31,2.1580,-0.0219,35
301202,朗威股份,2026-03-31,2.0228,-0.1352,1
301202,朗威股份,2026-06-30,7.3476,5.3248,45
301203,国泰环保,2025-12-31,25.9816,1.4054,30
301203,国泰环保,2026-03-31,24.3533,-1.6283,1
301203,国泰环保,2026-06-30,25.1954,0.8421,33
301205,联特科技,2025-12-31,28.7568,-1.0077,148
301205,联特科技,2026-03-31,11.8375,-16.9193,7
301205,联特科技,2026-06-30,17.5653,5.7278,262
301206,三元生物,2025-12-31,6.5038,-1.8106,22
301206,三元生物,2026-03-31,6.0277,-0.4761,0
301206,三元生物,2026-06-30,7.6028,1.5751,65
301207,华兰疫苗,2025-12-31,84.4546,-1.1488,63
301207,华兰疫苗,2026-03-31,83.3761,-1.0785,0
301207,华兰疫苗,2026-06-30,83.3873,0.0112,56
301208,中亦科技,2025-12-31,3.5060,1.7447,30
301208,中亦科技,2026-03-31,2.3898,-1.1162,1
301208,中亦科技,2026-06-30,1.9531,-0.4367,28
301209,联合化学,2025-12-31,63.9619,58.5620,31
301209,联合化学,2026-03-31,65.5630,1.6011,0
301209,联合化学,2026-06-30,65.0549,-0.5081,10
301210,金杨精密,2025-12-31,11.2924,5.6400,76
301210,金杨精密,2026-03-31,6.4393,-4.8531,2
301210,金杨精密,2026-06-30,11.2353,4.7960,76
301211,亨迪药业,2025-12-31,45.9118,0.1590,23
301211,亨迪药业,2026-03-31,45.7942,-0.1176,0
301211,亨迪药业,2026-06-30,45.4819,-0.3123,21
301212,联盛化学,2025-12-31,68.7140,2.5807,26
301212,联盛化学,2026-03-31,66.6314,-2.0826,0
301212,联盛化学,2026-06-30,66.3974,-0.2340,47
301213,观想科技,2025-12-31,26.6853,-1.0262,10
301213,观想科技,2026-03-31,25.7108,-0.9745,0
301213,观想科技,2026-06-30,25.8669,0.1561,20
301215,中汽股份,2025-12-31,77.3028,2.2432,132
301215,中汽股份,2026-03-31,76.6403,-0.6625,10
301215,中汽股份,2026-06-30,77.9389,1.2986,136
301216,万凯新材,2025-12-31,52.4820,0.8407,79
301216,万凯新材,2026-03-31,49.9736,-2.5084,23
301216,万凯新材,2026-06-30,50.7406,0.7670,212
301217,铜冠铜箔,2025-12-31,78.4479,0.2994,172
301217,铜冠铜箔,2026-03-31,76.5550,-1.8929,12
301217,铜冠铜箔,2026-06-30,78.5688,2.0138,479
301218,华是科技,2025-12-31,6.7973,-0.4292,17
301218,华是科技,2026-03-31,18.4276,11.6303,0
301218,华是科技,2026-06-30,20.6972,2.2696,19
301219,腾远钴业,2025-12-31,36.8040,13.0946,261
301219,腾远钴业,2026-03-31,29.9764,-6.8276,9
301219,腾远钴业,2026-06-30,32.7365,2.7601,325
301220,亚香股份,2025-12-31,15.5835,-1.5686,45
301220,亚香股份,2026-03-31,7.8901,-7.6934,0
301220,亚香股份,2026-06-30,8.2182,0.3281,33
301221,光庭信息,2025-12-31,21.4067,-0.2543,52
301221,光庭信息,2026-03-31,21.9183,0.5116,3
301221,光庭信息,2026-06-30,20.7861,-1.1322,50
301222,浙江恒威,2025-12-31,51.5594,1.4224,35
301222,浙江恒威,2026-03-31,50.5985,-0.9609,1
301222,浙江恒威,2026-06-30,55.6619,5.0634,29
301223,中荣股份,2025-12-31,59.7321,4.3922,95
301223,中荣股份,2026-03-31,57.0688,-2.6633,4
301223,中荣股份,2026-06-30,74.6149,17.5461,61
301225,恒勃股份,2025-12-31,54.9447,23.0166,93
301225,恒勃股份,2026-03-31,33.0659,-21.8788,13
301225,恒勃股份,2026-06-30,32.0805,-0.9854,96
301226,祥明智能,2025-12-31,53.8331,-3.4444,7
301226,祥明智能,2026-03-31,53.2415,-0.5916,1
301226,祥明智能,2026-06-30,52.8340,-0.4075,27
301227,森鹰窗业,2025-12-31,3.7273,1.8708,19
301227,森鹰窗业,2026-03-31,0.5909,-3.1364,0
301227,森鹰窗业,2026-06-30,5.1657,4.5748,45
301228,实朴检测,2025-12-31,57.9372,-0.2880,38
301228,实朴检测,2026-03-31,57.4210,-0.5162,0
301228,实朴检测,2026-06-30,56.7006,-0.7204,13
301229,纽泰格,2025-12-31,21.8748,-2.7144,22
301229,纽泰格,2026-03-31,24.2206,2.3458,0
301229,纽泰格,2026-06-30,26.7099,2.4893,43
301230,泓博医药,2025-12-31,46.1407,20.5759,103
301230,泓博医药,2026-03-31,40.0737,-6.0670,9
301230,泓博医药,2026-06-30,40.6579,0.5842,33
301231,荣信文化,2025-12-31,20.1491,5.8363,53
301231,荣信文化,2026-03-31,14.9220,-5.2271,4
301231,荣信文化,2026-06-30,13.0483,-1.8737,31
301232,飞沃科技,2025-12-31,24.8741,-7.5302,25
301232,飞沃科技,2026-03-31,23.6697,-1.2044,21
301232,飞沃科技,2026-06-30,24.0743,0.4046,85
301233,盛帮股份,2025-12-31,5.0615,4.3083,27
301233,盛帮股份,2026-03-31,1.2888,-3.7727,3
301233,盛帮股份,2026-06-30,0.3628,-0.9260,25
301234,五洲医疗,2025-12-31,8.5399,-7.3649,13
301234,五洲医疗,2026-03-31,8.0849,-0.4550,3
301234,五洲医疗,2026-06-30,12.0506,3.9657,19
301235,华康洁净,2025-12-31,20.9506,1.5053,64
301235,华康洁净,2026-03-31,12.3173,-8.6333,3
301235,华康洁净,2026-06-30,19.4462,7.1289,106
301236,软通动力,2025-12-31,31.1282,4.4480,403
301236,软通动力,2026-03-31,23.2580,-7.8702,7
301236,软通动力,2026-06-30,24.1578,0.8998,325
301237,和顺科技,2025-12-31,14.9529,1.9624,14
301237,和顺科技,2026-03-31,11.5130,-3.4399,0
301237,和顺科技,2026-06-30,14.9220,3.4090,30
301238,瑞泰新材,2025-12-31,74.1045,0.5321,122
301238,瑞泰新材,2026-03-31,72.5484,-1.5561,2
301238,瑞泰新材,2026-06-30,74.2913,1.7429,124
301239,普瑞眼科,2025-12-31,63.6603,7.8186,88
301239,普瑞眼科,2026-03-31,60.7118,-2.9485,11
301239,普瑞眼科,2026-06-30,66.6556,5.9438,152
301246,宏源药业,2025-12-31,6.8859,4.2885,26
301246,宏源药业,2026-03-31,8.1516,1.2657,1
301246,宏源药业,2026-06-30,12.1193,3.9677,164
301248,杰创智能,2025-12-31,3.6108,0.2752,29
301248,杰创智能,2026-03-31,2.7135,-0.8973,0
301248,杰创智能,2026-06-30,6.2142,3.5007,93
301251,威尔高,2025-12-31,12.7784,0.6444,67
301251,威尔高,2026-03-31,9.9152,-2.8632,3
301251,威尔高,2026-06-30,24.0881,14.1729,88
301252,同星科技,2025-12-31,4.5243,0.4135,7
301252,同星科技,2026-03-31,3.3259,-1.1984,0
301252,同星科技,2026-06-30,60.0760,56.7501,54
301255,通力科技,2025-12-31,1.9880,0.2694,22
301255,通力科技,2026-03-31,0.9378,-1.0502,2
301255,通力科技,2026-06-30,59.9116,58.9738,11
301256,华融化学,2025-12-31,74.5260,-0.6356,9
301256,华融化学,2026-03-31,75.4471,0.9211,0
301256,华融化学,2026-06-30,74.4845,-0.9626,29
301257,普蕊斯,2025-12-31,69.9711,18.9924,144
301257,普蕊斯,2026-03-31,56.7204,-13.2507,19
301257,普蕊斯,2026-06-30,62.3830,5.6626,106
301258,富士莱,2025-12-31,62.9444,0.1708,42
301258,富士莱,2026-03-31,63.1376,0.1932,2
301258,富士莱,2026-06-30,63.3272,0.1896,83
301259,艾布鲁,2025-12-31,5.9961,0.4738,7
301259,艾布鲁,2026-03-31,9.1144,3.1183,0
301259,艾布鲁,2026-06-30,11.3725,2.2581,19
301260,格力博,2025-12-31,45.4711,-0.6953,30
301260,格力博,2026-03-31,45.4184,-0.0527,0
301260,格力博,2026-06-30,47.4356,2.0172,60
301261,恒工精密,2025-12-31,32.1142,3.5712,33
301261,恒工精密,2026-03-31,25.2479,-6.8663,4
301261,恒工精密,2026-06-30,17.2690,-7.9789,70
301262,海看股份,2025-12-31,55.5720,-9.6960,59
301262,海看股份,2026-03-31,39.0942,-16.4778,1
301262,海看股份,2026-06-30,39.5777,0.4835,59
301263,泰恩康,2025-12-31,9.5057,0.1893,102
301263,泰恩康,2026-03-31,5.1120,-4.3937,4
301263,泰恩康,2026-06-30,5.2781,0.1661,82
301265,华新科技,2025-12-31,24.7565,-2.4281,17
301265,华新科技,2026-03-31,21.8275,-2.9290,0
301265,华新科技,2026-06-30,24.0229,2.1954,62
301266,宇邦新材,2025-12-31,58.5634,0.3295,54
301266,宇邦新材,2026-03-31,57.6004,-0.9630,2
301266,宇邦新材,2026-06-30,57.8180,0.2176,44
301267,华厦眼科,2025-12-31,68.4402,11.8511,103
301267,华厦眼科,2026-03-31,67.0106,-1.4296,1
301267,华厦眼科,2026-06-30,67.9165,0.9059,112
301268,铭利达,2025-12-31,59.0672,26.5194,69
301268,铭利达,2026-03-31,58.8069,-0.2603,0
301268,铭利达,2026-06-30,56.2172,-2.5897,97
301269,华大九天,2025-12-31,79.6605,3.9355,326
301269,华大九天,2026-03-31,75.0701,-4.5904,9
301269,华大九天,2026-06-30,74.3699,-0.7002,329
301270,汉仪股份,2025-12-31,26.8678,-0.8119,51
301270,汉仪股份,2026-03-31,24.6636,-2.2042,1
301270,汉仪股份,2026-06-30,22.6169,-2.0467,34
301272,英华特,2025-12-31,29.5699,4.3897,45
301272,英华特,2026-03-31,27.1038,-2.4661,2
301272,英华特,2026-06-30,34.9859,7.8821,87
301273,瑞晨环保,2025-12-31,49.0575,16.7458,70
301273,瑞晨环保,2026-03-31,43.9865,-5.0710,2
301273,瑞晨环保,2026-06-30,41.5571,-2.4294,54
301275,汉朔科技,2025-12-31,13.3766,8.8989,179
301275,汉朔科技,2026-03-31,57.0854,43.7088,2
301275,汉朔科技,2026-06-30,52.1942,-4.8912,177
301276,嘉曼服饰,2025-12-31,5.3464,-2.4755,30
301276,嘉曼服饰,2026-03-31,6.5971,1.2507,0
301276,嘉曼服饰,2026-06-30,9.2241,2.6270,32
301277,新天地,2025-12-31,0.3296,,16
301277,新天地,2026-03-31,74.8033,74.4737,0
301277,新天地,2026-06-30,75.0687,0.2654,38
301278,快可电子,2025-12-31,13.7326,5.4141,20
301278,快可电子,2026-03-31,11.1253,-2.6073,0
301278,快可电子,2026-06-30,8.5469,-2.5784,17
301279,金道科技,2025-12-31,56.0406,46.1522,29
301279,金道科技,2026-03-31,54.8655,-1.1751,1
301279,金道科技,2026-06-30,55.6551,0.7896,34
301280,珠城科技,2025-12-31,3.2937,-4.1098,46
301280,珠城科技,2026-03-31,2.9445,-0.3492,1
301280,珠城科技,2026-06-30,17.3830,14.4385,121
301281,科源制药,2025-12-31,37.6572,0.9960,20
301281,科源制药,2026-03-31,39.6777,2.0205,0
301281,科源制药,2026-06-30,37.8088,-1.8689,51
301282,金禄电子,2025-12-31,3.8720,-2.2465,39
301282,金禄电子,2026-03-31,5.3837,1.5117,0
301282,金禄电子,2026-06-30,4.0337,-1.3500,34
301283,聚胶股份,2025-12-31,26.4964,6.2875,165
301283,聚胶股份,2026-03-31,35.4970,9.0006,9
301283,聚胶股份,2026-06-30,35.4428,-0.0542,66
301285,鸿日达,2025-12-31,10.9891,3.9404,85
301285,鸿日达,2026-03-31,16.7762,5.7871,7
301285,鸿日达,2026-06-30,19.0332,2.2570,146
301286,侨源股份,2025-12-31,1.1276,-0.4519,47
301286,侨源股份,2026-03-31,1.0238,-0.1038,0
301286,侨源股份,2026-06-30,2.2526,1.2288,47
301287,康力源,2025-12-31,8.0735,4.4171,29
301287,康力源,2026-03-31,5.1569,-2.9166,3
301287,康力源,2026-06-30,10.9281,5.7712,43
301288,清研环境,2025-12-31,36.3420,9.9642,0
301288,清研环境,2026-03-31,33.8787,-2.4633,0
301288,清研环境,2026-06-30,34.0038,0.1251,12
301289,国缆检测,2025-12-31,76.0557,-0.6125,10
301289,国缆检测,2026-03-31,76.1187,0.0630,1
301289,国缆检测,2026-06-30,76.8074,0.6887,28
301290,东星医疗,2025-12-31,18.1011,1.9283,39
301290,东星医疗,2026-03-31,13.8482,-4.2529,1
301290,东星医疗,2026-06-30,14.9427,1.0945,51
301291,明阳电气,2025-12-31,40.0642,5.4809,168
301291,明阳电气,2026-03-31,29.1237,-10.9405,7
301291,明阳电气,2026-06-30,35.0592,5.9355,141
301292,海科新源,2025-12-31,17.0582,2.7619,63
301292,海科新源,2026-03-31,16.3443,-0.7139,29
301292,海科新源,2026-06-30,8.4040,-7.9403,87
301293,三博脑科,2025-12-31,27.7954,2.1982,74
301293,三博脑科,2026-03-31,24.4503,-3.3451,12
301293,三博脑科,2026-06-30,23.8057,-0.6446,83
301295,美硕科技,2025-12-31,16.1743,0.1198,36
301295,美硕科技,2026-03-31,13.3469,-2.8274,3
301295,美硕科技,2026-06-30,13.5849,0.2380,81
301296,新巨丰,2025-12-31,60.6299,-0.3431,37
301296,新巨丰,2026-03-31,67.9271,7.2972,1
301296,新巨丰,2026-06-30,67.7478,-0.1793,36
301297,富乐德,2025-12-31,64.0274,52.4754,83
301297,富乐德,2026-03-31,59.7442,-4.2832,3
301297,富乐德,2026-06-30,60.2751,0.5309,161
301298,东利机械,2025-12-31,2.6656,,48
301298,东利机械,2026-03-31,0.1815,-2.4841,1
301298,东利机械,2026-06-30,4.7997,4.6182,85
301299,卓创资讯,2025-12-31,23.8893,12.9620,68
301299,卓创资讯,2026-03-31,23.7475,-0.1418,0
301299,卓创资讯,2026-06-30,22.9838,-0.7637,47
301300,远翔新材,2025-12-31,13.2394,-0.8919,26
301300,远翔新材,2026-03-31,11.9635,-1.2759,1
301300,远翔新材,2026-06-30,14.5920,2.6285,53
301301,川宁生物,2025-12-31,22.5955,2.3299,139
301301,川宁生物,2026-03-31,18.6805,-3.9150,3
301301,川宁生物,2026-06-30,18.7985,0.1180,127
301302,华如科技,2025-12-31,21.6313,-1.4151,33
301302,华如科技,2026-03-31,20.0064,-1.6249,0
301302,华如科技,2026-06-30,20.3449,0.3385,23
301303,真兰仪表,2025-12-31,6.8131,0.7170,68
301303,真兰仪表,2026-03-31,3.9749,-2.8382,0
301303,真兰仪表,2026-06-30,4.0646,0.0897,21
301305,朗坤科技,2025-12-31,15.1579,3.4663,66
301305,朗坤科技,2026-03-31,9.4081,-5.7498,6
301305,朗坤科技,2026-06-30,12.6252,3.2171,109
301306,西测测试,2025-12-31,30.5833,-3.3112,40
301306,西测测试,2026-03-31,30.5830,-0.0003,8
301306,西测测试,2026-06-30,44.3625,13.7795,67
301307,美利信,2025-12-31,10.5638,-7.1068,78
301307,美利信,2026-03-31,11.2873,0.7235,2
301307,美利信,2026-06-30,22.1552,10.8679,137
301308,江波龙,2025-12-31,43.1692,7.7253,576
301308,江波龙,2026-03-31,29.1889,-13.9803,52
301308,江波龙,2026-06-30,29.8966,0.7077,939
301309,万得凯,2025-12-31,1.8116,1.1504,25
301309,万得凯,2026-03-31,9.0157,7.2041,2
301309,万得凯,2026-06-30,9.1789,0.1632,18
301310,鑫宏业,2025-12-31,0.4580,-2.1877,45
301310,鑫宏业,2026-03-31,3.5130,3.0550,3
301310,鑫宏业,2026-06-30,8.7714,5.2584,44
301311,昆船智能,2025-12-31,69.1968,54.5091,19
301311,昆船智能,2026-03-31,67.4234,-1.7734,1
301311,昆船智能,2026-06-30,67.1214,-0.3020,31
301312,智立方,2025-12-31,8.7433,0.8970,19
301312,智立方,2026-03-31,10.1971,1.4538,4
301312,智立方,2026-06-30,18.3504,8.1533,96
301313,凡拓数创,2025-12-31,13.3723,1.1759,53
301313,凡拓数创,2026-03-31,9.6358,-3.7365,0
301313,凡拓数创,2026-06-30,5.6690,-3.9668,25
301314,科瑞思,2025-12-31,17.0188,4.3778,54
301314,科瑞思,2026-03-31,18.8455,1.8267,2
301314,科瑞思,2026-06-30,10.7036,-8.1419,21
301315,威士顿,2025-12-31,13.0115,0.7735,14
301315,威士顿,2026-03-31,12.9823,-0.0292,0
301315,威士顿,2026-06-30,32.5457,19.5634,25
301316,慧博云通,2025-12-31,52.8483,25.4625,188
301316,慧博云通,2026-03-31,45.5341,-7.3142,2
301316,慧博云通,2026-06-30,48.6510,3.1169,181
301317,鑫磊股份,2025-12-31,2.3068,,7
301317,鑫磊股份,2026-03-31,19.6395,17.3327,3
301317,鑫磊股份,2026-06-30,29.3708,9.7313,60
301318,维海德,2025-12-31,25.3362,0.4099,29
301318,维海德,2026-03-31,20.8856,-4.4506,0
301318,维海德,2026-06-30,20.6298,-0.2558,33
301319,唯特偶,2025-12-31,25.7468,-3.3422,28
301319,唯特偶,2026-03-31,24.5421,-1.2047,0
301319,唯特偶,2026-06-30,34.6527,10.1106,212
301320,豪江智能,2025-12-31,11.5556,0.3366,39
301320,豪江智能,2026-03-31,9.2673,-2.2883,2
301320,豪江智能,2026-06-30,26.6924,17.4251,33
301321,翰博高新,2025-12-31,32.2483,1.2075,48
301321,翰博高新,2026-03-31,31.2717,-0.9766,4
301321,翰博高新,2026-06-30,33.6918,2.4201,97
301322,绿通科技,2025-12-31,18.5997,-5.7597,32
301322,绿通科技,2026-03-31,17.8060,-0.7937,1
301322,绿通科技,2026-06-30,14.5233,-3.2827,46
301323,新莱福,2025-12-31,44.1098,-1.2014,23
301323,新莱福,2026-03-31,44.6151,0.5053,5
301323,新莱福,2026-06-30,49.0383,4.4232,67
301325,曼恩斯特,2025-12-31,16.2687,0.6145,59
301325,曼恩斯特,2026-03-31,15.2377,-1.0310,4
301325,曼恩斯特,2026-06-30,64.9376,49.6999,27
301326,捷邦科技,2025-12-31,37.4852,2.8990,62
301326,捷邦科技,2026-03-31,73.7448,36.2596,3
301326,捷邦科技,2026-06-30,74.4136,0.6688,120
301327,华宝新能,2025-12-31,52.1620,2.6571,134
301327,华宝新能,2026-03-31,50.3983,-1.7637,2
301327,华宝新能,2026-06-30,62.5651,12.1668,74
301328,维峰电子,2025-12-31,39.6635,-0.7031,87
301328,维峰电子,2026-03-31,16.5210,-23.1425,1
301328,维峰电子,2026-06-30,20.9720,4.4510,100
301329,信音电子,2025-12-31,6.9667,-4.7692,35
301329,信音电子,2026-03-31,4.5826,-2.3841,2
301329,信音电子,2026-06-30,11.5699,6.9873,100
301330,熵基科技,2025-12-31,33.8184,1.5130,54
301330,熵基科技,2026-03-31,54.9366,21.1182,2
301330,熵基科技,2026-06-30,53.8319,-1.1047,38
301331,恩威医药,2025-12-31,70.5942,0.8466,24
301331,恩威医药,2026-03-31,67.9401,-2.6541,0
301331,恩威医药,2026-06-30,70.3425,2.4024,49
301332,德尔玛,2025-12-31,37.5264,-3.9728,45
301332,德尔玛,2026-03-31,36.9940,-0.5324,0
301332,德尔玛,2026-06-30,36.0725,-0.9215,42
301333,诺思格,2025-12-31,64.0335,7.1703,83
301333,诺思格,2026-03-31,74.6189,10.5854,10
301333,诺思格,2026-06-30,70.0682,-4.5507,47
301335,天元宠物,2025-12-31,5.4860,1.6639,29
301335,天元宠物,2026-03-31,5.6742,0.1882,1
301335,天元宠物,2026-06-30,29.6200,23.9458,26
301336,趣睡科技,2025-12-31,19.1940,0.8972,31
301336,趣睡科技,2026-03-31,18.2030,-0.9910,2
301336,趣睡科技,2026-06-30,20.3430,2.1400,53
301337,亚华电子,2025-12-31,4.1877,2.0333,41
301337,亚华电子,2026-03-31,5.4676,1.2799,2
301337,亚华电子,2026-06-30,49.5324,44.0648,40
301338,凯格精机,2025-12-31,25.6002,6.7278,142
301338,凯格精机,2026-03-31,29.3942,3.7940,37
301338,凯格精机,2026-06-30,18.4174,-10.9768,231
301339,通行宝,2025-12-31,13.7970,2.7545,124
301339,通行宝,2026-03-31,72.2931,58.4961,3
301339,通行宝,2026-06-30,73.5180,1.2249,129
301345,涛涛车业,2025-12-31,54.5657,21.8663,411
301345,涛涛车业,2026-03-31,43.1282,-11.4375,43
301345,涛涛车业,2026-06-30,51.2013,8.0731,371
301348,蓝箭电子,2025-12-31,11.3892,-1.6251,24
301348,蓝箭电子,2026-03-31,11.3064,-0.0828,0
301348,蓝箭电子,2026-06-30,5.1407,-6.1657,16
301349,信德新材,2025-12-31,29.7560,-0.8690,72
301349,信德新材,2026-03-31,12.4434,-17.3126,6
301349,信德新材,2026-06-30,29.0007,16.5573,126
301353,普莱得,2025-12-31,14.7423,1.4698,44
301353,普莱得,2026-03-31,17.3111,2.5688,6
301353,普莱得,2026-06-30,20.3334,3.0223,75
301355,南王科技,2025-12-31,4.5642,1.7223,27
301355,南王科技,2026-03-31,5.0945,0.5303,2
301355,南王科技,2026-06-30,27.7187,22.6242,78
301356,天振股份,2025-12-31,4.5241,-1.7448,38
301356,天振股份,2026-03-31,11.3711,6.8470,7
301356,天振股份,2026-06-30,19.1127,7.7416,34
301357,北方长龙,2025-12-31,0.5108,-2.0348,23
301357,北方长龙,2026-03-31,1.5392,1.0284,0
301357,北方长龙,2026-06-30,45.2318,43.6926,31
301358,湖南裕能,2025-12-31,46.8293,9.9234,659
301358,湖南裕能,2026-03-31,59.6651,12.8358,108
301358,湖南裕能,2026-06-30,60.0724,0.4073,807
301359,东南电子,2025-12-31,9.8748,3.4889,66
301359,东南电子,2026-03-31,5.0653,-4.8095,1
301359,东南电子,2026-06-30,11.7431,6.6778,97
301360,荣旗科技,2025-12-31,23.9400,0.9642,84
301360,荣旗科技,2026-03-31,11.0787,-12.8613,3
301360,荣旗科技,2026-06-30,17.6314,6.5527,94
301361,众智科技,2025-12-31,2.7250,-2.4105,24
301361,众智科技,2026-03-31,3.7057,0.9807,0
301361,众智科技,2026-06-30,3.0211,-0.6846,12
301362,民爆光电,2025-12-31,28.0125,3.4156,36
301362,民爆光电,2026-03-31,28.5262,0.5137,6
301362,民爆光电,2026-06-30,44.1276,15.6014,208
301363,美好医疗,2025-12-31,58.6818,28.0143,217
301363,美好医疗,2026-03-31,46.7672,-11.9146,18
301363,美好医疗,2026-06-30,44.7707,-1.9965,157
301365,矩阵股份,2025-12-31,57.8122,56.3429,44
301365,矩阵股份,2026-03-31,56.5461,-1.2661,2
301365,矩阵股份,2026-06-30,46.0522,-10.4939,37
301366,一博科技,2025-12-31,15.2244,-0.5100,15
301366,一博科技,2026-03-31,13.5469,-1.6775,0
301366,一博科技,2026-06-30,12.9770,-0.5699,45
301367,瑞迈特,2025-12-31,52.8328,9.5086,164
301367,瑞迈特,2026-03-31,42.8326,-10.0002,9
301367,瑞迈特,2026-06-30,45.2328,2.4002,80
301368,丰立智能,2025-12-31,23.2172,3.3787,46
301368,丰立智能,2026-03-31,21.3800,-1.8372,6
301368,丰立智能,2026-06-30,51.4995,30.1195,46
301369,联动科技,2025-12-31,8.4440,4.1791,23
301369,联动科技,2026-03-31,10.3821,1.9381,1
301369,联动科技,2026-06-30,15.6663,5.2842,173
301370,国科恒泰,2025-12-31,55.5963,-0.0027,37
301370,国科恒泰,2026-03-31,54.8250,-0.7713,0
301370,国科恒泰,2026-06-30,55.8333,1.0083,45
301371,敷尔佳,2025-12-31,33.9521,-2.0713,46
301371,敷尔佳,2026-03-31,30.7373,-3.2148,0
301371,敷尔佳,2026-06-30,52.6629,21.9256,260
301372,科净源,2025-12-31,20.9705,0.7883,25
301372,科净源,2026-03-31,21.0320,0.0615,0
301372,科净源,2026-06-30,34.2961,13.2641,58
301373,凌玮科技,2025-12-31,14.9006,-4.8227,35
301373,凌玮科技,2026-03-31,16.7164,1.8158,2
301373,凌玮科技,2026-06-30,13.9358,-2.7806,104
301376,致欧科技,2025-12-31,62.1586,2.2729,99
301376,致欧科技,2026-03-31,56.5772,-5.5814,3
301376,致欧科技,2026-06-30,59.1431,2.5659,75
301377,鼎泰高科,2025-12-31,53.5923,22.1658,244
301377,鼎泰高科,2026-03-31,45.2945,-8.2978,45
301377,鼎泰高科,2026-06-30,57.0620,11.7675,632
301378,通达海,2025-12-31,8.3235,3.1292,44
301378,通达海,2026-03-31,9.0655,0.7420,1
301378,通达海,2026-06-30,4.9714,-4.0941,47
301379,天山电子,2025-12-31,4.3418,-0.4163,45
301379,天山电子,2026-03-31,1.6703,-2.6715,0
301379,天山电子,2026-06-30,1.6620,-0.0083,12
301380,挖金客,2025-12-31,14.2724,13.6813,20
301380,挖金客,2026-03-31,21.2054,6.9330,0
301380,挖金客,2026-06-30,21.2556,0.0502,32
301381,赛维时代,2025-12-31,56.5312,0.6718,149
301381,赛维时代,2026-03-31,49.7307,-6.8005,3
301381,赛维时代,2026-06-30,48.7281,-1.0026,89
301382,蜂助手,2025-12-31,18.0750,-7.4900,98
301382,蜂助手,2026-03-31,16.2131,-1.8619,0
301382,蜂助手,2026-06-30,29.0691,12.8560,119
301383,天键股份,2025-12-31,18.0522,-2.4523,13
301383,天键股份,2026-03-31,17.5196,-0.5326,0
301383,天键股份,2026-06-30,20.0810,2.5614,31
301386,未来电器,2025-12-31,4.9091,-0.8909,29
301386,未来电器,2026-03-31,9.9401,5.0310,1
301386,未来电器,2026-06-30,10.6233,0.6832,32
301387,光大同创,2025-12-31,30.2089,1.1377,20
301387,光大同创,2026-03-31,28.6767,-1.5322,2
301387,光大同创,2026-06-30,34.9204,6.2437,56
301388,欣灵电气,2025-12-31,8.1455,6.6210,41
301388,欣灵电气,2026-03-31,1.6218,-6.5237,0
301388,欣灵电气,2026-06-30,46.5499,44.9281,56
301389,隆扬电子,2025-12-31,4.8224,-0.8276,52
301389,隆扬电子,2026-03-31,2.1469,-2.6755,1
301389,隆扬电子,2026-06-30,72.0015,69.8546,147
301390,经纬股份,2025-12-31,21.3154,4.2173,40
301390,经纬股份,2026-03-31,22.4225,1.1071,7
301390,经纬股份,2026-06-30,45.7726,23.3501,72
301391,卡莱特,2025-12-31,69.0250,25.2702,71
301391,卡莱特,2026-03-31,67.2370,-1.7880,3
301391,卡莱特,2026-06-30,66.5418,-0.6952,138
301392,汇成真空,2025-12-31,30.3101,-0.6371,123
301392,汇成真空,2026-03-31,21.9081,-8.4020,16
301392,汇成真空,2026-06-30,30.0369,8.1288,245
301393,昊帆生物,2025-12-31,21.4213,7.9674,87
301393,昊帆生物,2026-03-31,14.9138,-6.5075,3
301393,昊帆生物,2026-06-30,27.6101,12.6963,129
301395,仁信新材,2025-12-31,2.6719,0.2426,27
301395,仁信新材,2026-03-31,2.3374,-0.3345,0
301395,仁信新材,2026-06-30,4.1994,1.8620,15
301396,宏景科技,2025-12-31,10.5649,0.6640,77
301396,宏景科技,2026-03-31,17.1492,6.5843,24
301396,宏景科技,2026-06-30,24.7936,7.6444,327
301397,溯联股份,2025-12-31,4.4165,-3.3566,48
301397,溯联股份,2026-03-31,4.2674,-0.1491,0
301397,溯联股份,2026-06-30,7.9553,3.6879,68
301398,星源卓镁,2025-12-31,15.2966,8.9710,57
301398,星源卓镁,2026-03-31,17.5768,2.2802,7
301398,星源卓镁,2026-06-30,73.2547,55.6779,50
301399,英特科技,2025-12-31,1.1866,0.1839,26
301399,英特科技,2026-03-31,0.9512,-0.2354,1
301399,英特科技,2026-06-30,1.1463,0.1951,8
301408,华人健康,2025-12-31,28.2799,-1.5329,46
301408,华人健康,2026-03-31,23.1555,-5.1244,0
301408,华人健康,2026-06-30,15.8269,-7.3286,37
301413,安培龙,2025-12-31,32.7334,2.8319,196
301413,安培龙,2026-03-31,24.6189,-8.1145,27
301413,安培龙,2026-06-30,24.4373,-0.1816,139
301418,协昌科技,2025-12-31,7.2449,1.9915,64
301418,协昌科技,2026-03-31,7.9426,0.6977,4
301418,协昌科技,2026-06-30,5.2177,-2.7249,31
301419,阿莱德,2025-12-31,4.9556,2.6137,55
301419,阿莱德,2026-03-31,23.3161,18.3605,2
301419,阿莱德,2026-06-30,15.0689,-8.2472,12
301421,波长光电,2025-12-31,8.9750,-5.7369,71
301421,波长光电,2026-03-31,4.2678,-4.7072,4
301421,波长光电,2026-06-30,10.0623,5.7945,51
301428,世纪恒通,2025-12-31,5.0158,-6.4393,18
301428,世纪恒通,2026-03-31,4.4491,-0.5667,0
301428,世纪恒通,2026-06-30,1.7787,-2.6704,27
301429,森泰股份,2025-12-31,30.8584,7.2718,78
301429,森泰股份,2026-03-31,24.5554,-6.3030,3
301429,森泰股份,2026-06-30,37.0539,12.4985,104
301439,泓淋电力,2025-12-31,42.4192,1.7221,70
301439,泓淋电力,2026-03-31,40.5198,-1.8994,0
301439,泓淋电力,2026-06-30,40.6022,0.0824,70
301446,福事特,2025-12-31,14.5636,4.6666,28
301446,福事特,2026-03-31,10.7203,-3.8433,5
301446,福事特,2026-06-30,23.7825,13.0622,27
301448,开创电气,2025-12-31,16.2585,-1.1951,13
301448,开创电气,2026-03-31,16.3330,0.0745,3
301448,开创电气,2026-06-30,23.4736,7.1406,32
301449,天溯计量,2025-12-31,5.0555,,2178
301449,天溯计量,2026-03-31,3.7447,-1.3108,11
301449,天溯计量,2026-06-30,5.4107,1.6660,499
301456,盘古智能,2025-12-31,24.5860,2.7904,40
301456,盘古智能,2026-03-31,21.2196,-3.3664,1
301456,盘古智能,2026-06-30,26.2371,5.0175,73
301458,钧崴电子,2025-12-31,4.5990,1.4030,113
301458,钧崴电子,2026-03-31,34.2086,29.6096,1
301458,钧崴电子,2026-06-30,25.0027,-9.2059,119
301459,丰茂股份,2025-12-31,19.4323,17.6911,67
301459,丰茂股份,2026-03-31,7.8522,-11.5801,3
301459,丰茂股份,2026-06-30,11.2322,3.3800,39
301468,博盈特焊,2025-12-31,30.8856,-3.6608,94
301468,博盈特焊,2026-03-31,17.5270,-13.3586,7
301468,博盈特焊,2026-06-30,17.0781,-0.4489,68
301469,恒达新材,2025-12-31,45.7100,-0.3246,32
301469,恒达新材,2026-03-31,47.5528,1.8428,0
301469,恒达新材,2026-06-30,49.9039,2.3511,41
301479,弘景光电,2025-12-31,3.7838,0.9562,162
301479,弘景光电,2026-03-31,30.1770,26.3932,0
301479,弘景光电,2026-06-30,27.3110,-2.8660,114
301486,致尚科技,2025-12-31,11.9668,7.4111,106
301486,致尚科技,2026-03-31,4.9034,-7.0634,9
301486,致尚科技,2026-06-30,9.8610,4.9576,145
301487,盟固利,2025-12-31,17.3974,-0.9886,90
301487,盟固利,2026-03-31,12.9689,-4.4285,2
301487,盟固利,2026-06-30,18.3607,5.3918,166
301488,豪恩汽电,2025-12-31,4.4199,0.0459,33
301488,豪恩汽电,2026-03-31,4.7407,0.3208,3
301488,豪恩汽电,2026-06-30,3.7098,-1.0309,41
301489,思泉新材,2025-12-31,26.5561,18.3075,198
301489,思泉新材,2026-03-31,17.4775,-9.0786,13
301489,思泉新材,2026-06-30,18.7077,1.2302,213
301491,汉桑科技,2025-12-31,0.7655,0.1332,2233
301491,汉桑科技,2026-03-31,0.0009,-0.7646,1
301491,汉桑科技,2026-06-30,0.8689,0.8680,162
301498,乖宝宠物,2025-12-31,70.2294,1.5658,270
301498,乖宝宠物,2026-03-31,64.8285,-5.4009,9
301498,乖宝宠物,2026-06-30,56.5185,-8.3100,225
301499,维科精密,2025-12-31,8.8007,5.2099,39
301499,维科精密,2026-03-31,5.3864,-3.4143,0
301499,维科精密,2026-06-30,7.2337,1.8473,47
301500,飞南资源,2025-12-31,10.6016,-1.1265,42
301500,飞南资源,2026-03-31,8.9993,-1.6023,4
301500,飞南资源,2026-06-30,8.6799,-0.3194,184
301501,恒鑫生活,2025-12-31,1.0797,0.3780,128
301501,恒鑫生活,2026-03-31,14.9998,13.9201,0
301501,恒鑫生活,2026-06-30,15.1850,0.1852,79
301502,华阳智能,2025-12-31,33.9425,1.9191,63
301502,华阳智能,2026-03-31,27.4942,-6.4483,2
301502,华阳智能,2026-06-30,28.2293,0.7351,55
301503,智迪科技,2025-12-31,36.9030,-1.6811,57
301503,智迪科技,2026-03-31,34.5576,-2.3454,2
301503,智迪科技,2026-06-30,37.1426,2.5850,54
301505,苏州规划,2025-12-31,7.8419,-3.0580,45
301505,苏州规划,2026-03-31,5.6530,-2.1889,1
301505,苏州规划,2026-06-30,8.3191,2.6661,69
301507,民生健康,2025-12-31,5.7005,1.3802,70
301507,民生健康,2026-03-31,6.7836,1.0831,0
301507,民生健康,2026-06-30,7.9497,1.1661,64
301508,中机认检,2025-12-31,12.0700,1.1249,68
301508,中机认检,2026-03-31,5.2758,-6.7942,1
301508,中机认检,2026-06-30,4.2889,-0.9869,41
301509,金凯生科,2025-12-31,23.8106,0.1297,63
301509,金凯生科,2026-03-31,19.0883,-4.7223,3
301509,金凯生科,2026-06-30,16.2566,-2.8317,27
301510,固高科技,2025-12-31,50.5037,2.7927,91
301510,固高科技,2026-03-31,40.4543,-10.0494,2
301510,固高科技,2026-06-30,40.7303,0.2760,219
301511,德福科技,2025-12-31,39.7126,5.4876,226
301511,德福科技,2026-03-31,34.1099,-5.6027,23
301511,德福科技,2026-06-30,54.3253,20.2154,656
301512,智信精密,2025-12-31,32.5462,3.9886,50
301512,智信精密,2026-03-31,31.2077,-1.3385,3
301512,智信精密,2026-06-30,30.6352,-0.5725,27
301513,尚水智能,2026-06-30,4.4286,,2490
301515,港通医疗,2025-12-31,20.5999,1.2078,71
301515,港通医疗,2026-03-31,19.6771,-0.9228,4
301515,港通医疗,2026-06-30,26.3385,6.6614,97
301516,中远通,2025-12-31,3.7019,0.5634,48
301516,中远通,2026-03-31,6.3789,2.6770,3
301516,中远通,2026-06-30,7.5669,1.1880,51
301517,陕西华达,2025-12-31,45.5848,30.3053,38
301517,陕西华达,2026-03-31,46.9096,1.3248,4
301517,陕西华达,2026-06-30,49.3391,2.4295,70
301518,长华化学,2025-12-31,25.5583,2.9711,58
301518,长华化学,2026-03-31,23.2298,-2.3285,4
301518,长华化学,2026-06-30,25.2600,2.0302,44
301519,舜禹股份,2025-12-31,33.7699,4.6778,56
301519,舜禹股份,2026-03-31,29.5277,-4.2422,2
301519,舜禹股份,2026-06-30,37.9793,8.4516,87
301520,万邦医药,2025-12-31,7.3108,2.1879,44
301520,万邦医药,2026-03-31,6.8235,-0.4873,3
301520,万邦医药,2026-06-30,7.7580,0.9345,39
301522,上大股份,2025-12-31,41.8806,37.6808,100
301522,上大股份,2026-03-31,38.3311,-3.5495,0
301522,上大股份,2026-06-30,35.1016,-3.2295,98
301525,儒竞科技,2025-12-31,21.2864,-2.4098,75
301525,儒竞科技,2026-03-31,14.5818,-6.7046,4
301525,儒竞科技,2026-06-30,18.0962,3.5144,64
301526,国际复材,2025-12-31,44.3112,-2.9251,170
301526,国际复材,2026-03-31,39.1213,-5.1899,16
301526,国际复材,2026-06-30,46.7931,7.6718,703
301528,多浦乐,2025-12-31,21.3752,0.8268,58
301528,多浦乐,2026-03-31,19.7042,-1.6710,5
301528,多浦乐,2026-06-30,16.2182,-3.4860,28
301529,福赛科技,2025-12-31,33.5467,4.6379,121
301529,福赛科技,2026-03-31,22.4777,-11.0690,18
301529,福赛科技,2026-06-30,25.7935,3.3158,138
301531,春光集团,2026-06-30,4.7524,,2677
301533,威马农机,2025-12-31,2.7259,-8.1771,11
301533,威马农机,2026-03-31,3.4940,0.7681,0
301533,威马农机,2026-06-30,6.1497,2.6557,45
301535,浙江华远,2025-12-31,4.3523,2.1179,138
301535,浙江华远,2026-03-31,68.9555,64.6032,3
301535,浙江华远,2026-06-30,68.3494,-0.6061,111
301536,星宸科技,2025-12-31,47.3266,7.4949,258
301536,星宸科技,2026-03-31,39.0340,-8.2926,15
301536,星宸科技,2026-06-30,47.6748,8.6408,729
301538,骏鼎达,2025-12-31,31.9059,-4.5173,59
301538,骏鼎达,2026-03-31,31.3906,-0.5153,3
301538,骏鼎达,2026-06-30,29.5236,-1.8670,63
301539,宏鑫科技,2025-12-31,35.3600,1.5451,51
301539,宏鑫科技,2026-03-31,33.0928,-2.2672,0
301539,宏鑫科技,2026-06-30,35.9753,2.8825,84
301548,崇德科技,2025-12-31,15.4051,5.4441,39
301548,崇德科技,2026-03-31,21.7637,6.3586,5
301548,崇德科技,2026-06-30,26.4100,4.6463,107
301550,斯菱智驱,2025-12-31,32.1846,10.3863,164
301550,斯菱智驱,2026-03-31,27.2066,-4.9780,64
301550,斯菱智驱,2026-06-30,25.0596,-2.1470,337
301551,无线传媒,2025-12-31,38.7382,-23.5940,93
301551,无线传媒,2026-03-31,26.5889,-12.1493,0
301551,无线传媒,2026-06-30,24.6391,-1.9498,95
301552,科力装备,2025-12-31,7.5291,-2.9130,84
301552,科力装备,2026-03-31,8.6283,1.0992,0
301552,科力装备,2026-06-30,7.0112,-1.6171,55
301555,惠柏新材,2025-12-31,30.0357,3.1906,74
301555,惠柏新材,2026-03-31,26.2454,-3.7903,1
301555,惠柏新材,2026-06-30,21.2180,-5.0274,29
301556,托普云农,2025-12-31,26.3102,10.5302,111
301556,托普云农,2026-03-31,9.7057,-16.6045,7
301556,托普云农,2026-06-30,9.3036,-0.4021,92
301557,常友科技,2025-12-31,7.8794,0.9651,4
301557,常友科技,2026-03-31,15.0540,7.1746,0
301557,常友科技,2026-06-30,16.7167,1.6627,6
301558,三态股份,2025-12-31,4.7725,1.2614,79
301558,三态股份,2026-03-31,2.9079,-1.8646,1
301558,三态股份,2026-06-30,1.6237,-1.2842,50
301559,中集环科,2025-12-31,2.2777,1.2554,22
301559,中集环科,2026-03-31,0.6590,-1.6187,0
301559,中集环科,2026-06-30,3.9757,3.3167,53
301560,众捷股份,2025-12-31,0.3823,0.3812,164
301560,众捷股份,2026-03-31,10.2096,9.8273,0
301560,众捷股份,2026-06-30,6.7638,-3.4458,85
301563,云汉芯城,2025-12-31,4.5693,2.4157,2565
301563,云汉芯城,2026-03-31,5.0749,0.5056,15
301563,云汉芯城,2026-06-30,6.7718,1.6969,212
301565,中仑新材,2025-12-31,41.2291,0.2678,75
301565,中仑新材,2026-03-31,33.9022,-7.3269,0
301565,中仑新材,2026-06-30,29.8412,-4.0610,44
301566,达利凯普,2025-12-31,16.0800,-9.1597,28
301566,达利凯普,2026-03-31,13.0981,-2.9819,0
301566,达利凯普,2026-06-30,11.6599,-1.4382,46
301567,贝隆精密,2025-12-31,3.5628,-1.8988,11
301567,贝隆精密,2026-03-31,3.5920,0.0292,0
301567,贝隆精密,2026-06-30,9.0000,5.4080,50
301568,思泰克,2025-12-31,7.4549,0.6958,43
301568,思泰克,2026-03-31,4.3828,-3.0721,1
301568,思泰克,2026-06-30,11.7504,7.3676,95
301571,国科天成,2025-12-31,43.7032,2.3813,177
301571,国科天成,2026-03-31,41.6232,-2.0800,16
301571,国科天成,2026-06-30,41.7679,0.1447,198
301575,艾芬达,2025-12-31,2.0171,1.9380,2251
301575,艾芬达,2026-03-31,6.3555,4.3384,2
301575,艾芬达,2026-06-30,2.3910,-3.9645,176
301577,美信科技,2025-12-31,11.7891,-9.7540,27
301577,美信科技,2026-03-31,16.3318,4.5427,5
301577,美信科技,2026-06-30,19.7730,3.4412,21
301578,辰奕智能,2025-12-31,5.4039,-4.4765,43
301578,辰奕智能,2026-03-31,1.8627,-3.5412,3
301578,辰奕智能,2026-06-30,4.2845,2.4218,73
301580,爱迪特,2025-12-31,45.0430,-1.3231,95
301580,爱迪特,2026-03-31,27.1060,-17.9370,9
301580,爱迪特,2026-06-30,25.1886,-1.9174,134
301581,黄山谷捷,2025-12-31,47.5892,47.0510,12
301581,黄山谷捷,2026-03-31,43.4808,-4.1084,0
301581,黄山谷捷,2026-06-30,43.6591,0.1783,10
301584,建发致新,2025-12-31,0.8430,-2.1387,2413
301584,建发致新,2026-03-31,0.4403,-0.4027,2
301584,建发致新,2026-06-30,3.6207,3.1804,171
301585,蓝宇股份,2025-12-31,17.8036,16.6294,75
301585,蓝宇股份,2026-03-31,15.1958,-2.6078,2
301585,蓝宇股份,2026-06-30,21.2093,6.0135,50
301586,佳力奇,2025-12-31,45.6582,-1.6953,64
301586,佳力奇,2026-03-31,42.7661,-2.8921,1
301586,佳力奇,2026-06-30,41.1791,-1.5870,50
301587,中瑞股份,2025-12-31,30.9758,-0.3436,57
301587,中瑞股份,2026-03-31,27.2625,-3.7133,1
301587,中瑞股份,2026-06-30,28.5034,1.2409,51
301588,美新科技,2025-12-31,40.0181,-1.5871,70
301588,美新科技,2026-03-31,37.0303,-2.9878,0
301588,美新科技,2026-06-30,37.9692,0.9389,37
301589,诺瓦星云,2025-12-31,31.3634,7.1545,152
301589,诺瓦星云,2026-03-31,21.8733,-9.4901,9
301589,诺瓦星云,2026-06-30,24.2263,2.3530,118
301590,优优绿能,2025-12-31,15.3387,-4.2600,318
301590,优优绿能,2026-03-31,9.0852,-6.2535,5
301590,优优绿能,2026-06-30,40.0384,30.9532,125
301591,肯特股份,2025-12-31,6.2164,-0.5346,24
301591,肯特股份,2026-03-31,3.1852,-3.0312,0
301591,肯特股份,2026-06-30,3.2568,0.0716,17
301592,六九一二,2025-12-31,13.2050,6.0162,41
301592,六九一二,2026-03-31,2.4027,-10.8023,1
301592,六九一二,2026-06-30,13.8019,11.3992,39
301595,太力科技,2025-12-31,8.3467,5.6979,207
301595,太力科技,2026-03-31,5.6815,-2.6652,1
301595,太力科技,2026-06-30,12.2150,6.5335,87
301596,瑞迪智驱,2025-12-31,26.1106,-4.0443,37
301596,瑞迪智驱,2026-03-31,24.9408,-1.1698,0
301596,瑞迪智驱,2026-06-30,26.6825,1.7417,7
301598,博科测试,2025-12-31,10.3564,9.5898,22
301598,博科测试,2026-03-31,11.4996,1.1432,2
301598,博科测试,2026-06-30,13.0562,1.5566,37
301599,理奇智能,2026-06-30,6.0699,,2608
301600,慧翰股份,2025-12-31,15.3528,-2.1955,35
301600,慧翰股份,2026-03-31,7.4992,-7.8536,3
301600,慧翰股份,2026-06-30,6.6510,-0.8482,63
301601,惠通科技,2025-12-31,0.8751,,117
301601,惠通科技,2026-03-31,14.3939,13.5188,0
301601,惠通科技,2026-06-30,11.0484,-3.3455,94
301602,超研股份,2025-12-31,10.7447,3.2932,122
301602,超研股份,2026-03-31,71.4456,60.7009,6
301602,超研股份,2026-06-30,68.7437,-2.7019,103
301603,乔锋智能,2025-12-31,23.0197,2.0024,149
301603,乔锋智能,2026-03-31,18.0965,-4.9232,2
301603,乔锋智能,2026-06-30,44.7477,26.6512,251
301606,绿联科技,2025-12-31,69.8766,19.7275,445
301606,绿联科技,2026-03-31,53.7940,-16.0826,19
301606,绿联科技,2026-06-30,56.9135,3.1195,391
301607,富特科技,2025-12-31,54.2915,10.4224,266
301607,富特科技,2026-03-31,38.2866,-16.0049,24
301607,富特科技,2026-06-30,31.4008,-6.8858,199
301608,博实结,2025-12-31,29.7666,5.7381,201
301608,博实结,2026-03-31,22.4999,-7.2667,10
301608,博实结,2026-06-30,29.4892,6.9893,219
301609,山大电力,2025-12-31,2.1147,0.2914,2261
301609,山大电力,2026-03-31,3.9246,1.8099,6
301609,山大电力,2026-06-30,1.6463,-2.2783,116
301611,珂玛科技,2025-12-31,33.9691,12.1680,343
301611,珂玛科技,2026-03-31,21.1346,-12.8345,28
301611,珂玛科技,2026-06-30,38.7767,17.6421,523
301613,新铝时代,2025-12-31,46.1296,45.3990,64
301613,新铝时代,2026-03-31,41.6588,-4.4708,1
301613,新铝时代,2026-06-30,43.1707,1.5119,56
301616,浙江华业,2025-12-31,8.1141,7.0397,22
301616,浙江华业,2026-03-31,33.2965,25.1824,0
301616,浙江华业,2026-06-30,34.4686,1.1721,26
301617,博苑新材,2025-12-31,60.9935,35.7053,117
301617,博苑新材,2026-03-31,43.7937,-17.1998,4
301617,博苑新材,2026-06-30,27.8894,-15.9043,57
301618,长联科技,2025-12-31,19.9016,-0.0712,10
301618,长联科技,2026-03-31,19.7276,-0.1740,0
301618,长联科技,2026-06-30,19.0236,-0.7040,3
301622,英思特,2025-12-31,23.2641,18.5798,119
301622,英思特,2026-03-31,12.7593,-10.5048,0
301622,英思特,2026-06-30,15.6595,2.9002,81
301626,苏州天脉,2025-12-31,36.2826,34.2866,129
301626,苏州天脉,2026-03-31,21.3516,-14.9310,4
301626,苏州天脉,2026-06-30,17.3366,-4.0150,162
301628,强达电路,2025-12-31,9.5787,8.4657,24
301628,强达电路,2026-03-31,4.2229,-5.3558,0
301628,强达电路,2026-06-30,2.1385,-2.0844,10
301629,矽电股份,2025-12-31,12.5014,5.7899,40
301629,矽电股份,2026-03-31,42.8192,30.3178,4
301629,矽电股份,2026-06-30,49.6006,6.7814,93
301630,同宇新材,2025-12-31,3.4136,-4.4237,10
301630,同宇新材,2026-03-31,2.7041,-0.7095,2
301630,同宇新材,2026-06-30,3.4770,0.7729,24
301631,壹连科技,2025-12-31,38.6099,35.6145,134
301631,壹连科技,2026-03-31,26.3792,-12.2307,1
301631,壹连科技,2026-06-30,36.6608,10.2816,190
301632,广东建科,2025-12-31,1.9929,1.3158,2202
301632,广东建科,2026-03-31,0.0009,-1.9920,1
301632,广东建科,2026-06-30,1.4814,1.4805,169
301633,港迪技术,2025-12-31,22.2956,19.5564,8
301633,港迪技术,2026-03-31,21.2406,-1.0550,0
301633,港迪技术,2026-06-30,28.0756,6.8350,19
301636,泽润新能,2025-12-31,0.5156,0.5110,233
301636,泽润新能,2026-03-31,5.7438,5.2282,1
301636,泽润新能,2026-06-30,33.1468,27.4030,135
301638,南网数字,2025-12-31,2.6276,,2467
301638,南网数字,2026-03-31,8.7132,6.0856,137
301638,南网数字,2026-06-30,5.7267,-2.9865,357
301656,联合动力,2025-12-31,3.9066,0.5236,2268
301656,联合动力,2026-03-31,1.7306,-2.1760,22
301656,联合动力,2026-06-30,4.8114,3.0808,288
301658,首航新能,2025-12-31,8.2126,5.8225,190
301658,首航新能,2026-03-31,11.5996,3.3870,7
301658,首航新能,2026-06-30,23.4876,11.8880,158
301662,宏工科技,2025-12-31,23.3902,4.4038,247
301662,宏工科技,2026-03-31,31.2491,7.8589,24
301662,宏工科技,2026-06-30,45.8241,14.5750,275
301665,泰禾股份,2025-12-31,6.7966,5.5222,209
301665,泰禾股份,2026-03-31,3.8841,-2.9125,3
301665,泰禾股份,2026-06-30,55.3976,51.5135,159
301666,大普微,2026-06-30,2.3755,,2599
301667,纳百川,2025-12-31,4.3949,,2500
301667,纳百川,2026-03-31,7.2303,2.8354,24
301667,纳百川,2026-06-30,7.3426,0.1123,547
301668,昊创瑞通,2025-12-31,4.2137,1.1877,2422
301668,昊创瑞通,2026-03-31,2.1159,-2.0978,3
301668,昊创瑞通,2026-06-30,5.2789,3.1630,181
301669,高特电子,2026-06-30,4.4051,,2805
301678,新恒汇,2025-12-31,5.8417,4.9835,368
301678,新恒汇,2026-03-31,4.0674,-1.7743,3
301678,新恒汇,2026-06-30,59.6113,55.5439,165
301680,固德电材,2026-03-31,2.0032,,42
301680,固德电材,2026-06-30,11.4129,9.4097,2488
301682,宏明电子,2026-03-31,0.3550,,173
301682,宏明电子,2026-06-30,1.9659,1.6109,2364
301683,慧谷新材,2026-03-31,0.0000,,338
301683,慧谷新材,2026-06-30,8.2706,8.2706,2745
301687,新广益,2025-12-31,4.9369,,2604
301687,新广益,2026-03-31,0.0018,-4.9351,4
301687,新广益,2026-06-30,15.7584,15.7566,2624
301696,三瑞智能,2026-03-31,0.0000,,208
301696,三瑞智能,2026-06-30,5.6615,5.6615,2815
302132,中航成飞,2025-12-31,63.4424,1.6172,497
302132,中航成飞,2026-03-31,57.3033,-6.1391,20
302132,中航成飞,2026-06-30,61.1825,3.8792,419
600000,浦发银行,2025-12-31,78.4117,3.2405,555
600000,浦发银行,2026-03-31,75.3781,-3.0336,33
600000,浦发银行,2026-06-30,76.2379,0.8598,513
600004,白云机场,2025-12-31,65.9884,3.5342,319
600004,白云机场,2026-03-31,63.2323,-2.7561,11
600004,白云机场,2026-06-30,64.0747,0.8424,260
600006,东风股份,2025-12-31,61.6696,0.3199,40
600006,东风股份,2026-03-31,60.6056,-1.0640,2
600006,东风股份,2026-06-30,61.0055,0.3999,51
600007,中国国贸,2025-12-31,87.8365,1.9416,270
600007,中国国贸,2026-03-31,86.6562,-1.1803,5
600007,中国国贸,2026-06-30,88.8289,2.1727,108
600008,首创环保,2025-12-31,53.7481,1.2103,288
600008,首创环保,2026-03-31,50.8662,-2.8819,8
600008,首创环保,2026-06-30,54.0519,3.1857,359
600009,上海机场,2025-12-31,69.4140,2.9654,410
600009,上海机场,2026-03-31,63.0255,-6.3885,19
600009,上海机场,2026-06-30,62.1214,-0.9041,305
600010,包钢股份,2025-12-31,47.3643,1.0768,312
600010,包钢股份,2026-03-31,44.1288,-3.2355,38
600010,包钢股份,2026-06-30,43.9299,-0.1989,323
600011,华能国际,2025-12-31,83.1348,4.6923,697
600011,华能国际,2026-03-31,77.4152,-5.7196,43
600011,华能国际,2026-06-30,77.7657,0.3505,533
600012,皖通高速,2025-12-31,87.4267,3.0079,216
600012,皖通高速,2026-03-31,84.8540,-2.5727,24
600012,皖通高速,2026-06-30,87.5946,2.7406,173
600015,华夏银行,2025-12-31,82.5147,4.0411,500
600015,华夏银行,2026-03-31,78.0468,-4.4679,35
600015,华夏银行,2026-06-30,80.0537,2.0069,500
600016,民生银行,2025-12-31,57.1549,4.8006,496
600016,民生银行,2026-03-31,51.4800,-5.6749,42
600016,民生银行,2026-06-30,52.0597,0.5797,422
600017,日照港,2025-12-31,55.7490,0.2756,61
600017,日照港,2026-03-31,53.2690,-2.4800,1
600017,日照港,2026-06-30,51.6943,-1.5747,32
600018,上港集团,2025-12-31,92.7535,1.3101,441
600018,上港集团,2026-03-31,88.9787,-3.7748,9
600018,上港集团,2026-06-30,89.5834,0.6047,451
600019,宝钢股份,2025-12-31,81.0121,3.5143,854
600019,宝钢股份,2026-03-31,75.0034,-6.0087,85
600019,宝钢股份,2026-06-30,77.4380,2.4346,684
600020,中原高速,2025-12-31,75.4749,1.0662,166
600020,中原高速,2026-03-31,73.1207,-2.3542,0
600020,中原高速,2026-06-30,75.0355,1.9148,66
600021,上海电力,2025-12-31,62.6936,1.2455,195
600021,上海电力,2026-03-31,61.8983,-0.7953,20
600021,上海电力,2026-06-30,60.5443,-1.3540,152
600022,山东钢铁,2025-12-31,62.0911,1.6731,63
600022,山东钢铁,2026-03-31,60.4253,-1.6658,1
600022,山东钢铁,2026-06-30,60.0610,-0.3643,41
600023,浙能电力,2025-12-31,84.8622,2.1192,327
600023,浙能电力,2026-03-31,83.4036,-1.4586,19
600023,浙能电力,2026-06-30,87.7464,4.3428,296
600025,华能水电,2025-12-31,92.6560,0.7089,310
600025,华能水电,2026-03-31,92.4421,-0.2139,13
600025,华能水电,2026-06-30,92.0282,-0.4139,348
600026,中远海能,2025-12-31,73.7506,1.4983,372
600026,中远海能,2026-03-31,73.7614,0.0108,90
600026,中远海能,2026-06-30,73.6201,-0.1413,758
600027,华电国际,2025-12-31,74.8983,3.3225,512
600027,华电国际,2026-03-31,64.4970,-10.4013,11
600027,华电国际,2026-06-30,70.4887,5.9917,399
600028,中国石化,2025-12-31,94.0203,1.9691,824
600028,中国石化,2026-03-31,92.4510,-1.5693,78
600028,中国石化,2026-06-30,91.3570,-1.0940,737
600029,南方航空,2025-12-31,87.0535,5.6138,605
600029,南方航空,2026-03-31,79.9533,-7.1002,38
600029,南方航空,2026-06-30,80.6703,0.7170,518
600030,中信证券,2025-12-31,48.8894,5.5627,1143
600030,中信证券,2026-03-31,40.4625,-8.4269,224
600030,中信证券,2026-06-30,42.6624,2.1999,1348
600031,三一重工,2025-12-31,58.1073,3.6740,1229
600031,三一重工,2026-03-31,53.0136,-5.0937,180
600031,三一重工,2026-06-30,57.4060,4.3924,1210
600032,浙江新能,2025-12-31,86.7917,1.7391,153
600032,浙江新能,2026-03-31,83.4419,-3.3498,7
600032,浙江新能,2026-06-30,83.4080,-0.0339,133
600033,福建高速,2025-12-31,62.5016,1.0743,113
600033,福建高速,2026-03-31,60.9793,-1.5223,5
600033,福建高速,2026-06-30,63.7822,2.8029,119
600035,楚天高速,2025-12-31,60.1694,-0.7768,40
600035,楚天高速,2026-03-31,60.3438,0.1744,1
600035,楚天高速,2026-06-30,59.8582,-0.4856,34
600036,招商银行,2025-12-31,64.3138,0.9868,1397
600036,招商银行,2026-03-31,60.3510,-3.9628,789
600036,招商银行,2026-06-30,58.8152,-1.5358,1250
600037,歌华有线,2025-12-31,45.1359,0.2815,61
600037,歌华有线,2026-03-31,43.3317,-1.8042,2
600037,歌华有线,2026-06-30,44.7255,1.3938,216
600038,中直股份,2025-12-31,59.9274,4.2678,332
600038,中直股份,2026-03-31,55.1895,-4.7379,18
600038,中直股份,2026-06-30,55.2802,0.0907,268
600039,四川路桥,2025-12-31,88.3931,6.5079,639
600039,四川路桥,2026-03-31,78.8816,-9.5115,56
600039,四川路桥,2026-06-30,81.2975,2.4159,445
600048,保利发展,2025-12-31,57.1259,0.9775,572
600048,保利发展,2026-03-31,51.0963,-6.0296,48
600048,保利发展,2026-06-30,53.0273,1.9310,584
600050,中国联通,2025-12-31,72.4972,5.5279,682
600050,中国联通,2026-03-31,67.4542,-5.0430,40
600050,中国联通,2026-06-30,69.5482,2.0940,586
600051,宁波联合,2025-12-31,34.4886,2.4519,82
600051,宁波联合,2026-03-31,33.7321,-0.7565,5
600051,宁波联合,2026-06-30,35.7394,2.0073,77
600052,东望时代,2025-12-31,41.6234,-0.1677,18
600052,东望时代,2026-03-31,41.1138,-0.5096,0
600052,东望时代,2026-06-30,41.5820,0.4682,12
600053,*ST九鼎,2025-12-31,74.1775,0.0071,11
600053,*ST九鼎,2026-03-31,74.2789,0.1014,0
600053,*ST九鼎,2026-06-30,73.5285,-0.7504,0
600054,黄山旅游,2025-12-31,61.0342,1.4056,46
600054,黄山旅游,2026-03-31,65.3566,4.3224,18
600054,黄山旅游,2026-06-30,63.1759,-2.1807,72
600055,万东医疗,2025-12-31,53.2354,1.9016,55
600055,万东医疗,2026-03-31,51.1587,-2.0767,3
600055,万东医疗,2026-06-30,52.4957,1.3370,66
600056,中国医药,2025-12-31,56.7487,0.6615,59
600056,中国医药,2026-03-31,55.4240,-1.3247,0
600056,中国医药,2026-06-30,53.5985,-1.8255,35
600057,厦门象屿,2025-12-31,76.6447,8.5931,411
600057,厦门象屿,2026-03-31,70.1339,-6.5108,52
600057,厦门象屿,2026-06-30,73.2863,3.1524,232
600058,五矿发展,2025-12-31,65.4249,0.1671,34
600058,五矿发展,2026-03-31,64.8249,-0.6000,0
600058,五矿发展,2026-06-30,63.5207,-1.3042,29
600059,古越龙山,2025-12-31,47.4535,1.4635,67
600059,古越龙山,2026-03-31,44.5929,-2.8606,4
600059,古越龙山,2026-06-30,45.1402,0.5473,70
600060,海信视像,2025-12-31,70.4048,4.1490,503
600060,海信视像,2026-03-31,61.6251,-8.7797,32
600060,海信视像,2026-06-30,71.5791,9.9540,500
600061,国投资本,2025-12-31,77.0096,2.9410,289
600061,国投资本,2026-03-31,72.5826,-4.4270,4
600061,国投资本,2026-06-30,73.1766,0.5940,260
600062,华润双鹤,2025-12-31,63.9457,1.3964,207
600062,华润双鹤,2026-03-31,62.8242,-1.1215,4
600062,华润双鹤,2026-06-30,62.6386,-0.1856,173
600063,皖维高新,2025-12-31,41.7065,4.6433,142
600063,皖维高新,2026-03-31,36.7776,-4.9289,10
600063,皖维高新,2026-06-30,35.3176,-1.4600,97
600064,南京高科,2025-12-31,47.6897,4.2051,251
600064,南京高科,2026-03-31,43.3222,-4.3675,25
600064,南京高科,2026-06-30,46.8287,3.5065,276
600066,宇通客车,2025-12-31,73.7478,6.6370,881
600066,宇通客车,2026-03-31,65.9070,-7.8408,166
600066,宇通客车,2026-06-30,71.1874,5.2804,805
600067,冠城新材,2025-12-31,39.6682,0.5816,54
600067,冠城新材,2026-03-31,38.9337,-0.7345,3
600067,冠城新材,2026-06-30,38.2584,-0.6753,24
600071,凤凰光学,2025-12-31,50.6777,0.6790,33
600071,凤凰光学,2026-03-31,50.0144,-0.6633,0
600071,凤凰光学,2026-06-30,50.1659,0.1515,21
600072,中船科技,2025-12-31,43.0438,-0.3329,25
600072,中船科技,2026-03-31,41.2169,-1.8269,2
600072,中船科技,2026-06-30,39.6030,-1.6139,58
600073,光明肉业,2025-12-31,41.5867,-0.0111,38
600073,光明肉业,2026-03-31,41.4577,-0.1290,2
600073,光明肉业,2026-06-30,39.9190,-1.5387,30
600075,新疆天业,2025-12-31,57.7180,2.6405,110
600075,新疆天业,2026-03-31,58.5699,0.8519,14
600075,新疆天业,2026-06-30,60.3993,1.8294,113
600076,康欣新材,2025-12-31,41.2813,0.9953,6
600076,康欣新材,2026-03-31,39.9457,-1.3356,0
600076,康欣新材,2026-06-30,39.9613,0.0156,2
600078,澄星股份,2025-12-31,43.7989,1.9520,32
600078,澄星股份,2026-03-31,42.5328,-1.2661,1
600078,澄星股份,2026-06-30,44.1188,1.5860,34
600079,ST人福,2025-12-31,39.9236,-0.2620,182
600079,ST人福,2026-03-31,35.4369,-4.4867,25
600079,ST人福,2026-06-30,33.2802,-2.1567,55
600080,ST金花,2025-12-31,4.1167,-1.3556,14
600080,ST金花,2026-03-31,3.0103,-1.1064,0
600080,ST金花,2026-06-30,3.7932,0.7829,0
600081,东风科技,2025-12-31,75.7819,0.5221,33
600081,东风科技,2026-03-31,75.2958,-0.4861,0
600081,东风科技,2026-06-30,76.2556,0.9598,55
600082,ST海泰,2025-12-31,32.4617,1.9616,84
600082,ST海泰,2026-03-31,33.1610,0.6993,0
600082,ST海泰,2026-06-30,32.8047,-0.3563,0
600084,*ST尼雅,2025-12-31,46.8460,0.0855,27
600084,*ST尼雅,2026-03-31,46.2480,-0.5980,2
600084,*ST尼雅,2026-06-30,45.7958,-0.4522,0
600085,同仁堂,2025-12-31,62.6240,1.3167,264
600085,同仁堂,2026-03-31,57.3670,-5.2570,7
600085,同仁堂,2026-06-30,58.4816,1.1146,282
600088,中视传媒,2025-12-31,57.0530,-0.2372,31
600088,中视传媒,2026-03-31,57.4163,0.3633,1
600088,中视传媒,2026-06-30,57.8071,0.3908,21
600089,特变电工,2025-12-31,44.5342,5.1861,552
600089,特变电工,2026-03-31,29.1680,-15.3662,91
600089,特变电工,2026-06-30,29.1152,-0.0528,540
600094,大名城,2025-12-31,28.8784,3.2681,69
600094,大名城,2026-03-31,26.8748,-2.0036,1
600094,大名城,2026-06-30,28.2713,1.3965,64
600095,湘财股份,2025-12-31,74.3608,1.8992,176
600095,湘财股份,2026-03-31,72.2020,-2.1588,4
600095,湘财股份,2026-06-30,73.6581,1.4561,148
600096,云天化,2025-12-31,54.2929,2.5299,767
600096,云天化,2026-03-31,48.9669,-5.3260,42
600096,云天化,2026-06-30,51.8852,2.9183,478
600097,开创国际,2025-12-31,47.8717,-6.9971,44
600097,开创国际,2026-03-31,45.5516,-2.3201,1
600097,开创国际,2026-06-30,47.5666,2.0150,61
600098,广州发展,2025-12-31,79.0430,1.4499,328
600098,广州发展,2026-03-31,76.7995,-2.2435,14
600098,广州发展,2026-06-30,78.9175,2.1180,275
600099,林海股份,2025-12-31,45.6421,2.1677,55
600099,林海股份,2026-03-31,46.6991,1.0570,6
600099,林海股份,2026-06-30,48.0276,1.3285,95
600100,同方股份,2025-12-31,38.6323,1.5804,220
600100,同方股份,2026-03-31,35.7037,-2.9286,12
600100,同方股份,2026-06-30,36.1655,0.4618,161
600101,明星电力,2025-12-31,33.2120,0.9596,25
600101,明星电力,2026-03-31,33.2028,-0.0092,4
600101,明星电力,2026-06-30,32.7358,-0.4670,28
600103,青山纸业,2025-12-31,30.4141,0.7379,9
600103,青山纸业,2026-03-31,27.9656,-2.4485,0
600103,青山纸业,2026-06-30,30.5266,2.5610,30
600104,上汽集团,2025-12-31,86.1366,2.0904,588
600104,上汽集团,2026-03-31,80.5811,-5.5555,79
600104,上汽集团,2026-06-30,80.1868,-0.3943,470
600105,永鼎股份,2025-12-31,38.4506,5.2449,198
600105,永鼎股份,2026-03-31,38.4937,0.0431,91
600105,永鼎股份,2026-06-30,47.7630,9.2693,815
600106,重庆路桥,2025-12-31,29.4486,-0.0069,20
600106,重庆路桥,2026-03-31,29.4064,-0.0422,0
600106,重庆路桥,2026-06-30,29.4332,0.0268,15
600107,*ST尔雅,2025-12-31,20.3858,-1.0036,0
600107,*ST尔雅,2026-03-31,20.3858,0.0000,0
600107,*ST尔雅,2026-06-30,20.3858,0.0000,0
600108,亚盛集团,2025-12-31,30.2762,0.7943,48
600108,亚盛集团,2026-03-31,33.7836,3.5074,4
600108,亚盛集团,2026-06-30,32.9675,-0.8161,41
600109,国金证券,2025-12-31,50.6332,1.9324,238
600109,国金证券,2026-03-31,47.0463,-3.5869,5
600109,国金证券,2026-06-30,51.9986,4.9523,268
600110,诺德股份,2025-12-31,33.0502,2.0879,30
600110,诺德股份,2026-03-31,34.3513,1.3011,9
600110,诺德股份,2026-06-30,36.9837,2.6324,51
600111,北方稀土,2025-12-31,52.6847,3.2172,520
600111,北方稀土,2026-03-31,50.7217,-1.9630,113
600111,北方稀土,2026-06-30,49.8347,-0.8870,602
600113,浙江东日,2025-12-31,50.4633,1.1700,46
600113,浙江东日,2026-03-31,49.8513,-0.6120,4
600113,浙江东日,2026-06-30,51.7952,1.9439,110
600114,东睦股份,2025-12-31,36.2072,2.2827,284
600114,东睦股份,2026-03-31,30.4055,-5.8017,22
600114,东睦股份,2026-06-30,33.0962,2.6907,175
600115,中国东航,2025-12-31,82.9963,8.1315,666
600115,中国东航,2026-03-31,73.5854,-9.4109,65
600115,中国东航,2026-06-30,77.6022,4.0168,548
600116,三峡水利,2025-12-31,57.9555,2.0273,88
600116,三峡水利,2026-03-31,55.9282,-2.0273,0
600116,三峡水利,2026-06-30,56.8114,0.8832,91
600117,西宁特钢,2025-12-31,71.1171,1.1935,7
600117,西宁特钢,2026-03-31,71.0668,-0.0503,0
600117,西宁特钢,2026-06-30,71.0809,0.0141,4
600118,中国卫星,2025-12-31,60.3845,5.6667,326
600118,中国卫星,2026-03-31,59.4135,-0.9710,66
600118,中国卫星,2026-06-30,59.2707,-0.1428,370
600119,*ST长投,2025-12-31,49.1097,-0.1897,3
600119,*ST长投,2026-03-31,51.3546,2.2449,2
600119,*ST长投,2026-06-30,52.3696,1.0150,0
600120,浙江东方,2025-12-31,53.5617,0.1085,83
600120,浙江东方,2026-03-31,52.0116,-1.5501,3
600120,浙江东方,2026-06-30,51.1415,-0.8701,42
600121,郑州煤电,2025-12-31,55.6605,0.5877,16
600121,郑州煤电,2026-03-31,54.9572,-0.7033,2
600121,郑州煤电,2026-06-30,56.2479,1.2907,19
600123,兰花科创,2025-12-31,54.7241,-3.0625,75
600123,兰花科创,2026-03-31,51.3068,-3.4173,5
600123,兰花科创,2026-06-30,56.6842,5.3774,141
600125,铁龙物流,2025-12-31,41.8327,2.9593,149
600125,铁龙物流,2026-03-31,39.2118,-2.6209,11
600125,铁龙物流,2026-06-30,38.9302,-0.2816,77
600126,杭钢股份,2025-12-31,66.5640,0.5693,144
600126,杭钢股份,2026-03-31,59.9821,-6.5819,4
600126,杭钢股份,2026-06-30,59.6167,-0.3654,93
600127,金健米业,2025-12-31,22.6162,0.9189,29
600127,金健米业,2026-03-31,23.5593,0.9431,1
600127,金健米业,2026-06-30,22.1372,-1.4221,7
600128,苏豪弘业,2025-12-31,32.9824,1.8774,78
600128,苏豪弘业,2026-03-31,32.1006,-0.8818,0
600128,苏豪弘业,2026-06-30,35.0003,2.8997,83
600129,太极集团,2025-12-31,47.3561,1.8339,71
600129,太极集团,2026-03-31,41.7687,-5.5874,2
600129,太极集团,2026-06-30,42.2827,0.5140,63
600130,波导股份,2025-12-31,18.6698,0.4668,0
600130,波导股份,2026-03-31,19.1937,0.5239,0
600130,波导股份,2026-06-30,18.6949,-0.4988,12
600131,国网信通,2025-12-31,71.4752,3.3093,249
600131,国网信通,2026-03-31,68.7338,-2.7414,7
600131,国网信通,2026-06-30,71.4062,2.6724,208
600132,重庆啤酒,2025-12-31,73.9566,4.5083,298
600132,重庆啤酒,2026-03-31,70.2831,-3.6735,36
600132,重庆啤酒,2026-06-30,73.0640,2.7809,248
600133,东湖高新,2025-12-31,23.0040,0.1413,32
600133,东湖高新,2026-03-31,21.0316,-1.9724,1
600133,东湖高新,2026-06-30,20.9836,-0.0480,27
600135,乐凯胶片,2025-12-31,46.5684,0.8837,10
600135,乐凯胶片,2026-03-31,46.8061,0.2377,0
600135,乐凯胶片,2026-06-30,47.5126,0.7065,39
600136,ST明诚,2025-12-31,51.8802,-2.1963,0
600136,ST明诚,2026-03-31,51.1961,-0.6841,0
600136,ST明诚,2026-06-30,48.8228,-2.3733,0
600137,浪莎股份,2025-12-31,59.5304,0.8980,33
600137,浪莎股份,2026-03-31,59.3063,-0.2241,4
600137,浪莎股份,2026-06-30,60.7039,1.3976,62
600138,中青旅,2025-12-31,27.5855,-0.0399,38
600138,中青旅,2026-03-31,26.3849,-1.2006,1
600138,中青旅,2026-06-30,26.2203,-0.1646,37
600141,兴发集团,2025-12-31,55.2192,10.4083,619
600141,兴发集团,2026-03-31,44.3212,-10.8980,52
600141,兴发集团,2026-06-30,48.1139,3.7927,558
600143,金发科技,2025-12-31,7.5210,1.7517,261
600143,金发科技,2026-03-31,5.4978,-2.0232,4
600143,金发科技,2026-06-30,10.8016,5.3038,271
600148,长春一东,2025-12-31,53.2312,1.6686,34
600148,长春一东,2026-03-31,50.4753,-2.7559,2
600148,长春一东,2026-06-30,52.7524,2.2771,94
600149,廊坊发展,2025-12-31,35.9910,0.5997,20
600149,廊坊发展,2026-03-31,35.7293,-0.2617,2
600149,廊坊发展,2026-06-30,38.4054,2.6761,44
600150,中国船舶,2025-12-31,55.2457,13.9595,856
600150,中国船舶,2026-03-31,57.5757,2.3300,112
600150,中国船舶,2026-06-30,61.8804,4.3047,1221
600151,航天机电,2025-12-31,40.3528,1.2117,34
600151,航天机电,2026-03-31,39.2833,-1.0695,9
600151,航天机电,2026-06-30,38.7281,-0.5552,41
600152,维科技术,2025-12-31,36.0017,0.3830,23
600152,维科技术,2026-03-31,38.3099,2.3082,1
600152,维科技术,2026-06-30,38.5101,0.2002,26
600153,建发股份,2025-12-31,65.2076,2.6949,383
600153,建发股份,2026-03-31,61.2568,-3.9508,33
600153,建发股份,2026-06-30,66.2848,5.0280,474
600155,华创云信,2025-12-31,42.4555,4.9156,101
600155,华创云信,2026-03-31,36.0952,-6.3603,5
600155,华创云信,2026-06-30,41.1859,5.0907,95
600156,华升股份,2025-12-31,40.4920,-0.2060,14
600156,华升股份,2026-03-31,40.8855,0.3935,0
600156,华升股份,2026-06-30,42.2694,1.3839,12
600157,永泰能源,2025-12-31,27.1897,1.7731,158
600157,永泰能源,2026-03-31,25.6637,-1.5260,18
600157,永泰能源,2026-06-30,26.5246,0.8609,186
600158,中体产业,2025-12-31,30.9865,1.8568,50
600158,中体产业,2026-03-31,28.5387,-2.4478,1
600158,中体产业,2026-06-30,30.9828,2.4441,69
600159,大龙地产,2025-12-31,52.4524,4.7518,56
600159,大龙地产,2026-03-31,52.8253,0.3729,2
600159,大龙地产,2026-06-30,50.5738,-2.2515,50
600160,巨化股份,2025-12-31,68.4018,4.4124,853
600160,巨化股份,2026-03-31,65.3497,-3.0521,82
600160,巨化股份,2026-06-30,63.2412,-2.1085,700
600161,天坛生物,2025-12-31,58.7792,3.3525,294
600161,天坛生物,2026-03-31,53.5698,-5.2094,5
600161,天坛生物,2026-06-30,55.2963,1.7265,212
600162,香江控股,2025-12-31,69.9769,-0.3605,24
600162,香江控股,2026-03-31,69.9926,0.0157,1
600162,香江控股,2026-06-30,70.0220,0.0294,13
600163,中闽能源,2025-12-31,72.5189,0.4002,73
600163,中闽能源,2026-03-31,70.2348,-2.2841,3
600163,中闽能源,2026-06-30,70.7739,0.5391,92
600165,宁科生物,2025-12-31,33.8416,4.6396,0
600165,宁科生物,2026-03-31,23.3288,-10.5128,0
600165,宁科生物,2026-06-30,23.3615,0.0327,0
600166,福田汽车,2025-12-31,56.2202,3.5817,431
600166,福田汽车,2026-03-31,53.0739,-3.1463,30
600166,福田汽车,2026-06-30,59.4854,6.4115,460
600167,联美控股,2025-12-31,81.5565,1.2701,38
600167,联美控股,2026-03-31,80.2864,-1.2701,0
600167,联美控股,2026-06-30,81.3228,1.0364,69
600168,武汉控股,2025-12-31,60.5939,0.2078,15
600168,武汉控股,2026-03-31,60.0803,-0.5136,2
600168,武汉控股,2026-06-30,60.5713,0.4910,29
600169,ST太重,2025-12-31,53.1223,-0.8497,1
600169,ST太重,2026-03-31,52.6597,-0.4626,0
600169,ST太重,2026-06-30,52.6597,0.0000,0
600170,上海建工,2025-12-31,52.1436,2.6224,234
600170,上海建工,2026-03-31,49.7575,-2.3861,5
600170,上海建工,2026-06-30,49.6285,-0.1290,221
600171,上海贝岭,2025-12-31,29.2364,1.1672,119
600171,上海贝岭,2026-03-31,26.6877,-2.5487,3
600171,上海贝岭,2026-06-30,27.5518,0.8641,139
600172,黄河旋风,2025-12-31,25.4043,0.0724,6
600172,黄河旋风,2026-03-31,25.2863,-0.1180,0
600172,黄河旋风,2026-06-30,25.3484,0.0621,12
600173,卧龙新能,2025-12-31,60.9170,-0.3995,13
600173,卧龙新能,2026-03-31,61.2722,0.3552,1
600173,卧龙新能,2026-06-30,61.1024,-0.1698,7
600176,中国巨石,2025-12-31,65.2072,2.7716,711
600176,中国巨石,2026-03-31,62.4298,-2.7774,157
600176,中国巨石,2026-06-30,66.9420,4.5122,1541
600177,雅戈尔,2025-12-31,64.6011,3.0819,366
600177,雅戈尔,2026-03-31,61.6259,-2.9752,44
600177,雅戈尔,2026-06-30,68.0025,6.3766,423
600178,东安动力,2025-12-31,51.2341,0.0498,14
600178,东安动力,2026-03-31,51.1347,-0.0994,0
600178,东安动力,2026-06-30,51.2994,0.1647,7
600179,安通控股,2025-12-31,54.3621,-0.2701,40
600179,安通控股,2026-03-31,54.8620,0.4999,0
600179,安通控股,2026-06-30,59.3939,4.5319,39
600180,*ST瑞茂,2025-12-31,60.6524,0.5316,28
600180,*ST瑞茂,2026-03-31,60.8483,0.1959,1
600180,*ST瑞茂,2026-06-30,59.4876,-1.3607,0
600182,S佳通,2025-12-31,0.7695,0.1205,11
600182,S佳通,2026-03-31,0.6372,-0.1323,0
600182,S佳通,2026-06-30,0.6409,0.0037,1
600183,生益科技,2025-12-31,70.9503,5.2901,1502
600183,生益科技,2026-03-31,59.8132,-11.1371,157
600183,生益科技,2026-06-30,67.5038,7.6906,1852
600184,光电股份,2025-12-31,62.7996,-0.7514,42
600184,光电股份,2026-03-31,58.4736,-4.3260,9
600184,光电股份,2026-06-30,58.4618,-0.0118,63
600185,珠免集团,2025-12-31,49.5600,2.2273,50
600185,珠免集团,2026-03-31,47.1420,-2.4180,3
600185,珠免集团,2026-06-30,46.3583,-0.7837,67
600186,莲花控股,2025-12-31,30.9883,2.9350,56
600186,莲花控股,2026-03-31,29.3500,-1.6383,6
600186,莲花控股,2026-06-30,32.8518,3.5018,160
600187,*ST国中,2025-12-31,17.8109,0.3700,8
600187,*ST国中,2026-03-31,21.3385,3.5276,0
600187,*ST国中,2026-06-30,17.9131,-3.4254,0
600188,兖矿能源,2025-12-31,82.4881,2.9326,507
600188,兖矿能源,2026-03-31,80.3142,-2.1739,130
600188,兖矿能源,2026-06-30,82.7234,2.4092,729
600189,泉阳泉,2025-12-31,39.3851,1.1803,18
600189,泉阳泉,2026-03-31,43.2583,3.8732,7
600189,泉阳泉,2026-06-30,49.8473,6.5890,121
600191,华资实业,2025-12-31,58.0330,-1.0261,16
600191,华资实业,2026-03-31,57.9911,-0.0419,0
600191,华资实业,2026-06-30,58.0280,0.0369,17
600192,长城电工,2025-12-31,41.8629,1.2211,3
600192,长城电工,2026-03-31,40.9983,-0.8646,0
600192,长城电工,2026-06-30,41.0447,0.0464,5
600195,中牧股份,2025-12-31,56.5819,3.0271,180
600195,中牧股份,2026-03-31,52.8681,-3.7138,2
600195,中牧股份,2026-06-30,54.6111,1.7430,79
600196,复星医药,2025-12-31,55.3313,3.0277,383
600196,复星医药,2026-03-31,51.3638,-3.9675,44
600196,复星医药,2026-06-30,52.0662,0.7024,442
600197,伊力特,2025-12-31,52.7666,1.1976,45
600197,伊力特,2026-03-31,51.0997,-1.6669,6
600197,伊力特,2026-06-30,46.0780,-5.0217,21
600198,大唐电信,2025-12-31,53.6970,0.1019,37
600198,大唐电信,2026-03-31,53.5667,-0.1303,2
600198,大唐电信,2026-06-30,53.9105,0.3438,18
600199,金种子酒,2025-12-31,36.8568,0.9159,35
600199,金种子酒,2026-03-31,36.5836,-0.2732,7
600199,金种子酒,2026-06-30,36.1556,-0.4280,11
600201,生物股份,2025-12-31,25.8870,-0.7688,89
600201,生物股份,2026-03-31,24.4535,-1.4335,21
600201,生物股份,2026-06-30,26.9300,2.4765,165
600202,哈空调,2025-12-31,37.0806,3.0084,42
600202,哈空调,2026-03-31,37.3550,0.2744,2
600202,哈空调,2026-06-30,38.7444,1.3894,54
600203,福日电子,2025-12-31,28.3293,0.7394,25
600203,福日电子,2026-03-31,27.2661,-1.0632,0
600203,福日电子,2026-06-30,30.4907,3.2246,71
600206,有研新材,2025-12-31,45.4424,3.8675,88
600206,有研新材,2026-03-31,42.8250,-2.6174,7
600206,有研新材,2026-06-30,45.4274,2.6024,137
600207,安彩高科,2025-12-31,59.5016,0.4785,24
600207,安彩高科,2026-03-31,59.0851,-0.4165,0
600207,安彩高科,2026-06-30,58.7417,-0.3434,10
600208,衢州发展,2025-12-31,45.9862,-0.5802,218
600208,衢州发展,2026-03-31,42.9931,-2.9931,8
600208,衢州发展,2026-06-30,42.9878,-0.0053,192
600210,紫江企业,2025-12-31,34.6347,4.1026,256
600210,紫江企业,2026-03-31,30.2117,-4.4230,11
600210,紫江企业,2026-06-30,31.6549,1.4432,137
600211,西藏药业,2025-12-31,64.4536,1.5711,68
600211,西藏药业,2026-03-31,63.6740,-0.7796,2
600211,西藏药业,2026-06-30,64.8779,1.2039,103
600212,绿能慧充,2025-12-31,19.4989,1.4971,91
600212,绿能慧充,2026-03-31,14.1044,-5.3945,1
600212,绿能慧充,2026-06-30,15.5285,1.4241,33
600215,派斯林,2025-12-31,32.7420,1.9063,25
600215,派斯林,2026-03-31,31.1474,-1.5946,4
600215,派斯林,2026-06-30,28.9816,-2.1658,17
600216,浙江医药,2025-12-31,48.5901,3.3524,128
600216,浙江医药,2026-03-31,47.6462,-0.9439,19
600216,浙江医药,2026-06-30,48.7886,1.1424,153
600217,中再资环,2025-12-31,46.0300,2.2072,33
600217,中再资环,2026-03-31,43.7987,-2.2313,0
600217,中再资环,2026-06-30,44.3871,0.5884,16
600218,全柴动力,2025-12-31,34.5093,0.1926,20
600218,全柴动力,2026-03-31,34.3167,-0.1926,0
600218,全柴动力,2026-06-30,35.2438,0.9271,74
600219,南山铝业,2025-12-31,62.9102,5.0926,553
600219,南山铝业,2026-03-31,55.7591,-7.1511,32
600219,南山铝业,2026-06-30,52.9444,-2.8147,469
600221,海航控股,2025-12-31,52.7487,13.5663,67
600221,海航控股,2026-03-31,51.9883,-0.7604,2
600221,海航控股,2026-06-30,53.3387,1.3504,203
600222,太龙药业,2025-12-31,25.0823,0.9849,24
600222,太龙药业,2026-03-31,24.1190,-0.9633,1
600222,太龙药业,2026-06-30,25.4056,1.2866,20
600223,福瑞达,2025-12-31,57.2595,1.3543,47
600223,福瑞达,2026-03-31,54.8384,-2.4211,0
600223,福瑞达,2026-06-30,55.3086,0.4702,37
600226,亨通股份,2025-12-31,43.6265,3.6416,30
600226,亨通股份,2026-03-31,40.6974,-2.9291,1
600226,亨通股份,2026-06-30,41.2443,0.5469,136
600227,赤天化,2025-12-31,19.6579,0.0000,0
600227,赤天化,2026-03-31,21.7755,2.1176,0
600227,赤天化,2026-06-30,22.4259,0.6504,7
600228,返利科技,2025-12-31,29.9905,-1.3801,0
600228,返利科技,2026-03-31,29.9690,-0.0215,0
600228,返利科技,2026-06-30,31.0114,1.0424,2
600229,城市传媒,2025-12-31,63.8262,0.4562,25
600229,城市传媒,2026-03-31,64.6678,0.8416,1
600229,城市传媒,2026-06-30,64.6355,-0.0323,26
600230,沧州大化,2025-12-31,54.8251,7.5360,102
600230,沧州大化,2026-03-31,52.8566,-1.9685,22
600230,沧州大化,2026-06-30,55.1681,2.3115,184
600231,凌钢股份,2025-12-31,77.9124,-0.5193,7
600231,凌钢股份,2026-03-31,76.7856,-1.1268,1
600231,凌钢股份,2026-06-30,76.7517,-0.0339,8
600232,金鹰股份,2025-12-31,52.7266,1.6101,18
600232,金鹰股份,2026-03-31,50.8825,-1.8441,0
600232,金鹰股份,2026-06-30,56.1300,5.2475,59
600233,圆通速递,2025-12-31,65.8240,4.2900,569
600233,圆通速递,2026-03-31,59.4202,-6.4038,80
600233,圆通速递,2026-06-30,62.7994,3.3792,753
600234,科新发展,2025-12-31,35.1338,0.0197,5
600234,科新发展,2026-03-31,33.1603,-1.9735,0
600234,科新发展,2026-06-30,33.4942,0.3339,11
600235,民丰特纸,2025-12-31,38.9061,2.6123,41
600235,民丰特纸,2026-03-31,37.9550,-0.9511,2
600235,民丰特纸,2026-06-30,40.7139,2.7589,64
600236,桂冠电力,2025-12-31,95.4423,0.5567,193
600236,桂冠电力,2026-03-31,94.9793,-0.4630,7
600236,桂冠电力,2026-06-30,96.3094,1.3301,174
600237,铜峰电子,2025-12-31,24.1319,-2.3648,26
600237,铜峰电子,2026-03-31,24.2811,0.1492,0
600237,铜峰电子,2026-06-30,25.7358,1.4547,22
600238,ST椰岛,2025-12-31,25.1349,-3.1126,0
600238,ST椰岛,2026-03-31,24.1174,-1.0175,0
600238,ST椰岛,2026-06-30,26.9518,2.8344,0
600239,ST云城,2025-12-31,43.0370,-0.1860,5
600239,ST云城,2026-03-31,43.1836,0.1466,1
600239,ST云城,2026-06-30,43.0749,-0.1087,0
600241,时代万恒,2025-12-31,56.6735,1.4478,29
600241,时代万恒,2026-03-31,56.0280,-0.6455,2
600241,时代万恒,2026-06-30,57.6843,1.6563,41
600243,*ST海华,2025-12-31,14.3403,0.0137,0
600243,*ST海华,2026-03-31,17.9933,3.6530,0
600243,*ST海华,2026-06-30,18.5914,0.5981,0
600246,万通发展,2025-12-31,45.3856,-1.2227,60
600246,万通发展,2026-03-31,28.7356,-16.6500,4
600246,万通发展,2026-06-30,34.3685,5.6329,206
600248,陕建股份,2025-12-31,74.2764,0.0066,38
600248,陕建股份,2026-03-31,73.2288,-1.0476,0
600248,陕建股份,2026-06-30,73.3337,0.1049,20
600249,两面针,2025-12-31,39.0010,1.5283,32
600249,两面针,2026-03-31,38.4794,-0.5216,2
600249,两面针,2026-06-30,37.9793,-0.5001,14
600250,南京商旅,2025-12-31,56.5372,1.3516,24
600250,南京商旅,2026-03-31,55.1385,-1.3987,1
600250,南京商旅,2026-06-30,55.7584,0.6199,27
600251,冠农股份,2025-12-31,48.8412,0.5196,58
600251,冠农股份,2026-03-31,49.0551,0.2139,6
600251,冠农股份,2026-06-30,49.3832,0.3281,116
600252,中恒集团,2025-12-31,35.1859,0.5086,57
600252,中恒集团,2026-03-31,33.5979,-1.5880,4
600252,中恒集团,2026-06-30,32.0229,-1.5750,30
600255,鑫科材料,2025-12-31,11.7076,0.5950,15
600255,鑫科材料,2026-03-31,11.1570,-0.5506,1
600255,鑫科材料,2026-06-30,12.4628,1.3058,20
600256,广汇能源,2025-12-31,44.4357,1.8924,163
600256,广汇能源,2026-03-31,48.0822,3.6465,83
600256,广汇能源,2026-06-30,53.5146,5.4324,364
600257,大湖股份,2025-12-31,30.0634,0.9022,27
600257,大湖股份,2026-03-31,31.1296,1.0662,0
600257,大湖股份,2026-06-30,34.2990,3.1694,50
600258,首旅酒店,2025-12-31,69.6287,6.5553,516
600258,首旅酒店,2026-03-31,58.7431,-10.8856,54
600258,首旅酒店,2026-06-30,62.3482,3.6051,352
600259,中稀有色,2025-12-31,49.3146,4.2239,137
600259,中稀有色,2026-03-31,48.0876,-1.2270,31
600259,中稀有色,2026-06-30,52.5688,4.4812,318
600261,阳光照明,2025-12-31,42.3099,-0.3302,32
600261,阳光照明,2026-03-31,41.9088,-0.4011,0
600261,阳光照明,2026-06-30,39.9145,-1.9943,22
600262,北方股份,2025-12-31,53.3240,10.5239,191
600262,北方股份,2026-03-31,43.8244,-9.4996,9
600262,北方股份,2026-06-30,45.1069,1.2825,84
600265,*ST景谷,2025-12-31,64.3051,-0.5000,0
600265,*ST景谷,2026-03-31,64.3051,0.0000,0
600265,*ST景谷,2026-06-30,64.5905,0.2854,0
600266,城建发展,2025-12-31,53.0841,-0.3958,142
600266,城建发展,2026-03-31,48.2007,-4.8834,2
600266,城建发展,2026-06-30,48.8816,0.6809,124
600267,海正药业,2025-12-31,43.7872,2.7528,205
600267,海正药业,2026-03-31,40.1646,-3.6226,9
600267,海正药业,2026-06-30,41.9168,1.7522,152
600268,国电南自,2025-12-31,59.6151,-2.2389,46
600268,国电南自,2026-03-31,61.2001,1.5850,5
600268,国电南自,2026-06-30,61.1648,-0.0353,61
600269,赣粤高速,2025-12-31,65.3519,3.3014,248
600269,赣粤高速,2026-03-31,61.7023,-3.6496,1
600269,赣粤高速,2026-06-30,62.1041,0.4018,84
600271,航天信息,2025-12-31,49.6215,-0.1562,47
600271,航天信息,2026-03-31,49.0961,-0.5254,1
600271,航天信息,2026-06-30,49.2290,0.1329,54
600272,开开实业,2025-12-31,45.4891,0.4400,3
600272,开开实业,2026-03-31,45.1149,-0.3742,0
600272,开开实业,2026-06-30,45.3823,0.2674,32
600273,嘉化能源,2025-12-31,50.3477,6.4372,248
600273,嘉化能源,2026-03-31,47.2269,-3.1208,14
600273,嘉化能源,2026-06-30,47.8602,0.6333,184
600276,恒瑞医药,2025-12-31,69.0508,3.3137,1576
600276,恒瑞医药,2026-03-31,61.5866,-7.4642,483
600276,恒瑞医药,2026-06-30,62.3516,0.7650,1441
600278,东方创业,2025-12-31,68.3391,0.6293,66
600278,东方创业,2026-03-31,68.4443,0.1052,1
600278,东方创业,2026-06-30,68.5051,0.0608,20
600279,重庆港,2025-12-31,66.5234,0.5997,33
600279,重庆港,2026-03-31,66.7162,0.1928,1
600279,重庆港,2026-06-30,66.2607,-0.4555,18
600280,中央商场,2025-12-31,16.2452,1.4889,3
600280,中央商场,2026-03-31,16.3970,0.1518,0
600280,中央商场,2026-06-30,16.3705,-0.0265,11
600281,华阳新材,2025-12-31,43.5863,-0.2895,7
600281,华阳新材,2026-03-31,44.4454,0.8591,0
600281,华阳新材,2026-06-30,44.8689,0.4235,25
600282,南钢股份,2025-12-31,75.9285,0.6496,448
600282,南钢股份,2026-03-31,72.0949,-3.8336,45
600282,南钢股份,2026-06-30,74.3545,2.2596,392
600283,钱江水利,2025-12-31,59.1337,0.6126,23
600283,钱江水利,2026-03-31,59.6247,0.4910,1
600283,钱江水利,2026-06-30,61.0429,1.4182,6
600284,浦东建设,2025-12-31,44.2424,0.3351,37
600284,浦东建设,2026-03-31,43.8602,-0.3822,1
600284,浦东建设,2026-06-30,41.5438,-2.3164,37
600285,羚锐制药,2025-12-31,38.6452,6.5376,219
600285,羚锐制药,2026-03-31,33.1753,-5.4699,36
600285,羚锐制药,2026-06-30,38.8708,5.6955,228
600287,苏豪时尚,2025-12-31,53.2301,0.3744,23
600287,苏豪时尚,2026-03-31,54.5418,1.3117,0
600287,苏豪时尚,2026-06-30,55.5165,0.9747,40
600288,大恒科技,2025-12-31,6.3908,1.3379,96
600288,大恒科技,2026-03-31,7.5252,1.1344,8
600288,大恒科技,2026-06-30,6.7912,-0.7340,94
600289,ST信通,2025-12-31,31.1632,0.0000,0
600289,ST信通,2026-03-31,31.1632,0.0000,0
600289,ST信通,2026-06-30,31.1632,0.0000,0
600292,电投水电,2025-12-31,20.8887,-32.9741,58
600292,电投水电,2026-03-31,19.8081,-1.0806,1
600292,电投水电,2026-06-30,18.3510,-1.4571,191
600293,三峡新材,2025-12-31,41.4165,2.3056,26
600293,三峡新材,2026-03-31,40.3370,-1.0795,2
600293,三峡新材,2026-06-30,39.1564,-1.1806,11
600295,鄂尔多斯,2025-12-31,86.4381,3.0762,301
600295,鄂尔多斯,2026-03-31,82.8075,-3.6306,21
600295,鄂尔多斯,2026-06-30,86.3262,3.5187,326
600298,安琪酵母,2025-12-31,60.6431,7.1703,574
600298,安琪酵母,2026-03-31,54.3501,-6.2930,90
600298,安琪酵母,2026-06-30,58.5838,4.2337,475
600299,安迪苏,2025-12-31,88.3806,0.7843,171
600299,安迪苏,2026-03-31,88.1817,-0.1989,25
600299,安迪苏,2026-06-30,82.3967,-5.7850,260
600300,维维股份,2025-12-31,36.2784,2.0923,123
600300,维维股份,2026-03-31,32.8380,-3.4404,1
600300,维维股份,2026-06-30,33.9356,1.0976,65
600301,华锡有色,2025-12-31,54.6217,9.7555,237
600301,华锡有色,2026-03-31,43.9189,-10.7028,25
600301,华锡有色,2026-06-30,44.3226,0.4037,226
600302,ST标准,2025-12-31,42.9174,-0.2383,9
600302,ST标准,2026-03-31,42.7709,-0.1465,0
600302,ST标准,2026-06-30,42.7709,0.0000,0
600303,曙光股份,2025-12-31,15.5433,0.5804,24
600303,曙光股份,2026-03-31,17.3828,1.8395,4
600303,曙光股份,2026-06-30,17.1972,-0.1856,26
600305,恒顺醋业,2025-12-31,52.2550,3.3297,72
600305,恒顺醋业,2026-03-31,49.2533,-3.0017,0
600305,恒顺醋业,2026-06-30,50.3090,1.0557,56
600307,酒钢宏兴,2025-12-31,60.0874,0.1556,14
600307,酒钢宏兴,2026-03-31,59.6872,-0.4002,1
600307,酒钢宏兴,2026-06-30,59.5755,-0.1117,9
600308,华泰股份,2025-12-31,41.5961,0.7178,25
600308,华泰股份,2026-03-31,41.7222,0.1261,0
600308,华泰股份,2026-06-30,43.0107,1.2885,16
600309,万华化学,2025-12-31,65.0598,6.5051,1427
600309,万华化学,2026-03-31,59.0633,-5.9965,398
600309,万华化学,2026-06-30,62.0753,3.0120,1522
600310,广西能源,2025-12-31,52.6017,0.1844,15
600310,广西能源,2026-03-31,53.1651,0.5634,2
600310,广西能源,2026-06-30,55.0218,1.8567,22
600312,平高电气,2025-12-31,59.2432,3.7749,394
600312,平高电气,2026-03-31,52.6120,-6.6312,9
600312,平高电气,2026-06-30,58.1716,5.5596,301
600313,农发种业,2025-12-31,45.5688,0.0739,59
600313,农发种业,2026-03-31,42.6631,-2.9057,4
600313,农发种业,2026-06-30,42.1403,-0.5228,28
600315,上海家化,2025-12-31,70.8365,3.1718,235
600315,上海家化,2026-03-31,66.0524,-4.7841,10
600315,上海家化,2026-06-30,66.7806,0.7282,83
600316,洪都航空,2025-12-31,60.1014,2.6910,286
600316,洪都航空,2026-03-31,56.6074,-3.4940,48
600316,洪都航空,2026-06-30,56.5101,-0.0973,333
600318,新力金融,2025-12-31,23.9307,0.3230,18
600318,新力金融,2026-03-31,24.1110,0.1803,0
600318,新力金融,2026-06-30,24.6475,0.5365,30
600319,亚星化学,2025-12-31,46.8698,1.0617,8
600319,亚星化学,2026-03-31,42.4053,-4.4645,0
600319,亚星化学,2026-06-30,43.4946,1.0893,31
600320,振华重工,2025-12-31,50.4699,2.4808,164
600320,振华重工,2026-03-31,48.0183,-2.4516,11
600320,振华重工,2026-06-30,51.4722,3.4539,212
600322,津投城开,2025-12-31,28.7649,0.6062,8
600322,津投城开,2026-03-31,28.1587,-0.6062,0
600322,津投城开,2026-06-30,29.0563,0.8976,6
600323,瀚蓝环境,2025-12-31,62.8711,6.4903,502
600323,瀚蓝环境,2026-03-31,58.1832,-4.6879,99
600323,瀚蓝环境,2026-06-30,61.9777,3.7945,505
600325,华发股份,2025-12-31,44.7301,4.2554,211
600325,华发股份,2026-03-31,39.6806,-5.0495,7
600325,华发股份,2026-06-30,38.6259,-1.0547,195
600326,西藏天路,2025-12-31,30.2352,0.6785,60
600326,西藏天路,2026-03-31,28.7808,-1.4544,6
600326,西藏天路,2026-06-30,28.7152,-0.0656,21
600327,大东方,2025-12-31,44.9770,-1.1583,22
600327,大东方,2026-03-31,45.4099,0.4329,0
600327,大东方,2026-06-30,45.2922,-0.1177,21
600328,中盐化工,2025-12-31,54.1195,2.3264,101
600328,中盐化工,2026-03-31,53.6519,-0.4676,7
600328,中盐化工,2026-06-30,51.0847,-2.5672,94
600329,达仁堂,2025-12-31,59.7480,0.1563,188
600329,达仁堂,2026-03-31,57.9976,-1.7504,5
600329,达仁堂,2026-06-30,60.0562,2.0586,177
600330,天通股份,2025-12-31,15.6540,1.6496,52
600330,天通股份,2026-03-31,13.8612,-1.7928,6
600330,天通股份,2026-06-30,18.0098,4.1486,190
600331,宏达股份,2025-12-31,40.8130,-1.2409,80
600331,宏达股份,2026-03-31,38.6347,-2.1783,13
600331,宏达股份,2026-06-30,38.2461,-0.3886,127
600332,白云山,2025-12-31,69.4946,3.4361,449
600332,白云山,2026-03-31,61.1414,-8.3532,13
600332,白云山,2026-06-30,61.8041,0.6627,320
600333,长春燃气,2025-12-31,61.4948,0.6672,24
600333,长春燃气,2026-03-31,60.1492,-1.3456,1
600333,长春燃气,2026-06-30,60.0185,-0.1307,39
600335,国机汽车,2025-12-31,72.6574,2.1879,142
600335,国机汽车,2026-03-31,70.9990,-1.6584,5
600335,国机汽车,2026-06-30,71.9231,0.9241,98
600336,澳柯玛,2025-12-31,41.9550,0.2401,13
600336,澳柯玛,2026-03-31,42.4697,0.5147,0
600336,澳柯玛,2026-06-30,42.0722,-0.3975,39
600337,ST美克,2025-12-31,51.0239,0.6249,7
600337,ST美克,2026-03-31,50.6573,-0.3666,2
600337,ST美克,2026-06-30,49.9372,-0.7201,1
600338,西藏珠峰,2025-12-31,20.6686,4.4831,53
600338,西藏珠峰,2026-03-31,17.5600,-3.1086,2
600338,西藏珠峰,2026-06-30,23.4161,5.8561,77
600339,中油工程,2025-12-31,78.7502,0.9118,143
600339,中油工程,2026-03-31,77.1847,-1.5655,2
600339,中油工程,2026-06-30,78.0331,0.8484,158
600340,*ST华幸,2025-12-31,41.4833,-0.1481,8
600340,*ST华幸,2026-03-31,41.5859,0.1026,1
600340,*ST华幸,2026-06-30,40.3660,-1.2199,0
600343,航天动力,2025-12-31,47.5991,1.3283,50
600343,航天动力,2026-03-31,47.3679,-0.2312,14
600343,航天动力,2026-06-30,46.4566,-0.9113,46
600345,长江通信,2025-12-31,47.6871,,44
600345,长江通信,2026-03-31,46.9593,-0.7278,14
600345,长江通信,2026-06-30,45.8399,-1.1194,97
600346,恒力石化,2025-12-31,71.4791,2.5241,625
600346,恒力石化,2026-03-31,69.0147,-2.4644,64
600346,恒力石化,2026-06-30,70.8138,1.7991,750
600348,华阳股份,2025-12-31,63.4410,1.0839,199
600348,华阳股份,2026-03-31,59.8345,-3.6065,11
600348,华阳股份,2026-06-30,63.0992,3.2647,260
600350,山东高速,2025-12-31,93.0857,2.7685,235
600350,山东高速,2026-03-31,91.3311,-1.7546,25
600350,山东高速,2026-06-30,93.7266,2.3955,259
600351,亚宝药业,2025-12-31,22.6332,1.9988,72
600351,亚宝药业,2026-03-31,20.7273,-1.9059,3
600351,亚宝药业,2026-06-30,24.9924,4.2651,104
600352,浙江龙盛,2025-12-31,21.1254,7.3439,546
600352,浙江龙盛,2026-03-31,17.1126,-4.0128,60
600352,浙江龙盛,2026-06-30,22.1279,5.0153,598
600353,旭光电子,2025-12-31,51.6499,3.3039,136
600353,旭光电子,2026-03-31,47.5131,-4.1368,11
600353,旭光电子,2026-06-30,58.0467,10.5336,201
600354,敦煌种业,2025-12-31,31.6412,3.0834,47
600354,敦煌种业,2026-03-31,31.4149,-0.2263,1
600354,敦煌种业,2026-06-30,30.9099,-0.5050,59
600356,恒丰纸业,2025-12-31,35.9043,-1.7674,80
600356,恒丰纸业,2026-03-31,34.5903,-1.3140,2
600356,恒丰纸业,2026-06-30,40.2739,5.6836,127
600358,国旅联合,2025-12-31,32.7222,-0.9297,0
600358,国旅联合,2026-03-31,32.7183,-0.0039,0
600358,国旅联合,2026-06-30,32.7603,0.0420,1
600359,新农开发,2025-12-31,42.1146,1.2917,41
600359,新农开发,2026-03-31,42.9873,0.8727,1
600359,新农开发,2026-06-30,44.5393,1.5520,54
600360,华微电子,2025-12-31,22.3188,0.0000,0
600360,华微电子,2026-03-31,22.3188,0.0000,0
600360,华微电子,2026-06-30,22.3188,0.0000,0
600361,创新新材,2025-12-31,46.9245,13.7702,196
600361,创新新材,2026-03-31,41.0659,-5.8586,10
600361,创新新材,2026-06-30,41.0684,0.0025,147
600362,江西铜业,2025-12-31,74.8030,5.2818,513
600362,江西铜业,2026-03-31,66.2366,-8.5664,39
600362,江西铜业,2026-06-30,67.0847,0.8481,598
600363,联创光电,2025-12-31,30.7483,4.4705,194
600363,联创光电,2026-03-31,24.2639,-6.4844,10
600363,联创光电,2026-06-30,26.8066,2.5427,181
600365,ST通葡,2025-12-31,16.0578,0.0000,0
600365,ST通葡,2026-03-31,16.0578,0.0000,0
600365,ST通葡,2026-06-30,16.1515,0.0937,0
600366,宁波韵升,2025-12-31,40.6439,3.6022,93
600366,宁波韵升,2026-03-31,38.2183,-2.4256,5
600366,宁波韵升,2026-06-30,40.7473,2.5290,129
600367,红星发展,2025-12-31,37.1188,3.9528,35
600367,红星发展,2026-03-31,35.5329,-1.5859,2
600367,红星发展,2026-06-30,35.7986,0.2657,63
600368,五洲交通,2025-12-31,52.7395,0.7792,32
600368,五洲交通,2026-03-31,53.3658,0.6263,1
600368,五洲交通,2026-06-30,52.7695,-0.5963,16
600369,西南证券,2025-12-31,69.1976,4.1129,195
600369,西南证券,2026-03-31,64.2639,-4.9337,2
600369,西南证券,2026-06-30,67.0435,2.7796,204
600370,*ST三房,2025-12-31,81.9396,-0.1283,8
600370,*ST三房,2026-03-31,79.6083,-2.3313,0
600370,*ST三房,2026-06-30,79.1850,-0.4233,0
600371,万向德农,2025-12-31,51.4908,2.0851,33
600371,万向德农,2026-03-31,52.4277,0.9369,3
600371,万向德农,2026-06-30,53.9687,1.5410,57
600372,中航机载,2025-12-31,64.5949,3.1547,493
600372,中航机载,2026-03-31,60.5713,-4.0236,32
600372,中航机载,2026-06-30,63.0430,2.4717,439
600373,中文传媒,2025-12-31,66.5456,2.8304,153
600373,中文传媒,2026-03-31,63.0368,-3.5088,5
600373,中文传媒,2026-06-30,65.1795,2.1427,78
600375,汉马科技,2025-12-31,31.6613,1.2927,1
600375,汉马科技,2026-03-31,26.8907,-4.7706,0
600375,汉马科技,2026-06-30,26.8445,-0.0462,18
600376,首开股份,2025-12-31,64.9922,-1.0530,9
600376,首开股份,2026-03-31,65.0792,0.0870,1
600376,首开股份,2026-06-30,59.3588,-5.7204,17
600377,宁沪高速,2025-12-31,90.8870,1.1602,315
600377,宁沪高速,2026-03-31,89.4660,-1.4210,14
600377,宁沪高速,2026-06-30,91.1482,1.6822,223
600378,昊华科技,2025-12-31,77.7460,3.3430,356
600378,昊华科技,2026-03-31,73.8732,-3.8728,10
600378,昊华科技,2026-06-30,66.4558,-7.4174,277
600379,宝光股份,2025-12-31,54.5119,-3.0498,20
600379,宝光股份,2026-03-31,54.1607,-0.3512,2
600379,宝光股份,2026-06-30,51.4850,-2.6757,21
600380,健康元,2025-12-31,59.3502,3.1470,295
600380,健康元,2026-03-31,56.9955,-2.3547,12
600380,健康元,2026-06-30,59.2559,2.2604,287
600381,*ST春天,2025-12-31,34.6334,0.0000,0
600381,*ST春天,2026-03-31,34.6334,0.0000,0
600381,*ST春天,2026-06-30,34.6334,0.0000,0
600382,广东明珠,2025-12-31,41.7252,-3.5572,66
600382,广东明珠,2026-03-31,39.3052,-2.4200,1
600382,广东明珠,2026-06-30,28.7617,-10.5435,16
600383,金地集团,2025-12-31,44.7161,-0.2048,114
600383,金地集团,2026-03-31,42.3181,-2.3980,11
600383,金地集团,2026-06-30,43.8148,1.4967,61
600386,北巴传媒,2025-12-31,55.8603,0.5255,84
600386,北巴传媒,2026-03-31,55.0207,-0.8396,1
600386,北巴传媒,2026-06-30,56.3395,1.3188,41
600388,紫金龙净,2025-12-31,49.5612,5.9860,239
600388,紫金龙净,2026-03-31,46.7329,-2.8283,21
600388,紫金龙净,2026-06-30,48.8131,2.0802,194
600389,江山股份,2025-12-31,53.2312,5.5508,196
600389,江山股份,2026-03-31,41.2626,-11.9686,43
600389,江山股份,2026-06-30,48.3407,7.0781,187
600390,五矿资本,2025-12-31,57.7989,0.5867,108
600390,五矿资本,2026-03-31,56.8262,-0.9727,1
600390,五矿资本,2026-06-30,57.3940,0.5678,149
600391,航发科技,2025-12-31,50.2669,7.7401,140
600391,航发科技,2026-03-31,48.0079,-2.2590,27
600391,航发科技,2026-06-30,50.8172,2.8093,189
600392,盛和资源,2025-12-31,31.2724,4.8620,341
600392,盛和资源,2026-03-31,26.2951,-4.9773,22
600392,盛和资源,2026-06-30,32.9376,6.6425,427
600395,盘江股份,2025-12-31,64.9335,1.9925,68
600395,盘江股份,2026-03-31,62.0301,-2.9034,4
600395,盘江股份,2026-06-30,65.3771,3.3470,168
600396,华电辽能,2025-12-31,59.2222,0.2549,12
600396,华电辽能,2026-03-31,59.5307,0.3085,2
600396,华电辽能,2026-06-30,57.8321,-1.6986,16
600397,江钨装备,2025-12-31,45.7414,3.1632,66
600397,江钨装备,2026-03-31,44.0439,-1.6975,7
600397,江钨装备,2026-06-30,49.7420,5.6981,135
600398,海澜之家,2025-12-31,72.7733,2.7249,475
600398,海澜之家,2026-03-31,67.7929,-4.9804,32
600398,海澜之家,2026-06-30,71.3483,3.5554,482
600399,抚顺特钢,2025-12-31,39.8290,2.6232,62
600399,抚顺特钢,2026-03-31,34.8161,-5.0129,7
600399,抚顺特钢,2026-06-30,33.1520,-1.6641,60
600400,红豆股份,2025-12-31,60.7400,-0.0320,9
600400,红豆股份,2026-03-31,61.3548,0.6148,0
600400,红豆股份,2026-06-30,62.4360,1.0812,13
600403,大有能源,2025-12-31,87.0572,0.7677,69
600403,大有能源,2026-03-31,85.7792,-1.2780,2
600403,大有能源,2026-06-30,86.8666,1.0874,34
600405,动力源,2025-12-31,0.5371,-0.1322,9
600405,动力源,2026-03-31,0.4926,-0.0445,0
600405,动力源,2026-06-30,0.2949,-0.1977,12
600406,国电南瑞,2025-12-31,77.0676,1.8190,747
600406,国电南瑞,2026-03-31,74.3288,-2.7388,72
600406,国电南瑞,2026-06-30,71.8714,-2.4574,582
600408,安泰集团,2025-12-31,2.2422,-1.3790,3
600408,安泰集团,2026-03-31,0.9781,-1.2641,1
600408,安泰集团,2026-06-30,2.6328,1.6547,13
600409,三友化工,2025-12-31,55.1256,3.8607,130
600409,三友化工,2026-03-31,53.3536,-1.7720,19
600409,三友化工,2026-06-30,61.5999,8.2463,199
600410,华胜天成,2025-12-31,1.9504,-2.5183,30
600410,华胜天成,2026-03-31,2.2520,0.3016,4
600410,华胜天成,2026-06-30,3.0723,0.8203,42
600415,小商品城,2025-12-31,72.7291,3.3110,920
600415,小商品城,2026-03-31,67.3002,-5.4289,33
600415,小商品城,2026-06-30,65.8023,-1.4979,508
600416,湘电股份,2025-12-31,50.6823,2.9690,96
600416,湘电股份,2026-03-31,42.9422,-7.7401,8
600416,湘电股份,2026-06-30,44.2104,1.2682,80
600418,江淮汽车,2025-12-31,40.6857,0.8923,434
600418,江淮汽车,2026-03-31,37.5818,-3.1039,82
600418,江淮汽车,2026-06-30,40.7149,3.1331,382
600419,天润乳业,2025-12-31,46.6069,4.3060,84
600419,天润乳业,2026-03-31,42.4643,-4.1426,4
600419,天润乳业,2026-06-30,46.5561,4.0918,129
600420,国药现代,2025-12-31,60.7438,1.8556,97
600420,国药现代,2026-03-31,58.3100,-2.4338,1
600420,国药现代,2026-06-30,58.5861,0.2761,56
600422,昆药集团,2025-12-31,49.5366,2.3314,68
600422,昆药集团,2026-03-31,42.6800,-6.8566,6
600422,昆药集团,2026-06-30,42.5687,-0.1113,39
600423,*ST柳化,2025-12-31,40.9086,2.8651,9
600423,*ST柳化,2026-03-31,36.6226,-4.2860,0
600423,*ST柳化,2026-06-30,36.4718,-0.1508,0
600425,青松建化,2025-12-31,31.3567,-2.1619,53
600425,青松建化,2026-03-31,40.3262,8.9695,2
600425,青松建化,2026-06-30,40.8460,0.5198,73
600426,华鲁恒升,2025-12-31,61.5004,9.7968,1084
600426,华鲁恒升,2026-03-31,52.6688,-8.8316,280
600426,华鲁恒升,2026-06-30,58.2024,5.5336,1042
600428,中远海特,2025-12-31,61.3652,4.5447,301
600428,中远海特,2026-03-31,59.2592,-2.1060,33
600428,中远海特,2026-06-30,65.4701,6.2109,269
600429,三元股份,2025-12-31,72.4509,-2.3052,58
600429,三元股份,2026-03-31,73.8525,1.4016,13
600429,三元股份,2026-06-30,75.1376,1.2851,106
600433,冠豪高新,2025-12-31,46.6776,-0.3908,27
600433,冠豪高新,2026-03-31,45.3204,-1.3572,2
600433,冠豪高新,2026-06-30,45.6151,0.2947,50
600435,北方导航,2025-12-31,48.1642,1.4006,202
600435,北方导航,2026-03-31,46.3470,-1.8172,9
600435,北方导航,2026-06-30,47.1649,0.8179,139
600436,片仔癀,2025-12-31,65.6151,2.6704,322
600436,片仔癀,2026-03-31,62.0294,-3.5857,23
600436,片仔癀,2026-06-30,62.7295,0.7001,335
600438,通威股份,2025-12-31,60.8338,0.9449,594
600438,通威股份,2026-03-31,55.5377,-5.2961,43
600438,通威股份,2026-06-30,57.2576,1.7199,414
600439,ST瑞贝卡,2025-12-31,29.5601,0.8991,11
600439,ST瑞贝卡,2026-03-31,28.9947,-0.5654,0
600439,ST瑞贝卡,2026-06-30,28.4714,-0.5233,8
600444,国机通用,2025-12-31,46.7021,1.0329,18
600444,国机通用,2026-03-31,46.1438,-0.5583,1
600444,国机通用,2026-06-30,49.5928,3.4490,59
600446,金证股份,2025-12-31,7.3322,1.6600,96
600446,金证股份,2026-03-31,4.0465,-3.2857,2
600446,金证股份,2026-06-30,4.4476,0.4011,72
600448,华纺股份,2025-12-31,25.1012,1.7066,42
600448,华纺股份,2026-03-31,24.5489,-0.5523,1
600448,华纺股份,2026-06-30,24.5998,0.0509,46
600449,宁夏建材,2025-12-31,51.3614,0.9784,84
600449,宁夏建材,2026-03-31,51.6384,0.2770,2
600449,宁夏建材,2026-06-30,52.2019,0.5635,56
600452,涪陵电力,2025-12-31,49.8784,0.7507,41
600452,涪陵电力,2026-03-31,49.2566,-0.6218,7
600452,涪陵电力,2026-06-30,51.3976,2.1410,118
600455,博通股份,2025-12-31,25.8467,3.7039,72
600455,博通股份,2026-03-31,22.5890,-3.2577,2
600455,博通股份,2026-06-30,28.3541,5.7651,110
600456,宝钛股份,2025-12-31,57.3214,1.3488,97
600456,宝钛股份,2026-03-31,54.8113,-2.5101,10
600456,宝钛股份,2026-06-30,54.9222,0.1109,82
600458,时代新材,2025-12-31,54.2868,3.7008,138
600458,时代新材,2026-03-31,48.1301,-6.1567,3
600458,时代新材,2026-06-30,51.4827,3.3526,169
600459,贵研铂业,2025-12-31,43.6103,0.6604,132
600459,贵研铂业,2026-03-31,40.7055,-2.9048,3
600459,贵研铂业,2026-06-30,41.5845,0.8790,60
600460,士兰微,2025-12-31,45.6982,2.9139,304
600460,士兰微,2026-03-31,40.9127,-4.7855,8
600460,士兰微,2026-06-30,46.1033,5.1906,610
600461,洪城环境,2025-12-31,64.6250,10.3631,292
600461,洪城环境,2026-03-31,59.5679,-5.0571,18
600461,洪城环境,2026-06-30,67.5095,7.9416,232
600463,空港股份,2025-12-31,60.4324,-0.0785,11
600463,空港股份,2026-03-31,59.5527,-0.8797,0
600463,空港股份,2026-06-30,61.1366,1.5839,37
600467,好当家,2025-12-31,38.4822,-1.2774,16
600467,好当家,2026-03-31,38.0708,-0.4114,0
600467,好当家,2026-06-30,36.9863,-1.0845,26
600468,百利电气,2025-12-31,57.5151,-1.3970,14
600468,百利电气,2026-03-31,57.7303,0.2152,2
600468,百利电气,2026-06-30,57.0775,-0.6528,23
600469,风神股份,2025-12-31,65.5802,3.5216,95
600469,风神股份,2026-03-31,67.9353,2.3551,9
600469,风神股份,2026-06-30,66.0971,-1.8382,64
600470,六国化工,2025-12-31,27.4524,0.9085,22
600470,六国化工,2026-03-31,26.7301,-0.7223,0
600470,六国化工,2026-06-30,26.8009,0.0708,8
600475,华光环能,2025-12-31,78.3007,0.3832,67
600475,华光环能,2026-03-31,76.4477,-1.8530,1
600475,华光环能,2026-06-30,75.8634,-0.5843,61
600476,*ST湘邮,2025-12-31,43.3756,1.2210,24
600476,*ST湘邮,2026-03-31,45.4347,2.0591,0
600476,*ST湘邮,2026-06-30,44.7145,-0.7202,0
600477,杭萧钢构,2025-12-31,2.7084,-0.2710,19
600477,杭萧钢构,2026-03-31,2.5461,-0.1623,0
600477,杭萧钢构,2026-06-30,2.7008,0.1547,32
600478,科力远,2025-12-31,31.4368,4.9993,162
600478,科力远,2026-03-31,27.0828,-4.3540,5
600478,科力远,2026-06-30,27.2142,0.1314,52
600479,千金药业,2025-12-31,36.7479,1.2319,159
600479,千金药业,2026-03-31,37.1824,0.4345,7
600479,千金药业,2026-06-30,36.9967,-0.1857,64
600480,凌云股份,2025-12-31,53.3123,-0.3210,130
600480,凌云股份,2026-03-31,50.2053,-3.1070,5
600480,凌云股份,2026-06-30,47.2912,-2.9141,81
600481,双良节能,2025-12-31,50.1553,0.6010,54
600481,双良节能,2026-03-31,45.4531,-4.7022,4
600481,双良节能,2026-06-30,43.6473,-1.8058,19
600482,中国动力,2025-12-31,65.8868,4.2851,471
600482,中国动力,2026-03-31,61.2927,-4.5941,105
600482,中国动力,2026-06-30,65.1510,3.8583,904
600483,福能股份,2025-12-31,74.4118,1.8357,257
600483,福能股份,2026-03-31,71.6590,-2.7528,5
600483,福能股份,2026-06-30,80.7040,9.0450,274
600486,扬农化工,2025-12-31,66.4444,5.7869,542
600486,扬农化工,2026-03-31,58.4747,-7.9697,70
600486,扬农化工,2026-06-30,59.8469,1.3722,413
600487,亨通光电,2025-12-31,40.7206,5.6869,724
600487,亨通光电,2026-03-31,43.9406,3.2200,316
600487,亨通光电,2026-06-30,42.2760,-1.6646,1220
600488,津药药业,2025-12-31,58.2165,0.0610,46
600488,津药药业,2026-03-31,57.3431,-0.8734,0
600488,津药药业,2026-06-30,58.3630,1.0199,9
600489,中金黄金,2025-12-31,68.9002,5.7422,889
600489,中金黄金,2026-03-31,62.2495,-6.6507,183
600489,中金黄金,2026-06-30,62.9721,0.7226,963
600490,鹏欣资源,2025-12-31,32.5685,1.3907,89
600490,鹏欣资源,2026-03-31,30.9539,-1.6146,4
600490,鹏欣资源,2026-06-30,34.8500,3.8961,94
600491,ST龙元,2025-12-31,10.3230,-0.5891,9
600491,ST龙元,2026-03-31,10.5863,0.2633,0
600491,ST龙元,2026-06-30,8.4000,-2.1863,0
600493,凤竹纺织,2025-12-31,2.1750,1.2699,19
600493,凤竹纺织,2026-03-31,2.4078,0.2328,4
600493,凤竹纺织,2026-06-30,6.7812,4.3734,67
600495,晋西车轴,2025-12-31,32.2086,0.7905,19
600495,晋西车轴,2026-03-31,32.1393,-0.0693,0
600495,晋西车轴,2026-06-30,32.1354,-0.0039,11
600496,精工钢构,2025-12-31,51.1103,9.4159,249
600496,精工钢构,2026-03-31,44.2679,-6.8424,15
600496,精工钢构,2026-06-30,45.1980,0.9301,156
600497,驰宏锌锗,2025-12-31,49.0431,4.2409,351
600497,驰宏锌锗,2026-03-31,44.5075,-4.5356,11
600497,驰宏锌锗,2026-06-30,47.5781,3.0706,387
600498,烽火通信,2025-12-31,49.9349,-0.6184,343
600498,烽火通信,2026-03-31,50.6713,0.7364,120
600498,烽火通信,2026-06-30,51.4445,0.7732,560
600499,科达制造,2025-12-31,33.2854,7.8253,484
600499,科达制造,2026-03-31,27.7587,-5.5267,69
600499,科达制造,2026-06-30,34.9845,7.2258,658
600500,中化国际,2025-12-31,59.9580,-0.4560,21
600500,中化国际,2026-03-31,59.9527,-0.0053,1
600500,中化国际,2026-06-30,61.3670,1.4143,116
600501,航天晨光,2025-12-31,47.6838,-0.5967,18
600501,航天晨光,2026-03-31,46.7919,-0.8919,0
600501,航天晨光,2026-06-30,47.1025,0.3106,43
600502,安徽建工,2025-12-31,53.3849,8.0429,129
600502,安徽建工,2026-03-31,52.3545,-1.0304,41
600502,安徽建工,2026-06-30,57.9826,5.6281,309
600503,华丽家族,2025-12-31,14.7844,1.9544,13
600503,华丽家族,2026-03-31,15.7073,0.9229,1
600503,华丽家族,2026-06-30,11.5333,-4.1740,7
600505,西昌电力,2025-12-31,56.8047,0.6518,11
600505,西昌电力,2026-03-31,57.2461,0.4414,1
600505,西昌电力,2026-06-30,57.1275,-0.1186,8
600506,统一股份,2025-12-31,41.5944,17.2289,15
600506,统一股份,2026-03-31,41.5935,-0.0009,0
600506,统一股份,2026-06-30,42.6902,1.0967,29
600507,方大特钢,2025-12-31,56.5818,6.9061,257
600507,方大特钢,2026-03-31,49.3418,-7.2400,14
600507,方大特钢,2026-06-30,54.3221,4.9803,166
600508,上海能源,2025-12-31,73.7344,1.4623,49
600508,上海能源,2026-03-31,71.3556,-2.3788,2
600508,上海能源,2026-06-30,71.8747,0.5191,94
600509,天富能源,2025-12-31,37.8309,-0.2862,32
600509,天富能源,2026-03-31,36.7384,-1.0925,2
600509,天富能源,2026-06-30,38.6292,1.8908,93
600510,黑牡丹,2025-12-31,62.2699,0.6103,32
600510,黑牡丹,2026-03-31,62.6564,0.3865,1
600510,黑牡丹,2026-06-30,62.7015,0.0451,48
600511,国药股份,2025-12-31,62.3672,3.2620,296
600511,国药股份,2026-03-31,60.2572,-2.1100,12
600511,国药股份,2026-06-30,63.9225,3.6653,272
600512,腾达建设,2025-12-31,2.4290,0.8747,55
600512,腾达建设,2026-03-31,0.6487,-1.7803,0
600512,腾达建设,2026-06-30,0.3770,-0.2717,20
600513,联环药业,2025-12-31,42.9743,-0.6517,16
600513,联环药业,2026-03-31,42.7590,-0.2153,0
600513,联环药业,2026-06-30,45.0412,2.2822,29
600515,海南机场,2025-12-31,58.1882,2.1964,205
600515,海南机场,2026-03-31,55.6815,-2.5067,7
600515,海南机场,2026-06-30,55.1996,-0.4819,270
600516,方大炭素,2025-12-31,48.2597,7.7220,160
600516,方大炭素,2026-03-31,47.4753,-0.7844,8
600516,方大炭素,2026-06-30,47.6485,0.1732,184
600517,国网英大,2025-12-31,83.4005,1.2101,248
600517,国网英大,2026-03-31,82.6736,-0.7269,7
600517,国网英大,2026-06-30,83.2862,0.6126,176
600518,康美药业,2025-12-31,33.3109,-0.7401,12
600518,康美药业,2026-03-31,33.6057,0.2948,1
600518,康美药业,2026-06-30,33.0980,-0.5077,3
600519,贵州茅台,2025-12-31,74.2198,-0.1149,1647
600519,贵州茅台,2026-03-31,72.6089,-1.6109,1355
600519,贵州茅台,2026-06-30,70.8634,-1.7455,1697
600520,三佳科技,2025-12-31,23.6321,0.3535,18
600520,三佳科技,2026-03-31,25.1021,1.4700,3
600520,三佳科技,2026-06-30,28.5446,3.4425,20
600521,华海药业,2025-12-31,11.8572,2.1466,292
600521,华海药业,2026-03-31,5.3894,-6.4678,5
600521,华海药业,2026-06-30,8.0522,2.6628,238
600522,中天科技,2025-12-31,45.0719,6.2850,670
600522,中天科技,2026-03-31,50.4030,5.3311,145
600522,中天科技,2026-06-30,44.3199,-6.0831,987
600523,贵航股份,2025-12-31,51.8695,-0.2330,26
600523,贵航股份,2026-03-31,51.4214,-0.4481,0
600523,贵航股份,2026-06-30,52.4422,1.0208,47
600525,长园集团,2025-12-31,30.7647,-1.3628,0
600525,长园集团,2026-03-31,30.8344,0.0697,0
600525,长园集团,2026-06-30,29.3211,-1.5133,0
600526,菲达环保,2025-12-31,49.7318,13.9254,62
600526,菲达环保,2026-03-31,49.9579,0.2261,4
600526,菲达环保,2026-06-30,48.3433,-1.6146,41
600527,江南高纤,2025-12-31,10.9789,0.0300,5
600527,江南高纤,2026-03-31,12.0596,1.0807,0
600527,江南高纤,2026-06-30,10.7633,-1.2963,10
600528,中铁工业,2025-12-31,65.9365,2.0124,144
600528,中铁工业,2026-03-31,63.2199,-2.7166,3
600528,中铁工业,2026-06-30,64.1352,0.9153,88
600529,山东药玻,2025-12-31,30.4477,1.8530,181
600529,山东药玻,2026-03-31,25.7345,-4.7132,10
600529,山东药玻,2026-06-30,27.3215,1.5870,164
600530,ST交昂,2025-12-31,59.9556,0.3872,11
600530,ST交昂,2026-03-31,59.7912,-0.1644,1
600530,ST交昂,2026-06-30,59.0805,-0.7107,21
600531,豫光金铅,2025-12-31,38.7804,-2.0690,92
600531,豫光金铅,2026-03-31,37.0785,-1.7019,8
600531,豫光金铅,2026-06-30,36.0239,-1.0546,82
600533,栖霞建设,2025-12-31,45.6834,1.5717,59
600533,栖霞建设,2026-03-31,45.2647,-0.4187,1
600533,栖霞建设,2026-06-30,45.2873,0.0226,47
600535,天士力,2025-12-31,58.6757,3.2285,316
600535,天士力,2026-03-31,54.2610,-4.4147,6
600535,天士力,2026-06-30,59.5985,5.3375,484
600536,中国软件,2025-12-31,45.3008,2.1132,227
600536,中国软件,2026-03-31,41.4520,-3.8488,5
600536,中国软件,2026-06-30,42.6563,1.2043,204
600537,*ST亿晶,2025-12-31,1.4417,-3.1790,4
600537,*ST亿晶,2026-03-31,6.7569,5.3152,0
600537,*ST亿晶,2026-06-30,1.4496,-5.3073,0
600538,国发股份,2025-12-31,6.3014,1.0326,6
600538,国发股份,2026-03-31,8.5543,2.2529,0
600538,国发股份,2026-06-30,11.0815,2.5272,1
600539,狮头股份,2025-12-31,42.1994,1.0158,16
600539,狮头股份,2026-03-31,43.5763,1.3769,0
600539,狮头股份,2026-06-30,43.1515,-0.4248,8
600540,新赛股份,2025-12-31,49.8127,-1.9907,35
600540,新赛股份,2026-03-31,46.5469,-3.2658,0
600540,新赛股份,2026-06-30,42.8919,-3.6550,40
600543,*ST莫高,2025-12-31,39.5117,1.7687,17
600543,*ST莫高,2026-03-31,39.8195,0.3078,1
600543,*ST莫高,2026-06-30,41.6186,1.7991,0
600545,卓郎智能,2025-12-31,53.3553,0.2777,8
600545,卓郎智能,2026-03-31,52.7028,-0.6525,0
600545,卓郎智能,2026-06-30,52.1848,-0.5180,9
600546,山煤国际,2025-12-31,71.8396,4.4885,273
600546,山煤国际,2026-03-31,68.5440,-3.2956,51
600546,山煤国际,2026-06-30,76.7531,8.2091,515
600547,山东黄金,2025-12-31,75.0469,4.9880,1009
600547,山东黄金,2026-03-31,66.1665,-8.8804,182
600547,山东黄金,2026-06-30,66.8070,0.6405,736
600548,深高速,2025-12-31,87.2988,-0.8967,46
600548,深高速,2026-03-31,88.2866,0.9878,2
600548,深高速,2026-06-30,89.0209,0.7343,23
600549,厦门钨业,2025-12-31,60.3224,10.4374,897
600549,厦门钨业,2026-03-31,53.3063,-7.0161,128
600549,厦门钨业,2026-06-30,60.1343,6.8280,1275
600550,保变电气,2025-12-31,58.4628,0.4275,30
600550,保变电气,2026-03-31,58.8544,0.3916,3
600550,保变电气,2026-06-30,58.3912,-0.4632,58
600551,时代出版,2025-12-31,67.8978,-0.0096,28
600551,时代出版,2026-03-31,68.6647,0.7669,1
600551,时代出版,2026-06-30,70.7756,2.1109,53
600552,凯盛科技,2025-12-31,35.7123,-1.3981,124
600552,凯盛科技,2026-03-31,34.3438,-1.3685,3
600552,凯盛科技,2026-06-30,34.1780,-0.1658,117
600556,天下秀,2025-12-31,41.4361,0.8325,40
600556,天下秀,2026-03-31,40.2503,-1.1858,0
600556,天下秀,2026-06-30,40.5233,0.2730,58
600557,康缘药业,2025-12-31,47.6948,2.0754,81
600557,康缘药业,2026-03-31,45.0484,-2.6464,1
600557,康缘药业,2026-06-30,43.0318,-2.0166,58
600558,大西洋,2025-12-31,35.1647,0.5671,50
600558,大西洋,2026-03-31,34.7656,-0.3991,5
600558,大西洋,2026-06-30,35.3413,0.5757,63
600559,老白干酒,2025-12-31,39.6433,3.1631,70
600559,老白干酒,2026-03-31,36.2906,-3.3527,3
600559,老白干酒,2026-06-30,38.6918,2.4012,81
600560,金自天正,2025-12-31,50.2625,1.0486,41
600560,金自天正,2026-03-31,48.8240,-1.4385,2
600560,金自天正,2026-06-30,48.3068,-0.5172,21
600561,江西长运,2025-12-31,44.7190,1.1269,51
600561,江西长运,2026-03-31,43.8726,-0.8464,1
600561,江西长运,2026-06-30,47.4407,3.5681,82
600562,国睿科技,2025-12-31,77.7112,1.8237,290
600562,国睿科技,2026-03-31,71.7249,-5.9863,27
600562,国睿科技,2026-06-30,75.8782,4.1533,264
600563,法拉电子,2025-12-31,62.7235,1.0060,380
600563,法拉电子,2026-03-31,55.4886,-7.2349,22
600563,法拉电子,2026-06-30,61.8404,6.3518,464
600566,济川药业,2025-12-31,69.8687,8.7945,312
600566,济川药业,2026-03-31,65.5317,-4.3370,20
600566,济川药业,2026-06-30,72.1590,6.6273,348
600567,山鹰国际,2025-12-31,23.3344,-1.4512,13
600567,山鹰国际,2026-03-31,22.6265,-0.7079,1
600567,山鹰国际,2026-06-30,23.2804,0.6539,12
600568,ST中珠,2025-12-31,33.6412,0.0000,0
600568,ST中珠,2026-03-31,39.0040,5.3628,0
600568,ST中珠,2026-06-30,38.4430,-0.5610,0
600569,安阳钢铁,2025-12-31,70.6095,0.7932,50
600569,安阳钢铁,2026-03-31,69.3134,-1.2961,1
600569,安阳钢铁,2026-06-30,68.5974,-0.7160,7
600570,恒生电子,2025-12-31,35.9067,3.0161,474
600570,恒生电子,2026-03-31,29.0587,-6.8480,41
600570,恒生电子,2026-06-30,31.7144,2.6557,465
600571,信雅达,2025-12-31,21.8144,0.6885,56
600571,信雅达,2026-03-31,20.8558,-0.9586,2
600571,信雅达,2026-06-30,22.0527,1.1969,43
600572,康恩贝,2025-12-31,42.4682,4.1038,282
600572,康恩贝,2026-03-31,35.6805,-6.7877,14
600572,康恩贝,2026-06-30,38.6337,2.9532,121
600573,惠泉啤酒,2025-12-31,52.3624,2.2846,47
600573,惠泉啤酒,2026-03-31,53.7556,1.3932,2
600573,惠泉啤酒,2026-06-30,54.1727,0.4171,37
600575,淮河能源,2025-12-31,65.7275,0.9144,89
600575,淮河能源,2026-03-31,66.0465,0.3190,6
600575,淮河能源,2026-06-30,66.4855,0.4390,99
600576,祥源文旅,2025-12-31,38.2351,-4.5182,33
600576,祥源文旅,2026-03-31,37.0999,-1.1352,1
600576,祥源文旅,2026-06-30,44.7669,7.6670,17
600577,精达股份,2025-12-31,18.1669,-1.7173,122
600577,精达股份,2026-03-31,18.2816,0.1147,13
600577,精达股份,2026-06-30,18.0002,-0.2814,164
600578,京能电力,2025-12-31,87.9079,1.8942,319
600578,京能电力,2026-03-31,85.6939,-2.2140,5
600578,京能电力,2026-06-30,86.9332,1.2393,185
600579,中化装备,2025-12-31,63.8783,-0.1300,25
600579,中化装备,2026-03-31,64.0149,0.1366,2
600579,中化装备,2026-06-30,63.3278,-0.6871,8
600580,卧龙电驱,2025-12-31,42.9720,-0.1746,245
600580,卧龙电驱,2026-03-31,41.8035,-1.1685,4
600580,卧龙电驱,2026-06-30,42.2245,0.4210,170
600581,*ST八钢,2025-12-31,53.1409,-1.6464,17
600581,*ST八钢,2026-03-31,52.1436,-0.9973,1
600581,*ST八钢,2026-06-30,50.4912,-1.6524,0
600582,天地科技,2025-12-31,66.3748,2.3583,255
600582,天地科技,2026-03-31,64.0567,-2.3181,9
600582,天地科技,2026-06-30,66.3939,2.3372,201
600583,海油工程,2025-12-31,63.1278,3.9700,320
600583,海油工程,2026-03-31,59.0856,-4.0422,14
600583,海油工程,2026-06-30,60.9681,1.8825,296
600584,长电科技,2025-12-31,37.9955,1.6988,467
600584,长电科技,2026-03-31,36.2828,-1.7127,45
600584,长电科技,2026-06-30,35.5506,-0.7322,684
600585,海螺水泥,2025-12-31,67.0859,3.8487,792
600585,海螺水泥,2026-03-31,61.8788,-5.2071,89
600585,海螺水泥,2026-06-30,60.9692,-0.9096,672
600586,金晶科技,2025-12-31,43.1368,7.6456,116
600586,金晶科技,2026-03-31,36.9512,-6.1856,2
600586,金晶科技,2026-06-30,35.1010,-1.8502,22
600587,新华医疗,2025-12-31,41.2341,-1.2464,67
600587,新华医疗,2026-03-31,38.5061,-2.7280,6
600587,新华医疗,2026-06-30,38.6906,0.1845,72
600588,用友网络,2025-12-31,60.9795,5.1424,380
600588,用友网络,2026-03-31,53.5266,-7.4529,16
600588,用友网络,2026-06-30,56.6383,3.1117,339
600589,大位科技,2025-12-31,17.6508,-1.6796,10
600589,大位科技,2026-03-31,22.5104,4.8596,12
600589,大位科技,2026-06-30,21.3809,-1.1295,33
600590,泰豪科技,2025-12-31,36.2254,-0.6616,46
600590,泰豪科技,2026-03-31,38.8984,2.6730,15
600590,泰豪科技,2026-06-30,45.3984,6.5000,181
600592,龙溪股份,2025-12-31,43.0054,-1.0376,29
600592,龙溪股份,2026-03-31,42.1645,-0.8409,0
600592,龙溪股份,2026-06-30,42.0655,-0.0990,14
600593,大连圣亚,2025-12-31,53.6977,1.3686,19
600593,大连圣亚,2026-03-31,51.4238,-2.2739,1
600593,大连圣亚,2026-06-30,56.4907,5.0669,15
600594,益佰制药,2025-12-31,1.0399,-0.0569,22
600594,益佰制药,2026-03-31,1.2472,0.2073,1
600594,益佰制药,2026-06-30,0.5178,-0.7294,11
600595,中孚实业,2025-12-31,63.1167,10.0915,395
600595,中孚实业,2026-03-31,53.5110,-9.6057,50
600595,中孚实业,2026-06-30,57.2786,3.7676,447
600596,新安股份,2025-12-31,42.5070,5.4569,190
600596,新安股份,2026-03-31,36.6239,-5.8831,6
600596,新安股份,2026-06-30,38.2202,1.5963,163
600597,光明乳业,2025-12-31,59.1355,1.7408,88
600597,光明乳业,2026-03-31,56.9150,-2.2205,2
600597,光明乳业,2026-06-30,58.7614,1.8464,63
600598,北大荒,2025-12-31,72.1192,3.4785,247
600598,北大荒,2026-03-31,69.4914,-2.6278,23
600598,北大荒,2026-06-30,71.3920,1.9006,295
600600,青岛啤酒,2025-12-31,71.9277,2.2032,338
600600,青岛啤酒,2026-03-31,67.8916,-4.0361,17
600600,青岛啤酒,2026-06-30,68.1600,0.2684,287
600601,方正科技,2025-12-31,45.3273,0.4331,159
600601,方正科技,2026-03-31,43.3938,-1.9335,12
600601,方正科技,2026-06-30,42.9235,-0.4703,345
600602,云赛智联,2025-12-31,47.7704,2.1218,158
600602,云赛智联,2026-03-31,47.5999,-0.1705,11
600602,云赛智联,2026-06-30,46.2521,-1.3478,129
600603,广汇物流,2025-12-31,60.5016,1.1550,8
600603,广汇物流,2026-03-31,62.3518,1.8502,6
600603,广汇物流,2026-06-30,62.3717,0.0199,40
600604,市北高新,2025-12-31,61.5448,-0.7165,20
600604,市北高新,2026-03-31,61.2971,-0.2477,2
600604,市北高新,2026-06-30,61.1300,-0.1671,8
600605,汇通能源,2025-12-31,57.5221,1.0486,18
600605,汇通能源,2026-03-31,54.6410,-2.8811,1
600605,汇通能源,2026-06-30,53.1438,-1.4972,24
600606,绿地控股,2025-12-31,75.3770,0.0308,71
600606,绿地控股,2026-03-31,74.5725,-0.8045,5
600606,绿地控股,2026-06-30,74.8601,0.2876,97
600609,金杯汽车,2025-12-31,31.6318,-1.5463,20
600609,金杯汽车,2026-03-31,30.6592,-0.9726,0
600609,金杯汽车,2026-06-30,30.0076,-0.6516,24
600610,中毅达,2025-12-31,40.6468,-0.5759,16
600610,中毅达,2026-03-31,38.9935,-1.6533,0
600610,中毅达,2026-06-30,38.7862,-0.2073,9
600611,大众交通,2025-12-31,31.2197,0.1316,9
600611,大众交通,2026-03-31,31.3811,0.1614,3
600611,大众交通,2026-06-30,31.3748,-0.0063,9
600612,老凤祥,2025-12-31,76.6599,1.7645,115
600612,老凤祥,2026-03-31,71.4541,-5.2058,4
600612,老凤祥,2026-06-30,74.1363,2.6822,99
600613,神奇制药,2025-12-31,38.6001,1.3257,47
600613,神奇制药,2026-03-31,38.7487,0.1486,2
600613,神奇制药,2026-06-30,38.6963,-0.0524,31
600615,鑫源智造,2025-12-31,36.6519,2.1592,28
600615,鑫源智造,2026-03-31,35.3625,-1.2894,0
600615,鑫源智造,2026-06-30,35.4034,0.0409,29
600616,金枫酒业,2025-12-31,38.9856,0.2006,36
600616,金枫酒业,2026-03-31,38.4619,-0.5237,0
600616,金枫酒业,2026-06-30,39.7751,1.3132,47
600617,国新能源,2025-12-31,63.1055,0.6657,22
600617,国新能源,2026-03-31,62.4957,-0.6098,0
600617,国新能源,2026-06-30,61.3518,-1.1439,24
600618,氯碱化工,2025-12-31,73.9103,0.9534,56
600618,氯碱化工,2026-03-31,72.6180,-1.2923,0
600618,氯碱化工,2026-06-30,73.3572,0.7392,53
600619,海立股份,2025-12-31,36.1356,-0.1488,52
600619,海立股份,2026-03-31,34.2215,-1.9141,1
600619,海立股份,2026-06-30,37.2260,3.0045,87
600620,天宸股份,2025-12-31,65.8773,0.7800,43
600620,天宸股份,2026-03-31,65.2073,-0.6700,2
600620,天宸股份,2026-06-30,65.4696,0.2623,34
600621,华鑫股份,2025-12-31,64.0318,1.8832,88
600621,华鑫股份,2026-03-31,61.8344,-2.1974,3
600621,华鑫股份,2026-06-30,63.5012,1.6668,60
600622,光大嘉宝,2025-12-31,48.7953,-0.3115,8
600622,光大嘉宝,2026-03-31,47.6069,-1.1884,0
600622,光大嘉宝,2026-06-30,48.1745,0.5676,10
600623,华谊集团,2025-12-31,70.8261,2.7995,153
600623,华谊集团,2026-03-31,69.5030,-1.3231,16
600623,华谊集团,2026-06-30,71.9255,2.4225,171
600624,ST复华,2025-12-31,29.0787,-0.2954,0
600624,ST复华,2026-03-31,29.0787,0.0000,0
600624,ST复华,2026-06-30,29.0787,0.0000,0
600626,申达股份,2025-12-31,51.4210,3.2791,63
600626,申达股份,2026-03-31,49.2675,-2.1535,0
600626,申达股份,2026-06-30,48.5070,-0.7605,31
600628,新世界,2025-12-31,52.2561,1.0807,30
600628,新世界,2026-03-31,51.3578,-0.8983,0
600628,新世界,2026-06-30,49.4666,-1.8912,40
600629,华建集团,2025-12-31,53.9769,0.6816,60
600629,华建集团,2026-03-31,52.1385,-1.8384,0
600629,华建集团,2026-06-30,52.8715,0.7330,52
600630,龙头股份,2025-12-31,31.3070,-1.4234,7
600630,龙头股份,2026-03-31,30.9718,-0.3352,1
600630,龙头股份,2026-06-30,33.2525,2.2807,17
600633,浙数文化,2025-12-31,60.3948,4.0793,75
600633,浙数文化,2026-03-31,54.8563,-5.5385,4
600633,浙数文化,2026-06-30,56.6187,1.7624,82
600635,大众公用,2025-12-31,29.1587,-7.7871,28
600635,大众公用,2026-03-31,27.7446,-1.4141,2
600635,大众公用,2026-06-30,28.8631,1.1185,102
600637,东方明珠,2025-12-31,53.2973,0.8356,209
600637,东方明珠,2026-03-31,52.2750,-1.0223,6
600637,东方明珠,2026-06-30,51.2746,-1.0004,154
600638,新黄浦,2025-12-31,47.3007,2.1256,34
600638,新黄浦,2026-03-31,45.9198,-1.3809,2
600638,新黄浦,2026-06-30,46.3948,0.4750,48
600639,浦东金桥,2025-12-31,70.2807,1.5757,83
600639,浦东金桥,2026-03-31,69.4599,-0.8208,7
600639,浦东金桥,2026-06-30,68.9574,-0.5025,48
600640,国脉文化,2025-12-31,75.7967,2.8367,49
600640,国脉文化,2026-03-31,72.9026,-2.8941,3
600640,国脉文化,2026-06-30,74.4519,1.5493,72
600641,先导基电,2025-12-31,35.8916,-5.5388,59
600641,先导基电,2026-03-31,35.6095,-0.2821,7
600641,先导基电,2026-06-30,37.0811,1.4716,195
600642,申能股份,2025-12-31,74.4201,2.6793,320
600642,申能股份,2026-03-31,73.4397,-0.9804,22
600642,申能股份,2026-06-30,75.7916,2.3519,302
600643,爱建集团,2025-12-31,53.3572,1.9200,71
600643,爱建集团,2026-03-31,51.3250,-2.0322,0
600643,爱建集团,2026-06-30,51.5915,0.2665,37
600644,乐山电力,2025-12-31,47.7911,-5.4680,38
600644,乐山电力,2026-03-31,46.6946,-1.0965,3
600644,乐山电力,2026-06-30,48.1259,1.4313,27
600645,中源协和,2025-12-31,32.3506,2.8860,67
600645,中源协和,2026-03-31,29.2284,-3.1222,2
600645,中源协和,2026-06-30,32.4724,3.2440,105
600648,外高桥,2025-12-31,73.2994,3.1303,17
600648,外高桥,2026-03-31,72.7197,-0.5797,2
600648,外高桥,2026-06-30,72.9834,0.2637,23
600649,城投控股,2025-12-31,59.4389,2.0370,157
600649,城投控股,2026-03-31,56.2188,-3.2201,4
600649,城投控股,2026-06-30,57.4454,1.2266,52
600650,锦江在线,2025-12-31,57.7796,-0.6602,16
600650,锦江在线,2026-03-31,57.4801,-0.2995,5
600650,锦江在线,2026-06-30,56.6353,-0.8448,15
600651,飞乐音响,2025-12-31,67.4485,-0.4447,38
600651,飞乐音响,2026-03-31,66.5653,-0.8832,0
600651,飞乐音响,2026-06-30,67.0548,0.4895,42
600653,申华控股,2025-12-31,26.6258,-0.3015,5
600653,申华控股,2026-03-31,27.1615,0.5357,0
600653,申华控股,2026-06-30,26.5207,-0.6408,5
600654,中安科,2025-12-31,44.1345,1.6794,55
600654,中安科,2026-03-31,37.4245,-6.7100,2
600654,中安科,2026-06-30,36.3015,-1.1230,39
600655,豫园股份,2025-12-31,64.1550,3.8194,198
600655,豫园股份,2026-03-31,60.3356,-3.8194,0
600655,豫园股份,2026-06-30,62.1602,1.8246,228
600657,信达地产,2025-12-31,78.9738,0.1460,30
600657,信达地产,2026-03-31,78.4950,-0.4788,1
600657,信达地产,2026-06-30,78.0042,-0.4908,46
600658,电子城,2025-12-31,49.9974,-0.6271,14
600658,电子城,2026-03-31,49.8740,-0.1234,2
600658,电子城,2026-06-30,49.7437,-0.1303,8
600660,福耀玻璃,2025-12-31,62.1455,5.4430,941
600660,福耀玻璃,2026-03-31,53.5374,-8.6081,132
600660,福耀玻璃,2026-06-30,58.3733,4.8359,795
600661,昂立教育,2025-12-31,46.1133,1.0030,69
600661,昂立教育,2026-03-31,44.7361,-1.3772,2
600661,昂立教育,2026-06-30,46.0866,1.3505,97
600662,外服控股,2025-12-31,77.2577,1.0757,153
600662,外服控股,2026-03-31,75.6925,-1.5652,2
600662,外服控股,2026-06-30,75.7870,0.0945,90
600663,陆家嘴,2025-12-31,86.4280,1.4236,139
600663,陆家嘴,2026-03-31,84.6975,-1.7305,3
600663,陆家嘴,2026-06-30,85.8556,1.1581,213
600664,哈药股份,2025-12-31,51.2045,-0.4790,45
600664,哈药股份,2026-03-31,50.3428,-0.8617,0
600664,哈药股份,2026-06-30,50.0284,-0.3144,37
600665,天地源,2025-12-31,60.4228,0.7259,33
600665,天地源,2026-03-31,61.3013,0.8785,1
600665,天地源,2026-06-30,60.4263,-0.8750,14
600666,奥瑞德,2025-12-31,16.3268,-5.3481,15
600666,奥瑞德,2026-03-31,20.4674,4.1406,0
600666,奥瑞德,2026-06-30,16.8631,-3.6043,11
600667,太极实业,2025-12-31,40.6174,1.8430,105
600667,太极实业,2026-03-31,39.9519,-0.6655,0
600667,太极实业,2026-06-30,41.1041,1.1522,127
600668,尖峰集团,2025-12-31,18.8112,0.5802,16
600668,尖峰集团,2026-03-31,18.8085,-0.0027,1
600668,尖峰集团,2026-06-30,20.2899,1.4814,19
600671,天目药业,2025-12-31,54.2337,1.5424,13
600671,天目药业,2026-03-31,52.9405,-1.2932,0
600671,天目药业,2026-06-30,53.0471,0.1066,20
600673,东阳光,2025-12-31,64.6044,4.1715,360
600673,东阳光,2026-03-31,62.8621,-1.7423,73
600673,东阳光,2026-06-30,64.2679,1.4058,353
600674,川投能源,2025-12-31,77.6618,3.1597,454
600674,川投能源,2026-03-31,74.8538,-2.8080,85
600674,川投能源,2026-06-30,76.0004,1.1466,611
600675,中华企业,2025-12-31,78.9258,0.0731,43
600675,中华企业,2026-03-31,78.0444,-0.8814,1
600675,中华企业,2026-06-30,78.2494,0.2050,31
600676,久事动娱,2025-12-31,52.5317,-0.0290,36
600676,久事动娱,2026-03-31,53.5807,1.0490,1
600676,久事动娱,2026-06-30,52.1952,-1.3855,14
600678,ST金顶,2025-12-31,25.7766,4.6871,6
600678,ST金顶,2026-03-31,22.7981,-2.9785,1
600678,ST金顶,2026-06-30,21.5383,-1.2598,0
600679,上海凤凰,2025-12-31,55.7714,0.0325,23
600679,上海凤凰,2026-03-31,55.4220,-0.3494,0
600679,上海凤凰,2026-06-30,55.9397,0.5177,7
600681,百川能源,2025-12-31,40.7634,-2.9783,11
600681,百川能源,2026-03-31,37.4066,-3.3568,0
600681,百川能源,2026-06-30,38.1871,0.7805,51
600682,南京新百,2025-12-31,51.2010,1.2926,43
600682,南京新百,2026-03-31,49.2923,-1.9087,0
600682,南京新百,2026-06-30,49.0703,-0.2220,33
600683,京投发展,2025-12-31,40.7337,-0.4783,11
600683,京投发展,2026-03-31,40.5834,-0.1503,1
600683,京投发展,2026-06-30,41.2153,0.6319,34
600684,珠江股份,2025-12-31,38.1621,-0.2188,42
600684,珠江股份,2026-03-31,39.6201,1.4580,8
600684,珠江股份,2026-06-30,36.8107,-2.8094,28
600685,中船防务,2025-12-31,63.9999,0.0397,194
600685,中船防务,2026-03-31,62.7858,-1.2141,15
600685,中船防务,2026-06-30,63.9221,1.1363,290
600686,金龙汽车,2025-12-31,62.6116,16.5311,235
600686,金龙汽车,2026-03-31,56.8089,-5.8027,45
600686,金龙汽车,2026-06-30,56.2928,-0.5161,207
600688,上海石化,2025-12-31,76.7684,0.1603,114
600688,上海石化,2026-03-31,75.8989,-0.8695,2
600688,上海石化,2026-06-30,76.8081,0.9092,154
600689,上海三毛,2025-12-31,36.4988,1.5693,18
600689,上海三毛,2026-03-31,35.5213,-0.9775,0
600689,上海三毛,2026-06-30,37.8013,2.2800,46
600690,海尔智家,2025-12-31,64.8129,6.5398,1276
600690,海尔智家,2026-03-31,56.1890,-8.6239,188
600690,海尔智家,2026-06-30,58.6995,2.5105,896
600691,潞化科技,2025-12-31,50.6852,-0.2879,3
600691,潞化科技,2026-03-31,51.2086,0.5234,0
600691,潞化科技,2026-06-30,51.6749,0.4663,3
600692,亚通股份,2025-12-31,10.0180,1.1114,32
600692,亚通股份,2026-03-31,11.5270,1.5090,2
600692,亚通股份,2026-06-30,14.0832,2.5562,61
600693,东百集团,2025-12-31,52.6241,-1.8827,11
600693,东百集团,2026-03-31,51.4765,-1.1476,7
600693,东百集团,2026-06-30,50.3042,-1.1723,44
600694,大商股份,2025-12-31,48.1904,-1.0734,89
600694,大商股份,2026-03-31,47.0935,-1.0969,3
600694,大商股份,2026-06-30,46.5324,-0.5611,107
600697,欧亚集团,2025-12-31,29.4604,1.6091,38
600697,欧亚集团,2026-03-31,30.0058,0.5454,3
600697,欧亚集团,2026-06-30,32.5106,2.5048,94
600698,湖南天雁,2025-12-31,48.5924,-0.0918,19
600698,湖南天雁,2026-03-31,48.4213,-0.1711,0
600698,湖南天雁,2026-06-30,47.9367,-0.4846,5
600699,均胜电子,2025-12-31,50.9051,3.8836,463
600699,均胜电子,2026-03-31,42.0145,-8.8906,14
600699,均胜电子,2026-06-30,45.5299,3.5154,329
600702,舍得酒业,2025-12-31,47.6092,3.2638,103
600702,舍得酒业,2026-03-31,43.7960,-3.8132,17
600702,舍得酒业,2026-06-30,44.7958,0.9998,57
600703,三安光电,2025-12-31,54.7785,1.7200,117
600703,三安光电,2026-03-31,52.0252,-2.7533,3
600703,三安光电,2026-06-30,49.1053,-2.9199,130
600704,物产中大,2025-12-31,52.2821,1.2551,377
600704,物产中大,2026-03-31,49.0411,-3.2410,19
600704,物产中大,2026-06-30,49.9040,0.8629,307
600706,曲江文旅,2025-12-31,40.9841,-6.1056,25
600706,曲江文旅,2026-03-31,39.7267,-1.2574,2
600706,曲江文旅,2026-06-30,34.6409,-5.0858,46
600707,彩虹股份,2025-12-31,77.3120,1.5178,123
600707,彩虹股份,2026-03-31,76.7497,-0.5623,11
600707,彩虹股份,2026-06-30,70.9097,-5.8400,133
600708,光明地产,2025-12-31,56.6222,-0.7926,16
600708,光明地产,2026-03-31,57.0928,0.4706,2
600708,光明地产,2026-06-30,57.2006,0.1078,20
600710,苏美达,2025-12-31,74.0027,5.5748,281
600710,苏美达,2026-03-31,69.7675,-4.2352,25
600710,苏美达,2026-06-30,73.9814,4.2139,222
600711,盛屯矿业,2025-12-31,34.5026,13.9399,418
600711,盛屯矿业,2026-03-31,25.2091,-9.2935,21
600711,盛屯矿业,2026-06-30,27.9667,2.7576,388
600712,南宁百货,2025-12-31,29.0058,0.0980,3
600712,南宁百货,2026-03-31,30.3825,1.3767,0
600712,南宁百货,2026-06-30,31.8181,1.4356,28
600713,南京医药,2025-12-31,59.7977,-0.1890,44
600713,南京医药,2026-03-31,59.6857,-0.1120,0
600713,南京医药,2026-06-30,60.9553,1.2696,39
600714,金瑞矿业,2025-12-31,36.0285,0.6876,21
600714,金瑞矿业,2026-03-31,36.8662,0.8377,1
600714,金瑞矿业,2026-06-30,40.5890,3.7228,66
600715,文投控股,2025-12-31,47.1584,-3.3263,7
600715,文投控股,2026-03-31,46.2544,-0.9040,0
600715,文投控股,2026-06-30,46.2712,0.0168,2
600716,凤凰股份,2025-12-31,54.3189,0.9389,51
600716,凤凰股份,2026-03-31,55.1184,0.7995,0
600716,凤凰股份,2026-06-30,54.7909,-0.3275,33
600717,天津港,2025-12-31,62.5007,1.1052,111
600717,天津港,2026-03-31,61.4460,-1.0547,4
600717,天津港,2026-06-30,60.9520,-0.4940,114
600718,东软集团,2025-12-31,31.0520,1.6111,89
600718,东软集团,2026-03-31,30.2738,-0.7782,2
600718,东软集团,2026-06-30,33.1830,2.9092,108
600719,大连热电,2025-12-31,34.1579,-0.1424,23
600719,大连热电,2026-03-31,35.9724,1.8145,1
600719,大连热电,2026-06-30,34.0641,-1.9083,6
600720,中交设计,2025-12-31,39.0567,1.5912,74
600720,中交设计,2026-03-31,37.7663,-1.2904,0
600720,中交设计,2026-06-30,38.2552,0.4889,47
600721,百花医药,2025-12-31,7.3208,-1.3170,7
600721,百花医药,2026-03-31,6.4469,-0.8739,0
600721,百花医药,2026-06-30,27.3684,20.9215,8
600722,金牛化工,2025-12-31,56.6355,0.5938,21
600722,金牛化工,2026-03-31,56.9808,0.3453,0
600722,金牛化工,2026-06-30,61.1206,4.1398,55
600724,宁波富达,2025-12-31,79.7507,1.2076,72
600724,宁波富达,2026-03-31,79.3244,-0.4263,4
600724,宁波富达,2026-06-30,79.1734,-0.1510,63
600725,云维股份,2025-12-31,37.5743,-1.0786,31
600725,云维股份,2026-03-31,34.4355,-3.1388,0
600725,云维股份,2026-06-30,34.8660,0.4305,15
600726,华电能源,2025-12-31,88.0309,20.6432,33
600726,华电能源,2026-03-31,87.0562,-0.9747,2
600726,华电能源,2026-06-30,87.8628,0.8066,64
600727,鲁北化工,2025-12-31,39.3029,0.2012,12
600727,鲁北化工,2026-03-31,40.7927,1.4898,0
600727,鲁北化工,2026-06-30,41.6783,0.8856,38
600728,佳都科技,2025-12-31,24.0776,2.5671,94
600728,佳都科技,2026-03-31,21.3795,-2.6981,1
600728,佳都科技,2026-06-30,22.6777,1.2982,69
600729,重百集团,2025-12-31,30.1338,1.8459,240
600729,重百集团,2026-03-31,16.0354,-14.0984,11
600729,重百集团,2026-06-30,24.1981,8.1627,135
600730,*ST高科,2025-12-31,21.0624,0.4889,14
600730,*ST高科,2026-03-31,25.3347,4.2723,1
600730,*ST高科,2026-06-30,22.5190,-2.8157,0
600731,湖南海利,2025-12-31,33.0088,0.6747,44
600731,湖南海利,2026-03-31,31.4010,-1.6078,2
600731,湖南海利,2026-06-30,32.0948,0.6938,50
600732,爱旭股份,2025-12-31,28.6382,2.0331,181
600732,爱旭股份,2026-03-31,27.5344,-1.1038,34
600732,爱旭股份,2026-06-30,30.6469,3.1125,142
600733,北汽蓝谷,2025-12-31,41.2170,-1.1890,71
600733,北汽蓝谷,2026-03-31,40.5958,-0.6212,11
600733,北汽蓝谷,2026-06-30,47.5826,6.9868,58
600734,*ST实达,2025-12-31,28.6792,0.2307,5
600734,*ST实达,2026-03-31,29.1801,0.5009,0
600734,*ST实达,2026-06-30,27.4279,-1.7522,0
600735,ST新华锦,2025-12-31,44.0237,-0.0047,0
600735,ST新华锦,2026-03-31,44.0338,0.0101,0
600735,ST新华锦,2026-06-30,43.6083,-0.4255,0
600736,苏州高新,2025-12-31,49.9514,-0.1503,31
600736,苏州高新,2026-03-31,49.7424,-0.2090,1
600736,苏州高新,2026-06-30,48.6666,-1.0758,19
600737,中粮糖业,2025-12-31,59.1686,2.1493,266
600737,中粮糖业,2026-03-31,56.4471,-2.7215,20
600737,中粮糖业,2026-06-30,60.7865,4.3394,273
600738,丽尚国潮,2025-12-31,46.0392,1.9011,55
600738,丽尚国潮,2026-03-31,48.0068,1.9676,2
600738,丽尚国潮,2026-06-30,46.9412,-1.0656,103
600739,辽宁成大,2025-12-31,48.7826,2.5892,198
600739,辽宁成大,2026-03-31,46.2361,-2.5465,7
600739,辽宁成大,2026-06-30,47.3683,1.1322,121
600740,山西焦化,2025-12-31,64.7364,2.0320,52
600740,山西焦化,2026-03-31,59.5191,-5.2173,6
600740,山西焦化,2026-06-30,60.6549,1.1358,97
600741,华域汽车,2025-12-31,78.9858,5.6154,747
600741,华域汽车,2026-03-31,74.0423,-4.9435,47
600741,华域汽车,2026-06-30,74.5645,0.5222,640
600742,富维股份,2025-12-31,48.3702,1.2956,125
600742,富维股份,2026-03-31,46.2274,-2.1428,4
600742,富维股份,2026-06-30,47.1846,0.9572,78
600743,华远控股,2025-12-31,61.1031,0.1369,10
600743,华远控股,2026-03-31,59.9358,-1.1673,0
600743,华远控股,2026-06-30,59.7570,-0.1788,3
600744,华银电力,2025-12-31,57.2523,0.3341,47
600744,华银电力,2026-03-31,56.9766,-0.2757,4
600744,华银电力,2026-06-30,56.9644,-0.0122,55
600745,*ST闻泰,2025-12-31,40.5162,-2.3301,204
600745,*ST闻泰,2026-03-31,37.9819,-2.5343,1
600745,*ST闻泰,2026-06-30,33.2498,-4.7321,1
600746,江苏索普,2025-12-31,79.5878,0.6124,41
600746,江苏索普,2026-03-31,79.8232,0.2354,4
600746,江苏索普,2026-06-30,78.9260,-0.8972,66
600748,上实发展,2025-12-31,66.1605,1.3793,59
600748,上实发展,2026-03-31,64.6225,-1.5380,1
600748,上实发展,2026-06-30,64.6777,0.0552,13
600749,西藏旅游,2025-12-31,51.9259,2.8140,50
600749,西藏旅游,2026-03-31,50.3879,-1.5380,1
600749,西藏旅游,2026-06-30,48.4026,-1.9853,12
600750,华润江中,2025-12-31,66.7482,7.6028,238
600750,华润江中,2026-03-31,62.7981,-3.9501,34
600750,华润江中,2026-06-30,66.6813,3.8832,210
600751,海航科技,2025-12-31,51.8173,1.2406,38
600751,海航科技,2026-03-31,51.5018,-0.3155,0
600751,海航科技,2026-06-30,50.9590,-0.5428,52
600753,ST海钦,2025-12-31,48.5467,0.6467,0
600753,ST海钦,2026-03-31,45.0289,-3.5178,0
600753,ST海钦,2026-06-30,39.4072,-5.6217,0
600754,锦江酒店,2025-12-31,74.6988,7.0833,459
600754,锦江酒店,2026-03-31,67.8900,-6.8088,75
600754,锦江酒店,2026-06-30,73.2778,5.3878,425
600755,厦门国贸,2025-12-31,49.0695,-0.6209,125
600755,厦门国贸,2026-03-31,46.4178,-2.6517,13
600755,厦门国贸,2026-06-30,49.6600,3.2422,129
600756,浪潮软件,2025-12-31,21.7150,-0.2617,28
600756,浪潮软件,2026-03-31,19.3986,-2.3164,0
600756,浪潮软件,2026-06-30,19.7453,0.3467,14
600757,长江传媒,2025-12-31,73.1668,7.0520,224
600757,长江传媒,2026-03-31,69.6583,-3.5085,10
600757,长江传媒,2026-06-30,72.8012,3.1429,167
600758,辽宁能源,2025-12-31,54.2833,1.4378,65
600758,辽宁能源,2026-03-31,48.1495,-6.1338,5
600758,辽宁能源,2026-06-30,48.3946,0.2451,15
600759,ST洲际,2025-12-31,35.8375,6.3738,77
600759,ST洲际,2026-03-31,33.5536,-2.2839,17
600759,ST洲际,2026-06-30,30.1233,-3.4303,0
600760,中航沈飞,2025-12-31,79.9988,1.0265,842
600760,中航沈飞,2026-03-31,74.8709,-5.1279,94
600760,中航沈飞,2026-06-30,75.2361,0.3652,502
600761,安徽合力,2025-12-31,53.7991,1.8441,248
600761,安徽合力,2026-03-31,47.6096,-6.1895,24
600761,安徽合力,2026-06-30,53.9956,6.3860,204
600763,通策医疗,2025-12-31,44.3909,3.1165,226
600763,通策医疗,2026-03-31,41.2549,-3.1360,20
600763,通策医疗,2026-06-30,46.2176,4.9627,253
600764,中国海防,2025-12-31,71.6865,0.9841,162
600764,中国海防,2026-03-31,68.6096,-3.0769,6
600764,中国海防,2026-06-30,70.8104,2.2008,160
600765,中航重机,2025-12-31,48.8477,4.2794,255
600765,中航重机,2026-03-31,42.5458,-6.3019,8
600765,中航重机,2026-06-30,46.9819,4.4361,267
600768,富邦新材,2025-12-31,41.9912,3.8929,97
600768,富邦新材,2026-03-31,37.3836,-4.6076,5
600768,富邦新材,2026-06-30,45.2462,7.8626,102
600769,祥龙电业,2025-12-31,21.4017,0.4934,13
600769,祥龙电业,2026-03-31,20.9083,-0.4934,0
600769,祥龙电业,2026-06-30,20.9818,0.0735,9
600770,综艺股份,2025-12-31,26.8744,0.0821,16
600770,综艺股份,2026-03-31,27.3990,0.5246,0
600770,综艺股份,2026-06-30,26.1782,-1.2208,20
600771,广誉远,2025-12-31,21.3568,0.9526,45
600771,广誉远,2026-03-31,16.7151,-4.6417,1
600771,广誉远,2026-06-30,19.3631,2.6480,50
600773,西藏城投,2025-12-31,45.7675,1.5540,55
600773,西藏城投,2026-03-31,44.1686,-1.5989,7
600773,西藏城投,2026-06-30,53.9416,9.7730,165
600774,汉商集团,2025-12-31,47.7212,1.9289,44
600774,汉商集团,2026-03-31,46.9092,-0.8120,0
600774,汉商集团,2026-06-30,48.1786,1.2694,54
600775,南京熊猫,2025-12-31,35.9227,-0.4195,10
600775,南京熊猫,2026-03-31,34.8557,-1.0670,0
600775,南京熊猫,2026-06-30,35.2476,0.3919,30
600776,东方通信,2025-12-31,59.7046,0.8059,74
600776,东方通信,2026-03-31,59.1623,-0.5423,6
600776,东方通信,2026-06-30,59.1437,-0.0186,46
600777,新潮能源,2025-12-31,76.9615,-2.3416,0
600777,新潮能源,2026-03-31,75.2766,-1.6849,0
600777,新潮能源,2026-06-30,75.2766,0.0000,0
600778,友好集团,2025-12-31,41.9850,2.9648,30
600778,友好集团,2026-03-31,39.4704,-2.5146,0
600778,友好集团,2026-06-30,42.9310,3.4606,53
600779,水井坊,2025-12-31,71.0151,0.3367,34
600779,水井坊,2026-03-31,70.0587,-0.9564,4
600779,水井坊,2026-06-30,70.6511,0.5924,34
600780,通宝能源,2025-12-31,65.8111,1.7427,83
600780,通宝能源,2026-03-31,64.8336,-0.9775,1
600780,通宝能源,2026-06-30,63.5112,-1.3224,27
600782,新钢股份,2025-12-31,64.9121,9.5872,277
600782,新钢股份,2026-03-31,55.4944,-9.4177,9
600782,新钢股份,2026-06-30,57.8769,2.3825,105
600783,鲁信创投,2025-12-31,70.5501,0.0845,25
600783,鲁信创投,2026-03-31,69.4436,-1.1065,4
600783,鲁信创投,2026-06-30,68.2960,-1.1476,41
600784,鲁银投资,2025-12-31,42.6995,2.1506,41
600784,鲁银投资,2026-03-31,41.4530,-1.2465,0
600784,鲁银投资,2026-06-30,41.9994,0.5464,18
600785,新华百货,2025-12-31,53.8234,1.9664,100
600785,新华百货,2026-03-31,54.1816,0.3582,2
600785,新华百货,2026-06-30,53.7078,-0.4738,53
600787,中储股份,2025-12-31,52.4516,2.0205,76
600787,中储股份,2026-03-31,50.1171,-2.3345,0
600787,中储股份,2026-06-30,49.7294,-0.3877,82
600789,鲁抗医药,2025-12-31,27.1326,0.9862,29
600789,鲁抗医药,2026-03-31,25.5982,-1.5344,0
600789,鲁抗医药,2026-06-30,24.5098,-1.0884,18
600790,轻纺城,2025-12-31,49.7146,0.6120,40
600790,轻纺城,2026-03-31,49.1027,-0.6119,0
600790,轻纺城,2026-06-30,50.2156,1.1129,47
600791,京能置业,2025-12-31,48.5221,1.6424,44
600791,京能置业,2026-03-31,48.4402,-0.0819,0
600791,京能置业,2026-06-30,48.8559,0.4157,13
600792,云煤能源,2025-12-31,70.7415,2.2402,33
600792,云煤能源,2026-03-31,70.4789,-0.2626,2
600792,云煤能源,2026-06-30,70.4172,-0.0617,39
600793,宜宾纸业,2025-12-31,54.5090,-0.4277,15
600793,宜宾纸业,2026-03-31,54.3643,-0.1447,0
600793,宜宾纸业,2026-06-30,54.1589,-0.2054,34
600794,保税科技,2025-12-31,38.5575,-2.9235,16
600794,保税科技,2026-03-31,37.5355,-1.0220,0
600794,保税科技,2026-06-30,37.5583,0.0228,16
600795,国电电力,2025-12-31,76.7115,7.5313,691
600795,国电电力,2026-03-31,66.4910,-10.2205,48
600795,国电电力,2026-06-30,69.9655,3.4745,530
600796,钱江生化,2025-12-31,37.3256,3.3138,45
600796,钱江生化,2026-03-31,35.7777,-1.5479,3
600796,钱江生化,2026-06-30,34.6833,-1.0944,44
600797,浙大网新,2025-12-31,6.8758,-1.2091,7
600797,浙大网新,2026-03-31,6.8813,0.0055,0
600797,浙大网新,2026-06-30,7.2550,0.3737,12
600798,宁波海运,2025-12-31,49.4387,0.4286,17
600798,宁波海运,2026-03-31,51.4370,1.9983,0
600798,宁波海运,2026-06-30,50.0584,-1.3786,10
600800,渤海化学,2025-12-31,41.4165,-2.0635,2
600800,渤海化学,2026-03-31,41.4267,0.0102,0
600800,渤海化学,2026-06-30,40.4222,-1.0045,12
600801,华新建材,2025-12-31,78.2488,9.5048,580
600801,华新建材,2026-03-31,70.3238,-7.9250,41
600801,华新建材,2026-06-30,73.4296,3.1058,595
600802,福建水泥,2025-12-31,32.7637,-0.4146,21
600802,福建水泥,2026-03-31,30.0002,-2.7635,2
600802,福建水泥,2026-06-30,32.7631,2.7629,57
600803,新奥股份,2025-12-31,88.3273,4.9699,444
600803,新奥股份,2026-03-31,84.8969,-3.4304,30
600803,新奥股份,2026-06-30,87.4683,2.5714,448
600805,悦达投资,2025-12-31,38.0115,0.2435,53
600805,悦达投资,2026-03-31,37.8139,-0.1976,0
600805,悦达投资,2026-06-30,38.4618,0.6479,42
600807,济高发展,2025-12-31,24.9326,0.0661,3
600807,济高发展,2026-03-31,25.8091,0.8765,0
600807,济高发展,2026-06-30,25.0909,-0.7182,14
600808,马钢股份,2025-12-31,69.8649,1.5663,193
600808,马钢股份,2026-03-31,68.1711,-1.6938,16
600808,马钢股份,2026-06-30,67.6986,-0.4725,227
600809,山西汾酒,2025-12-31,83.6567,0.5951,743
600809,山西汾酒,2026-03-31,78.9570,-4.6997,124
600809,山西汾酒,2026-06-30,79.3325,0.3755,553
600810,神马股份,2025-12-31,67.7925,-3.7325,38
600810,神马股份,2026-03-31,48.9121,-18.8804,1
600810,神马股份,2026-06-30,50.4670,1.5549,32
600812,华北制药,2025-12-31,61.0657,0.1951,45
600812,华北制药,2026-03-31,58.7665,-2.2992,0
600812,华北制药,2026-06-30,55.6378,-3.1287,23
600814,杭州解百,2025-12-31,68.5441,-0.1394,61
600814,杭州解百,2026-03-31,67.3024,-1.2417,0
600814,杭州解百,2026-06-30,68.6788,1.3764,54
600815,厦工股份,2025-12-31,55.5466,-5.6128,2
600815,厦工股份,2026-03-31,52.9692,-2.5774,0
600815,厦工股份,2026-06-30,50.2518,-2.7174,16
600816,建元信托,2025-12-31,54.9933,1.3023,137
600816,建元信托,2026-03-31,53.0590,-1.9343,1
600816,建元信托,2026-06-30,56.6632,3.6042,276
600817,宇通重工,2025-12-31,72.1585,0.5550,64
600817,宇通重工,2026-03-31,71.5760,-0.5825,0
600817,宇通重工,2026-06-30,71.8787,0.3027,18
600818,ST中路,2025-12-31,10.6636,0.1135,8
600818,ST中路,2026-03-31,11.3609,0.6973,2
600818,ST中路,2026-06-30,10.2234,-1.1375,0
600819,耀皮玻璃,2025-12-31,67.4561,-1.1798,52
600819,耀皮玻璃,2026-03-31,66.0134,-1.4427,12
600819,耀皮玻璃,2026-06-30,64.1488,-1.8646,39
600820,隧道股份,2025-12-31,53.2200,6.0565,344
600820,隧道股份,2026-03-31,48.5845,-4.6355,14
600820,隧道股份,2026-06-30,52.7723,4.1878,250
600821,金开新能,2025-12-31,48.3040,4.7011,58
600821,金开新能,2026-03-31,33.9331,-14.3709,2
600821,金开新能,2026-06-30,36.7617,2.8286,96
600822,上海物贸,2025-12-31,61.2661,0.7650,12
600822,上海物贸,2026-03-31,60.5011,-0.7650,0
600822,上海物贸,2026-06-30,60.5987,0.0976,14
600824,益民集团,2025-12-31,43.3761,-0.2145,23
600824,益民集团,2026-03-31,43.3992,0.0231,3
600824,益民集团,2026-06-30,43.5313,0.1321,28
600825,新华传媒,2025-12-31,53.4832,0.0289,14
600825,新华传媒,2026-03-31,53.5412,0.0580,1
600825,新华传媒,2026-06-30,53.4216,-0.1196,8
600826,兰生股份,2025-12-31,70.1282,-0.2950,42
600826,兰生股份,2026-03-31,69.7563,-0.3719,2
600826,兰生股份,2026-06-30,67.1700,-2.5863,42
600827,百联股份,2025-12-31,61.7246,0.7649,77
600827,百联股份,2026-03-31,60.3144,-1.4102,3
600827,百联股份,2026-06-30,60.8431,0.5287,117
600828,茂业商业,2025-12-31,84.8591,-2.0339,10
600828,茂业商业,2026-03-31,86.0656,1.2065,4
600828,茂业商业,2026-06-30,85.1187,-0.9469,22
600829,人民同泰,2025-12-31,76.0031,1.1794,12
600829,人民同泰,2026-03-31,76.2606,0.2575,1
600829,人民同泰,2026-06-30,76.2544,-0.0062,15
600830,香溢融通,2025-12-31,37.5799,0.0880,35
600830,香溢融通,2026-03-31,39.3219,1.7420,0
600830,香溢融通,2026-06-30,41.0450,1.7231,25
600831,广电网络,2025-12-31,32.6886,-0.5813,5
600831,广电网络,2026-03-31,32.6470,-0.0416,0
600831,广电网络,2026-06-30,32.8378,0.1908,18
600833,第一医药,2025-12-31,54.1488,0.7231,43
600833,第一医药,2026-03-31,53.1243,-1.0245,3
600833,第一医药,2026-06-30,54.4156,1.2913,84
600834,申通地铁,2025-12-31,60.7526,0.1978,13
600834,申通地铁,2026-03-31,60.9069,0.1543,2
600834,申通地铁,2026-06-30,61.0109,0.1040,10
600835,上海机电,2025-12-31,65.2084,1.4666,54
600835,上海机电,2026-03-31,65.1295,-0.0789,0
600835,上海机电,2026-06-30,65.2353,0.1058,39
600838,上海九百,2025-12-31,35.8937,-0.0762,17
600838,上海九百,2026-03-31,35.2738,-0.6199,1
600838,上海九百,2026-06-30,36.6240,1.3502,22
600839,四川长虹,2025-12-31,26.6972,-0.4892,168
600839,四川长虹,2026-03-31,25.6720,-1.0252,7
600839,四川长虹,2026-06-30,25.6237,-0.0483,126
600841,动力新科,2025-12-31,71.6379,-0.2463,16
600841,动力新科,2026-03-31,72.9905,1.3526,11
600841,动力新科,2026-06-30,73.2204,0.2299,87
600843,上工申贝,2025-12-31,23.8939,1.1077,7
600843,上工申贝,2026-03-31,22.8147,-1.0792,0
600843,上工申贝,2026-06-30,23.6295,0.8148,13
600844,金煤科技,2025-12-31,33.0704,1.2972,30
600844,金煤科技,2026-03-31,32.4122,-0.6582,1
600844,金煤科技,2026-06-30,34.4177,2.0055,23
600845,宝信软件,2025-12-31,73.5844,2.5495,367
600845,宝信软件,2026-03-31,70.3056,-3.2788,13
600845,宝信软件,2026-06-30,72.5102,2.2046,332
600846,同济科技,2025-12-31,49.0118,1.8488,40
600846,同济科技,2026-03-31,52.2213,3.2095,2
600846,同济科技,2026-06-30,52.3032,0.0819,41
600847,万里股份,2025-12-31,39.2937,2.8212,45
600847,万里股份,2026-03-31,36.4570,-2.8367,0
600847,万里股份,2026-06-30,38.4869,2.0299,40
600848,上海临港,2025-12-31,80.2396,2.0285,191
600848,上海临港,2026-03-31,78.1635,-2.0761,5
600848,上海临港,2026-06-30,79.3884,1.2249,107
600850,电科数字,2025-12-31,47.9996,4.7818,150
600850,电科数字,2026-03-31,42.9795,-5.0201,1
600850,电科数字,2026-06-30,44.7716,1.7921,54
600851,海欣股份,2025-12-31,55.4842,0.5458,54
600851,海欣股份,2026-03-31,54.9384,-0.5458,0
600851,海欣股份,2026-06-30,54.9098,-0.0286,13
600853,龙建股份,2025-12-31,46.4550,1.9443,42
600853,龙建股份,2026-03-31,45.7851,-0.6699,3
600853,龙建股份,2026-06-30,45.6016,-0.1835,16
600854,春兰股份,2025-12-31,38.6685,0.4643,45
600854,春兰股份,2026-03-31,37.6075,-1.0610,1
600854,春兰股份,2026-06-30,36.9111,-0.6964,50
600855,航天长峰,2025-12-31,45.2704,1.5589,13
600855,航天长峰,2026-03-31,45.8281,0.5577,0
600855,航天长峰,2026-06-30,45.2503,-0.5778,28
600857,宁波中百,2025-12-31,30.0545,9.6849,10
600857,宁波中百,2026-03-31,30.9031,0.8486,0
600857,宁波中百,2026-06-30,29.9604,-0.9427,3
600858,银座股份,2025-12-31,49.3416,0.8213,22
600858,银座股份,2026-03-31,49.8021,0.4605,2
600858,银座股份,2026-06-30,52.1911,2.3890,99
600859,王府井,2025-12-31,47.1801,1.9748,168
600859,王府井,2026-03-31,43.1271,-4.0530,2
600859,王府井,2026-06-30,43.7912,0.6641,121
600860,京城股份,2025-12-31,57.5240,0.8917,39
600860,京城股份,2026-03-31,56.4044,-1.1196,0
600860,京城股份,2026-06-30,56.4409,0.0365,8
600861,北京人力,2025-12-31,58.8568,-0.9102,114
600861,北京人力,2026-03-31,50.8419,-8.0149,12
600861,北京人力,2026-06-30,66.2402,15.3983,63
600862,中航高科,2025-12-31,61.9655,2.7186,320
600862,中航高科,2026-03-31,56.5787,-5.3868,17
600862,中航高科,2026-06-30,57.1962,0.6175,271
600863,华能蒙电,2025-12-31,67.5981,4.6229,319
600863,华能蒙电,2026-03-31,64.4579,-3.1402,26
600863,华能蒙电,2026-06-30,66.9703,2.5124,245
600864,哈投股份,2025-12-31,55.9350,-0.7498,107
600864,哈投股份,2026-03-31,52.9641,-2.9709,1
600864,哈投股份,2026-06-30,53.5774,0.6133,105
600865,百大集团,2025-12-31,55.4630,0.8417,8
600865,百大集团,2026-03-31,57.0269,1.5639,0
600865,百大集团,2026-06-30,55.4567,-1.5702,38
600866,星湖科技,2025-12-31,34.8685,1.8517,136
600866,星湖科技,2026-03-31,31.7842,-3.0843,5
600866,星湖科技,2026-06-30,32.9279,1.1437,71
600867,通化东宝,2025-12-31,51.7550,4.3635,323
600867,通化东宝,2026-03-31,47.1232,-4.6318,11
600867,通化东宝,2026-06-30,48.6333,1.5101,93
600868,梅雁吉祥,2025-12-31,8.0056,0.4193,6
600868,梅雁吉祥,2026-03-31,7.8989,-0.1067,0
600868,梅雁吉祥,2026-06-30,7.9736,0.0747,9
600869,远东股份,2025-12-31,59.8461,-0.1139,112
600869,远东股份,2026-03-31,57.8612,-1.9849,8
600869,远东股份,2026-06-30,58.1833,0.3221,245
600871,石化油服,2025-12-31,81.3033,-0.7229,113
600871,石化油服,2026-03-31,80.9019,-0.4014,2
600871,石化油服,2026-06-30,81.3947,0.4928,183
600872,中炬高新,2025-12-31,46.5439,7.4606,122
600872,中炬高新,2026-03-31,43.3762,-3.1677,32
600872,中炬高新,2026-06-30,48.5185,5.1423,317
600873,梅花生物,2025-12-31,20.7523,8.6131,594
600873,梅花生物,2026-03-31,13.0028,-7.7495,69
600873,梅花生物,2026-06-30,17.3767,4.3739,275
600874,创业环保,2025-12-31,61.3136,-1.0617,41
600874,创业环保,2026-03-31,61.1941,-0.1195,0
600874,创业环保,2026-06-30,61.9458,0.7517,78
600875,东方电气,2025-12-31,55.7522,3.2807,455
600875,东方电气,2026-03-31,52.7369,-3.0153,97
600875,东方电气,2026-06-30,52.3280,-0.4089,722
600876,凯盛新能,2025-12-31,64.8176,0.9195,38
600876,凯盛新能,2026-03-31,64.0348,-0.7828,0
600876,凯盛新能,2026-06-30,63.7101,-0.3247,11
600877,电科芯片,2025-12-31,51.0757,2.2520,35
600877,电科芯片,2026-03-31,49.1062,-1.9695,4
600877,电科芯片,2026-06-30,49.9134,0.8072,66
600879,航天电子,2025-12-31,38.6574,1.6913,382
600879,航天电子,2026-03-31,39.4030,0.7456,124
600879,航天电子,2026-06-30,38.4595,-0.9435,384
600880,博瑞传播,2025-12-31,42.2792,3.7561,18
600880,博瑞传播,2026-03-31,39.3378,-2.9414,4
600880,博瑞传播,2026-06-30,40.8288,1.4910,31
600881,亚泰集团,2025-12-31,40.8094,-0.4188,4
600881,亚泰集团,2026-03-31,40.9800,0.1706,0
600881,亚泰集团,2026-06-30,40.7362,-0.2438,5
600882,妙可蓝多,2025-12-31,50.3450,2.7926,119
600882,妙可蓝多,2026-03-31,47.5458,-2.7992,0
600882,妙可蓝多,2026-06-30,49.6919,2.1461,153
600883,博闻科技,2025-12-31,49.6125,3.1540,53
600883,博闻科技,2026-03-31,48.4352,-1.1773,2
600883,博闻科技,2026-06-30,50.4548,2.0196,89
600884,杉杉股份,2025-12-31,18.9033,2.4996,147
600884,杉杉股份,2026-03-31,14.0364,-4.8669,5
600884,杉杉股份,2026-06-30,15.0916,1.0552,194
600885,宏发股份,2025-12-31,68.4208,7.7687,613
600885,宏发股份,2026-03-31,57.4310,-10.9898,50
600885,宏发股份,2026-06-30,68.0964,10.6654,743
600886,国投电力,2025-12-31,82.4684,3.6203,516
600886,国投电力,2026-03-31,80.1666,-2.3018,44
600886,国投电力,2026-06-30,81.9332,1.7666,651
600887,伊利股份,2025-12-31,40.3751,6.5999,1215
600887,伊利股份,2026-03-31,29.1287,-11.2464,227
600887,伊利股份,2026-06-30,33.4458,4.3171,1170
600888,新疆众和,2025-12-31,47.4143,1.0116,74
600888,新疆众和,2026-03-31,41.4103,-6.0040,1
600888,新疆众和,2026-06-30,45.4459,4.0356,118
600889,*ST京化,2025-12-31,48.6546,0.1274,9
600889,*ST京化,2026-03-31,6.6434,-42.0112,0
600889,*ST京化,2026-06-30,48.5722,41.9288,0
600892,大晟文化,2025-12-31,25.1247,2.7460,0
600892,大晟文化,2026-03-31,24.5082,-0.6165,0
600892,大晟文化,2026-06-30,24.5082,0.0000,0
600893,航发动力,2025-12-31,64.8387,1.8773,608
600893,航发动力,2026-03-31,63.7591,-1.0796,142
600893,航发动力,2026-06-30,64.9888,1.2297,701
600894,广日股份,2025-12-31,70.4187,3.2524,85
600894,广日股份,2026-03-31,68.7491,-1.6696,9
600894,广日股份,2026-06-30,71.6512,2.9021,73
600895,张江高科,2025-12-31,55.1198,-2.7946,137
600895,张江高科,2026-03-31,53.9736,-1.1462,4
600895,张江高科,2026-06-30,51.6972,-2.2764,145
600897,厦门空港,2025-12-31,69.4328,-0.3209,40
600897,厦门空港,2026-03-31,69.3200,-0.1128,1
600897,厦门空港,2026-06-30,70.7162,1.3962,51
600900,长江电力,2025-12-31,75.8876,0.7568,1039
600900,长江电力,2026-03-31,73.3745,-2.5131,558
600900,长江电力,2026-06-30,73.6075,0.2330,1183
600901,江苏金租,2025-12-31,75.8048,5.2541,464
600901,江苏金租,2026-03-31,70.0565,-5.7483,41
600901,江苏金租,2026-06-30,74.8057,4.7492,432
600903,贵州燃气,2025-12-31,68.0468,-1.3116,23
600903,贵州燃气,2026-03-31,67.1331,-0.9137,0
600903,贵州燃气,2026-06-30,70.1757,3.0426,93
600905,三峡能源,2025-12-31,74.1622,3.3534,332
600905,三峡能源,2026-03-31,70.9877,-3.1745,43
600905,三峡能源,2026-06-30,74.0098,3.0221,374
600906,财达证券,2025-12-31,52.7297,3.5388,165
600906,财达证券,2026-03-31,48.7221,-4.0076,4
600906,财达证券,2026-06-30,51.0842,2.3621,143
600908,无锡银行,2025-12-31,42.6073,5.1993,219
600908,无锡银行,2026-03-31,39.1176,-3.4897,4
600908,无锡银行,2026-06-30,43.3356,4.2180,171
600909,华安证券,2025-12-31,65.8725,5.8275,306
600909,华安证券,2026-03-31,56.5354,-9.3371,8
600909,华安证券,2026-06-30,60.5936,4.0582,242
600916,中国黄金,2025-12-31,57.9711,2.8805,84
600916,中国黄金,2026-03-31,55.7071,-2.2640,5
600916,中国黄金,2026-06-30,55.6590,-0.0481,90
600917,重庆燃气,2025-12-31,72.0354,-1.4002,2
600917,重庆燃气,2026-03-31,70.2147,-1.8207,0
600917,重庆燃气,2026-06-30,70.4656,0.2509,18
600918,中泰证券,2025-12-31,58.1730,7.3122,224
600918,中泰证券,2026-03-31,50.6472,-7.5258,4
600918,中泰证券,2026-06-30,51.5631,0.9159,213
600919,江苏银行,2025-12-31,48.9392,5.8795,979
600919,江苏银行,2026-03-31,43.0574,-5.8818,259
600919,江苏银行,2026-06-30,46.5207,3.4633,946
600925,苏能股份,2025-12-31,56.0991,-3.4235,55
600925,苏能股份,2026-03-31,55.6330,-0.4661,2
600925,苏能股份,2026-06-30,57.2823,1.6493,48
600926,杭州银行,2025-12-31,62.2573,5.4245,738
600926,杭州银行,2026-03-31,56.6230,-5.6343,108
600926,杭州银行,2026-06-30,59.8878,3.2648,703
600927,永安期货,2025-12-31,88.3157,0.6774,137
600927,永安期货,2026-03-31,87.2092,-1.1065,2
600927,永安期货,2026-06-30,87.8881,0.6789,157
600928,西安银行,2025-12-31,76.8768,1.7180,99
600928,西安银行,2026-03-31,75.8360,-1.0408,2
600928,西安银行,2026-06-30,76.8939,1.0579,90
600929,雪天盐业,2025-12-31,68.1406,1.5494,32
600929,雪天盐业,2026-03-31,67.1852,-0.9554,1
600929,雪天盐业,2026-06-30,68.7397,1.5545,92
600930,华电新能,2025-12-31,13.2091,10.1025,1101
600930,华电新能,2026-03-31,5.1314,-8.0777,15
600930,华电新能,2026-06-30,7.7351,2.6037,261
600933,爱柯迪,2025-12-31,54.7430,5.5922,358
600933,爱柯迪,2026-03-31,46.5521,-8.1909,11
600933,爱柯迪,2026-06-30,49.8517,3.2996,144
600935,华塑股份,2025-12-31,33.2542,0.1066,60
600935,华塑股份,2026-03-31,29.8840,-3.3702,0
600935,华塑股份,2026-06-30,28.4355,-1.4485,11
600936,北投科技,2025-12-31,44.6172,-0.1121,27
600936,北投科技,2026-03-31,44.0167,-0.6005,0
600936,北投科技,2026-06-30,44.5291,0.5124,15
600938,中国海油,2025-12-31,45.5085,10.1054,995
600938,中国海油,2026-03-31,41.1562,-4.3523,378
600938,中国海油,2026-06-30,41.5344,0.3782,1072
600939,重庆建工,2025-12-31,77.0227,-0.7659,17
600939,重庆建工,2026-03-31,76.7772,-0.2455,0
600939,重庆建工,2026-06-30,76.4139,-0.3633,14
600941,中国移动,2025-12-31,31.0665,5.0796,1092
600941,中国移动,2026-03-31,20.7071,-10.3594,170
600941,中国移动,2026-06-30,29.1166,8.4095,921
600955,维远股份,2025-12-31,56.4712,0.1211,24
600955,维远股份,2026-03-31,56.5667,0.0955,6
600955,维远股份,2026-06-30,57.0698,0.5031,85
600956,新天绿能,2025-12-31,88.3705,-0.3279,41
600956,新天绿能,2026-03-31,88.2947,-0.0758,0
600956,新天绿能,2026-06-30,88.6259,0.3312,80
600958,东方证券,2025-12-31,64.0264,5.8943,525
600958,东方证券,2026-03-31,54.9320,-9.0944,46
600958,东方证券,2026-06-30,58.6857,3.7537,314
600959,江苏有线,2025-12-31,58.5267,0.1183,159
600959,江苏有线,2026-03-31,57.8945,-0.6322,4
600959,江苏有线,2026-06-30,58.1784,0.2839,37
600960,渤海汽车,2025-12-31,51.1240,-0.2926,7
600960,渤海汽车,2026-03-31,49.6514,-1.4726,0
600960,渤海汽车,2026-06-30,49.4255,-0.2259,19
600961,株冶集团,2025-12-31,57.0187,8.9056,255
600961,株冶集团,2026-03-31,52.6861,-4.3326,22
600961,株冶集团,2026-06-30,48.7344,-3.9517,313
600962,国投中鲁,2025-12-31,46.1693,0.5559,30
600962,国投中鲁,2026-03-31,45.6134,-0.5559,0
600962,国投中鲁,2026-06-30,45.1362,-0.4772,21
600963,岳阳林纸,2025-12-31,48.6604,1.8806,92
600963,岳阳林纸,2026-03-31,51.3162,2.6558,6
600963,岳阳林纸,2026-06-30,53.0239,1.7077,111
600965,*ST福成,2025-12-31,44.4710,0.9501,39
600965,*ST福成,2026-03-31,43.5915,-0.8795,2
600965,*ST福成,2026-06-30,43.5209,-0.0706,0
600966,博汇纸业,2025-12-31,65.9299,5.6506,96
600966,博汇纸业,2026-03-31,63.2869,-2.6430,11
600966,博汇纸业,2026-06-30,64.6848,1.3979,136
600967,内蒙一机,2025-12-31,62.1505,1.0660,199
600967,内蒙一机,2026-03-31,57.4258,-4.7247,10
600967,内蒙一机,2026-06-30,58.0600,0.6342,136
600968,海油发展,2025-12-31,86.0133,1.1873,281
600968,海油发展,2026-03-31,84.9524,-1.0609,8
600968,海油发展,2026-06-30,86.0305,1.0781,261
600969,郴电国际,2025-12-31,44.6946,1.5888,35
600969,郴电国际,2026-03-31,43.4242,-1.2704,2
600969,郴电国际,2026-06-30,44.0294,0.6052,37
600970,中材国际,2025-12-31,65.4544,6.4232,428
600970,中材国际,2026-03-31,65.9778,0.5234,31
600970,中材国际,2026-06-30,69.2256,3.2478,301
600971,恒源煤电,2025-12-31,67.9658,2.1116,114
600971,恒源煤电,2026-03-31,66.7070,-1.2588,21
600971,恒源煤电,2026-06-30,74.9124,8.2054,249
600973,宝胜股份,2025-12-31,46.5669,-3.2676,25
600973,宝胜股份,2026-03-31,44.9119,-1.6550,1
600973,宝胜股份,2026-06-30,44.2397,-0.6722,60
600975,新五丰,2025-12-31,43.4631,2.1278,37
600975,新五丰,2026-03-31,49.3639,5.9008,3
600975,新五丰,2026-06-30,52.4616,3.0977,27
600976,健民集团,2025-12-31,38.3150,1.9063,48
600976,健民集团,2026-03-31,34.6895,-3.6255,3
600976,健民集团,2026-06-30,35.1695,0.4800,27
600977,中国电影,2025-12-31,71.8215,0.4604,103
600977,中国电影,2026-03-31,71.4393,-0.3822,5
600977,中国电影,2026-06-30,71.4807,0.0414,128
600979,广安爱众,2025-12-31,41.2231,-0.0012,20
600979,广安爱众,2026-03-31,40.3464,-0.8767,2
600979,广安爱众,2026-06-30,40.8600,0.5136,22
600980,北矿科技,2025-12-31,48.9404,-0.1056,28
600980,北矿科技,2026-03-31,48.9717,0.0313,3
600980,北矿科技,2026-06-30,51.3295,2.3578,62
600981,苏豪汇鸿,2025-12-31,68.7431,-1.6674,35
600981,苏豪汇鸿,2026-03-31,68.7225,-0.0206,1
600981,苏豪汇鸿,2026-06-30,68.0338,-0.6887,18
600982,宁波能源,2025-12-31,52.2337,1.0146,66
600982,宁波能源,2026-03-31,50.9001,-1.3336,1
600982,宁波能源,2026-06-30,52.3630,1.4629,21
600983,惠而浦,2025-12-31,83.5258,0.7209,65
600983,惠而浦,2026-03-31,83.9967,0.4709,4
600983,惠而浦,2026-06-30,83.1634,-0.8333,30
600984,建设机械,2025-12-31,36.4027,-0.4827,28
600984,建设机械,2026-03-31,38.5105,2.1078,4
600984,建设机械,2026-06-30,36.6543,-1.8562,21
600985,淮北矿业,2025-12-31,77.3285,6.1449,303
600985,淮北矿业,2026-03-31,72.0451,-5.2834,51
600985,淮北矿业,2026-06-30,78.7711,6.7260,458
600986,浙文互联,2025-12-31,20.1937,1.4189,110
600986,浙文互联,2026-03-31,16.7557,-3.4380,4
600986,浙文互联,2026-06-30,17.4551,0.6994,90
600987,航民股份,2025-12-31,68.2327,3.5277,136
600987,航民股份,2026-03-31,64.3132,-3.9195,8
600987,航民股份,2026-06-30,67.3335,3.0203,98
600988,赤峰黄金,2025-12-31,33.9596,9.2040,966
600988,赤峰黄金,2026-03-31,27.3781,-6.5815,288
600988,赤峰黄金,2026-06-30,25.9473,-1.4308,760
600989,宝丰能源,2025-12-31,71.8726,3.5976,961
600989,宝丰能源,2026-03-31,68.5456,-3.3270,151
600989,宝丰能源,2026-06-30,70.4614,1.9158,899
600990,四创电子,2025-12-31,49.8384,0.8175,41
600990,四创电子,2026-03-31,47.7946,-2.0438,0
600990,四创电子,2026-06-30,48.2041,0.4095,22
600992,贵绳股份,2025-12-31,25.0662,0.7929,20
600992,贵绳股份,2026-03-31,25.1195,0.0533,2
600992,贵绳股份,2026-06-30,24.7262,-0.3933,27
600993,马应龙,2025-12-31,60.6180,8.1444,224
600993,马应龙,2026-03-31,47.4622,-13.1558,14
600993,马应龙,2026-06-30,49.2400,1.7778,122
600995,南网储能,2025-12-31,86.5674,2.3277,181
600995,南网储能,2026-03-31,83.5777,-2.9897,3
600995,南网储能,2026-06-30,85.2022,1.6245,184
600996,贵广网络,2025-12-31,55.5255,1.0827,52
600996,贵广网络,2026-03-31,53.6981,-1.8274,1
600996,贵广网络,2026-06-30,54.1033,0.4052,30
600997,开滦股份,2025-12-31,78.9283,0.1040,103
600997,开滦股份,2026-03-31,75.1849,-3.7434,6
600997,开滦股份,2026-06-30,78.0151,2.8302,79
600998,九州通,2025-12-31,69.5333,8.0884,421
600998,九州通,2026-03-31,66.1020,-3.4313,13
600998,九州通,2026-06-30,68.8212,2.7192,349
600999,招商证券,2025-12-31,78.0088,2.9304,438
600999,招商证券,2026-03-31,75.2092,-2.7996,52
600999,招商证券,2026-06-30,75.7521,0.5429,647
601000,唐山港,2025-12-31,73.6650,3.9659,447
601000,唐山港,2026-03-31,71.4058,-2.2592,54
601000,唐山港,2026-06-30,76.6797,5.2739,525
601001,晋控煤业,2025-12-31,74.3382,5.2711,316
601001,晋控煤业,2026-03-31,69.1455,-5.1927,51
601001,晋控煤业,2026-06-30,76.4532,7.3077,396
601002,晋亿实业,2025-12-31,45.0883,-0.8316,15
601002,晋亿实业,2026-03-31,44.9970,-0.0913,0
601002,晋亿实业,2026-06-30,46.4508,1.4538,37
601003,柳钢股份,2025-12-31,78.2282,2.3546,145
601003,柳钢股份,2026-03-31,76.9743,-1.2539,1
601003,柳钢股份,2026-06-30,76.5740,-0.4003,73
601005,重庆钢铁,2025-12-31,49.1782,0.8077,16
601005,重庆钢铁,2026-03-31,45.2947,-3.8835,0
601005,重庆钢铁,2026-06-30,45.2637,-0.0310,7
601006,大秦铁路,2025-12-31,68.0037,2.0737,465
601006,大秦铁路,2026-03-31,64.6181,-3.3856,65
601006,大秦铁路,2026-06-30,67.9703,3.3522,565
601007,金陵饭店,2025-12-31,55.6627,2.0400,52
601007,金陵饭店,2026-03-31,57.5590,1.8963,7
601007,金陵饭店,2026-06-30,54.6810,-2.8780,67
601008,连云港,2025-12-31,59.8013,0.4337,37
601008,连云港,2026-03-31,59.8364,0.0351,0
601008,连云港,2026-06-30,59.7871,-0.0493,38
601009,南京银行,2025-12-31,77.6174,7.8129,750
601009,南京银行,2026-03-31,73.5106,-4.1068,137
601009,南京银行,2026-06-30,77.4703,3.9597,775
601010,ST文峰,2025-12-31,31.5343,0.8701,25
601010,ST文峰,2026-03-31,31.2746,-0.2597,0
601010,ST文峰,2026-06-30,29.4764,-1.7982,0
601011,宝泰隆,2025-12-31,27.8885,-0.7962,13
601011,宝泰隆,2026-03-31,27.0512,-0.8373,3
601011,宝泰隆,2026-06-30,27.7719,0.7207,13
601012,隆基绿能,2025-12-31,21.5562,2.1895,735
601012,隆基绿能,2026-03-31,10.6834,-10.8728,114
601012,隆基绿能,2026-06-30,9.5794,-1.1040,549
601015,陕西黑猫,2025-12-31,61.6451,0.4475,23
601015,陕西黑猫,2026-03-31,59.6262,-2.0189,3
601015,陕西黑猫,2026-06-30,59.8280,0.2018,9
601016,节能风电,2025-12-31,49.6732,0.9066,135
601016,节能风电,2026-03-31,46.9233,-2.7499,6
601016,节能风电,2026-06-30,48.0429,1.1196,131
601018,宁波港,2025-12-31,90.9859,1.1841,320
601018,宁波港,2026-03-31,90.1237,-0.8622,10
601018,宁波港,2026-06-30,90.5534,0.4297,373
601019,山东出版,2025-12-31,88.3768,1.9439,312
601019,山东出版,2026-03-31,86.7237,-1.6531,22
601019,山东出版,2026-06-30,87.5007,0.7770,186
601020,华钰矿业,2025-12-31,39.7155,4.9998,299
601020,华钰矿业,2026-03-31,29.3614,-10.3541,17
601020,华钰矿业,2026-06-30,28.6977,-0.6637,121
601021,春秋航空,2025-12-31,69.6081,3.5211,439
601021,春秋航空,2026-03-31,63.3493,-6.2588,32
601021,春秋航空,2026-06-30,65.6174,2.2681,484
601022,宁波远洋,2025-12-31,84.1522,64.7027,68
601022,宁波远洋,2026-03-31,83.4099,-0.7423,0
601022,宁波远洋,2026-06-30,83.5303,0.1204,38
601026,道生天合,2025-12-31,2.1902,,2586
601026,道生天合,2026-03-31,0.0145,-2.1757,45
601026,道生天合,2026-06-30,1.0376,1.0231,301
601033,永兴股份,2025-12-31,52.4349,-0.1807,147
601033,永兴股份,2026-03-31,44.8109,-7.6240,2
601033,永兴股份,2026-06-30,49.2272,4.4163,105
601038,一拖股份,2025-12-31,77.8134,1.9103,92
601038,一拖股份,2026-03-31,76.3383,-1.4751,5
601038,一拖股份,2026-06-30,79.7001,3.3618,145
601058,赛轮轮胎,2025-12-31,46.3144,7.8741,818
601058,赛轮轮胎,2026-03-31,33.0611,-13.2533,70
601058,赛轮轮胎,2026-06-30,39.2105,6.1494,649
601059,信达证券,2025-12-31,34.8686,8.4520,175
601059,信达证券,2026-03-31,84.4373,49.5687,17
601059,信达证券,2026-06-30,85.9780,1.5407,217
601061,中信金属,2025-12-31,12.2477,6.7555,187
601061,中信金属,2026-03-31,10.6878,-1.5599,2
601061,中信金属,2026-06-30,90.7729,80.0851,279
601065,江盐集团,2025-12-31,37.6416,-0.8888,30
601065,江盐集团,2026-03-31,88.2135,50.5719,0
601065,江盐集团,2026-06-30,57.3925,-30.8210,28
601066,中信建投,2025-12-31,89.7077,1.3318,341
601066,中信建投,2026-03-31,87.2936,-2.4141,9
601066,中信建投,2026-06-30,88.3880,1.0944,356
601068,中铝国际,2025-12-31,89.6581,0.4901,73
601068,中铝国际,2026-03-31,89.3532,-0.3049,3
601068,中铝国际,2026-06-30,89.9206,0.5674,90
601069,西部黄金,2025-12-31,69.6516,1.7701,185
601069,西部黄金,2026-03-31,68.8794,-0.7722,24
601069,西部黄金,2026-06-30,68.8052,-0.0742,245
601077,渝农商行,2025-12-31,59.5672,9.6832,626
601077,渝农商行,2026-03-31,50.4002,-9.1670,119
601077,渝农商行,2026-06-30,58.2021,7.8019,678
601083,锦江航运,2025-12-31,12.5465,4.7247,178
601083,锦江航运,2026-03-31,7.2698,-5.2767,3
601083,锦江航运,2026-06-30,12.9324,5.6626,126
601086,国芳集团,2025-12-31,0.5239,0.3468,29
601086,国芳集团,2026-03-31,1.1665,0.6426,0
601086,国芳集团,2026-06-30,0.8673,-0.2992,46
601088,中国神华,2025-12-31,92.6478,1.5064,1109
601088,中国神华,2026-03-31,92.1300,-0.5178,295
601088,中国神华,2026-06-30,92.2134,0.0834,1116
601089,福元医药,2025-12-31,81.4807,6.1800,140
601089,福元医药,2026-03-31,77.6318,-3.8489,8
601089,福元医药,2026-06-30,77.6425,0.0107,88
601096,宏盛华源,2025-12-31,61.6927,1.6574,99
601096,宏盛华源,2026-03-31,60.6483,-1.0444,2
601096,宏盛华源,2026-06-30,59.5491,-1.0992,87
601098,中南传媒,2025-12-31,75.0360,0.8056,224
601098,中南传媒,2026-03-31,72.6948,-2.3412,8
601098,中南传媒,2026-06-30,76.0318,3.3370,237
601099,太平洋,2025-12-31,23.7265,2.3845,129
601099,太平洋,2026-03-31,20.3999,-3.3266,5
601099,太平洋,2026-06-30,22.0599,1.6600,130
601100,恒立液压,2025-12-31,83.3920,2.9976,1046
601100,恒立液压,2026-03-31,77.9285,-5.4635,150
601100,恒立液压,2026-06-30,84.7519,6.8234,880
601101,昊华能源,2025-12-31,78.8975,4.3928,128
601101,昊华能源,2026-03-31,73.0454,-5.8521,19
601101,昊华能源,2026-06-30,80.6206,7.5752,255
601106,中国一重,2025-12-31,65.6651,0.6166,79
601106,中国一重,2026-03-31,65.2302,-0.4349,2
601106,中国一重,2026-06-30,65.7166,0.4864,144
601107,四川成渝,2025-12-31,85.5105,1.2849,207
601107,四川成渝,2026-03-31,83.2857,-2.2248,10
601107,四川成渝,2026-06-30,85.8127,2.5270,141
601108,财通证券,2025-12-31,49.8400,4.2071,369
601108,财通证券,2026-03-31,45.9493,-3.8907,33
601108,财通证券,2026-06-30,49.3423,3.3930,349
601111,中国国航,2025-12-31,81.9494,4.0273,673
601111,中国国航,2026-03-31,75.9511,-5.9983,64
601111,中国国航,2026-06-30,76.9307,0.9796,552
601112,振石股份,2026-03-31,0.1888,,27
601112,振石股份,2026-06-30,2.6625,2.4737,2886
601113,华鼎股份,2025-12-31,40.6043,-1.1959,10
601113,华鼎股份,2026-03-31,37.6650,-2.9393,0
601113,华鼎股份,2026-06-30,37.7703,0.1053,8
601116,三江购物,2025-12-31,65.2480,-1.8041,8
601116,三江购物,2026-03-31,64.3766,-0.8714,1
601116,三江购物,2026-06-30,63.4868,-0.8898,30
601117,中国化学,2025-12-31,58.6695,5.4708,670
601117,中国化学,2026-03-31,51.4115,-7.2580,34
601117,中国化学,2026-06-30,53.8899,2.4784,602
601118,海南橡胶,2025-12-31,70.7118,1.5149,136
601118,海南橡胶,2026-03-31,71.0976,0.3858,17
601118,海南橡胶,2026-06-30,69.9415,-1.1561,176
601121,宝地矿业,2025-12-31,21.3156,-4.4528,41
601121,宝地矿业,2026-03-31,60.5223,39.2067,1
601121,宝地矿业,2026-06-30,59.5261,-0.9962,65
601126,四方股份,2025-12-31,58.3587,6.6388,355
601126,四方股份,2026-03-31,54.0667,-4.2920,52
601126,四方股份,2026-06-30,55.9799,1.9132,389
601127,赛力斯,2025-12-31,57.1667,-2.8588,423
601127,赛力斯,2026-03-31,53.2614,-3.9053,31
601127,赛力斯,2026-06-30,54.7916,1.5302,449
601128,常熟银行,2025-12-31,44.0751,8.4980,411
601128,常熟银行,2026-03-31,35.3354,-8.7397,27
601128,常熟银行,2026-06-30,41.4253,6.0899,346
601133,柏诚股份,2025-12-31,3.6683,-0.5934,20
601133,柏诚股份,2026-03-31,9.5881,5.9198,4
601133,柏诚股份,2026-06-30,56.2300,46.6419,72
601136,首创证券,2025-12-31,86.6394,66.3022,156
601136,首创证券,2026-03-31,85.0809,-1.5585,4
601136,首创证券,2026-06-30,85.6758,0.5949,168
601137,博威合金,2025-12-31,50.6050,1.0329,155
601137,博威合金,2026-03-31,42.9600,-7.6450,9
601137,博威合金,2026-06-30,47.3646,4.4046,137
601138,工业富联,2025-12-31,89.2461,0.4103,1560
601138,工业富联,2026-03-31,86.8105,-2.4356,340
601138,工业富联,2026-06-30,88.5447,1.7342,1274
601139,深圳燃气,2025-12-31,83.8092,1.2238,109
601139,深圳燃气,2026-03-31,79.4313,-4.3779,7
601139,深圳燃气,2026-06-30,80.6678,1.2365,226
601155,新城控股,2025-12-31,76.6314,4.1879,325
601155,新城控股,2026-03-31,72.6619,-3.9695,41
601155,新城控股,2026-06-30,76.1101,3.4482,363
601156,东航物流,2025-12-31,47.5503,4.2981,310
601156,东航物流,2026-03-31,43.5215,-4.0288,8
601156,东航物流,2026-06-30,48.9602,5.4387,335
601158,重庆水务,2025-12-31,89.7080,-0.1767,62
601158,重庆水务,2026-03-31,89.7552,0.0472,0
601158,重庆水务,2026-06-30,89.0762,-0.6790,36
601162,天风证券,2025-12-31,37.6215,3.5143,153
601162,天风证券,2026-03-31,34.2282,-3.3933,5
601162,天风证券,2026-06-30,36.4733,2.2451,129
601163,三角轮胎,2025-12-31,62.0382,2.9247,121
601163,三角轮胎,2026-03-31,60.3724,-1.6658,5
601163,三角轮胎,2026-06-30,61.8026,1.4302,123
601166,兴业银行,2025-12-31,57.4618,5.2553,1009
601166,兴业银行,2026-03-31,52.9334,-4.5284,411
601166,兴业银行,2026-06-30,51.9333,-1.0001,968
601168,西部矿业,2025-12-31,54.5989,9.3203,691
601168,西部矿业,2026-03-31,43.8328,-10.7661,63
601168,西部矿业,2026-06-30,52.3768,8.5440,703
601169,北京银行,2025-12-31,52.8102,5.6547,519
601169,北京银行,2026-03-31,46.3211,-6.4891,25
601169,北京银行,2026-06-30,49.5335,3.2124,438
601177,杭齿前进,2025-12-31,46.4200,-0.5329,25
601177,杭齿前进,2026-03-31,46.9614,0.5414,2
601177,杭齿前进,2026-06-30,47.3107,0.3493,22
601179,中国西电,2025-12-31,66.1171,0.4567,236
601179,中国西电,2026-03-31,62.6863,-3.4308,11
601179,中国西电,2026-06-30,58.5625,-4.1238,256
601186,中国铁建,2025-12-31,75.2758,3.3529,469
601186,中国铁建,2026-03-31,64.6185,-10.6573,20
601186,中国铁建,2026-06-30,63.9631,-0.6554,392
601187,厦门银行,2025-12-31,77.4986,31.2412,221
601187,厦门银行,2026-03-31,71.6703,-5.8283,8
601187,厦门银行,2026-06-30,78.2808,6.6105,226
601188,龙江交通,2025-12-31,61.2346,-1.3970,21
601188,龙江交通,2026-03-31,57.3362,-3.8984,2
601188,龙江交通,2026-06-30,57.6904,0.3542,12
601198,东兴证券,2025-12-31,65.0703,4.2405,226
601198,东兴证券,2026-03-31,63.4466,-1.6237,17
601198,东兴证券,2026-06-30,66.6369,3.1903,211
601199,江南水务,2025-12-31,72.4213,-0.0791,11
601199,江南水务,2026-03-31,73.0488,0.6275,2
601199,江南水务,2026-06-30,71.5635,-1.4853,17
601200,上海环境,2025-12-31,59.4439,0.8004,62
601200,上海环境,2026-03-31,57.6818,-1.7621,3
601200,上海环境,2026-06-30,57.9585,0.2767,75
601208,东材科技,2025-12-31,30.1170,0.2117,187
601208,东材科技,2026-03-31,26.5741,-3.5429,22
601208,东材科技,2026-06-30,33.0856,6.5115,439
601211,国泰海通,2025-12-31,54.6142,9.7680,1018
601211,国泰海通,2026-03-31,46.0687,-8.5455,181
601211,国泰海通,2026-06-30,49.3013,3.2326,1141
601212,白银有色,2025-12-31,79.0390,3.6164,147
601212,白银有色,2026-03-31,74.8243,-4.2147,12
601212,白银有色,2026-06-30,74.0199,-0.8044,211
601216,君正集团,2025-12-31,26.9688,1.8586,369
601216,君正集团,2026-03-31,24.5187,-2.4501,10
601216,君正集团,2026-06-30,27.6874,3.1687,356
601218,吉鑫科技,2025-12-31,1.0910,-1.3506,28
601218,吉鑫科技,2026-03-31,0.5465,-0.5445,0
601218,吉鑫科技,2026-06-30,2.2018,1.6553,70
601222,林洋能源,2025-12-31,41.7573,1.9971,89
601222,林洋能源,2026-03-31,39.5744,-2.1829,9
601222,林洋能源,2026-06-30,43.1301,3.5557,91
601225,陕西煤业,2025-12-31,78.1453,3.4242,814
601225,陕西煤业,2026-03-31,75.7567,-2.3886,193
601225,陕西煤业,2026-06-30,77.2369,1.4802,964
601226,华电科工,2025-12-31,65.5266,1.2638,91
601226,华电科工,2026-03-31,64.3685,-1.1581,4
601226,华电科工,2026-06-30,64.9240,0.5555,69
601228,广州港,2025-12-31,86.4198,0.3298,117
601228,广州港,2026-03-31,86.1937,-0.2261,2
601228,广州港,2026-06-30,85.9618,-0.2319,86
601229,上海银行,2025-12-31,62.0069,6.2054,671
601229,上海银行,2026-03-31,57.5067,-4.5002,96
601229,上海银行,2026-06-30,59.1570,1.6503,529
601231,环旭电子,2025-12-31,86.1741,0.7942,415
601231,环旭电子,2026-03-31,80.3042,-5.8699,82
601231,环旭电子,2026-06-30,78.9372,-1.3670,442
601233,桐昆股份,2025-12-31,53.4552,7.3307,633
601233,桐昆股份,2026-03-31,47.9511,-5.5041,78
601233,桐昆股份,2026-06-30,58.7862,10.8351,1027
601236,红塔证券,2025-12-31,84.1615,2.3816,142
601236,红塔证券,2026-03-31,81.2058,-2.9557,2
601236,红塔证券,2026-06-30,82.7803,1.5745,123
601238,广汽集团,2025-12-31,83.1819,0.8121,246
601238,广汽集团,2026-03-31,81.7132,-1.4687,4
601238,广汽集团,2026-06-30,82.1406,0.4274,283
601279,英利汽车,2025-12-31,80.4379,-0.8427,7
601279,英利汽车,2026-03-31,79.8501,-0.5878,1
601279,英利汽车,2026-06-30,78.2116,-1.6385,44
601288,农业银行,2025-12-31,95.4441,0.9696,750
601288,农业银行,2026-03-31,94.6015,-0.8426,165
601288,农业银行,2026-06-30,94.9010,0.2995,830
601298,青岛港,2025-12-31,92.6961,1.3858,377
601298,青岛港,2026-03-31,91.6828,-1.0133,8
601298,青岛港,2026-06-30,92.8887,1.2059,284
601311,骆驼股份,2025-12-31,18.7102,2.1873,148
601311,骆驼股份,2026-03-31,16.2507,-2.4595,4
601311,骆驼股份,2026-06-30,16.6547,0.4040,82
601318,中国平安,2025-12-31,45.7394,5.1768,2036
601318,中国平安,2026-03-31,40.1240,-5.6154,1049
601318,中国平安,2026-06-30,36.6843,-3.4397,1495
601319,中国人保,2025-12-31,94.2716,1.3073,714
601319,中国人保,2026-03-31,92.9650,-1.3066,35
601319,中国人保,2026-06-30,93.4954,0.5304,508
601326,秦港股份,2025-12-31,86.6359,1.1838,102
601326,秦港股份,2026-03-31,85.3345,-1.3014,1
601326,秦港股份,2026-06-30,85.9923,0.6578,74
601328,交通银行,2025-12-31,49.9305,10.0701,806
601328,交通银行,2026-03-31,40.0882,-9.8423,135
601328,交通银行,2026-06-30,43.6858,3.5976,789
601330,绿色动力,2025-12-31,73.4532,0.2521,87
601330,绿色动力,2026-03-31,71.3464,-2.1068,1
601330,绿色动力,2026-06-30,72.4074,1.0610,46
601333,广深铁路,2025-12-31,56.1764,2.0419,212
601333,广深铁路,2026-03-31,52.8766,-3.2998,12
601333,广深铁路,2026-06-30,54.7815,1.9049,159
601336,新华保险,2025-12-31,80.5088,4.4497,882
601336,新华保险,2026-03-31,74.6026,-5.9062,83
601336,新华保险,2026-06-30,74.5971,-0.0055,639
601339,百隆东方,2025-12-31,49.4705,1.9118,143
601339,百隆东方,2026-03-31,48.6327,-0.8378,13
601339,百隆东方,2026-06-30,53.0527,4.4200,207
601360,三六零,2025-12-31,54.0239,2.1389,375
601360,三六零,2026-03-31,50.9424,-3.0815,26
601360,三六零,2026-06-30,52.4584,1.5160,471
601366,利群股份,2025-12-31,44.2615,-0.6885,14
601366,利群股份,2026-03-31,50.2332,5.9717,0
601366,利群股份,2026-06-30,50.5228,0.2896,17
601368,绿城水务,2025-12-31,62.3687,0.5096,47
601368,绿城水务,2026-03-31,62.1000,-0.2687,1
601368,绿城水务,2026-06-30,62.0453,-0.0547,35
601369,陕鼓动力,2025-12-31,72.1989,8.2222,224
601369,陕鼓动力,2026-03-31,70.4011,-1.7978,20
601369,陕鼓动力,2026-06-30,72.9895,2.5884,111
601375,中原证券,2025-12-31,44.3051,4.2473,117
601375,中原证券,2026-03-31,40.5420,-3.7631,2
601375,中原证券,2026-06-30,43.6437,3.1017,118
601377,兴业证券,2025-12-31,55.7982,9.5392,514
601377,兴业证券,2026-03-31,46.3105,-9.4877,50
601377,兴业证券,2026-06-30,49.7096,3.3991,396
601388,怡球资源,2025-12-31,43.8338,1.2630,78
601388,怡球资源,2026-03-31,42.1616,-1.6722,7
601388,怡球资源,2026-06-30,43.4738,1.3122,56
601390,中国中铁,2025-12-31,75.6522,2.8057,482
601390,中国中铁,2026-03-31,63.9982,-11.6540,33
601390,中国中铁,2026-06-30,65.3612,1.3630,413
601398,工商银行,2025-12-31,95.4580,0.8545,1023
601398,工商银行,2026-03-31,94.7380,-0.7200,336
601398,工商银行,2026-06-30,95.0530,0.3150,1048
601399,国机重装,2025-12-31,76.3309,-0.8200,83
601399,国机重装,2026-03-31,72.4986,-3.8323,2
601399,国机重装,2026-06-30,70.7552,-1.7434,171
601456,国联民生,2025-12-31,88.3513,31.1760,230
601456,国联民生,2026-03-31,47.4062,-40.9451,1
601456,国联民生,2026-06-30,52.7349,5.3287,216
601500,通用股份,2025-12-31,26.3304,1.8931,42
601500,通用股份,2026-03-31,23.4027,-2.9277,0
601500,通用股份,2026-06-30,24.3211,0.9184,59
601512,中新集团,2025-12-31,89.3545,0.1967,35
601512,中新集团,2026-03-31,89.4903,0.1358,2
601512,中新集团,2026-06-30,90.1614,0.6711,32
601515,衢州东峰,2025-12-31,48.8890,-2.0058,40
601515,衢州东峰,2026-03-31,48.2938,-0.5952,1
601515,衢州东峰,2026-06-30,48.4331,0.1393,19
601518,吉林高速,2025-12-31,69.8489,1.2399,68
601518,吉林高速,2026-03-31,69.8026,-0.0463,2
601518,吉林高速,2026-06-30,71.4483,1.6457,55
601519,大智慧,2025-12-31,23.8385,5.0449,144
601519,大智慧,2026-03-31,18.1450,-5.6935,4
601519,大智慧,2026-06-30,19.3439,1.1989,73
601528,瑞丰银行,2025-12-31,48.9565,6.5441,172
601528,瑞丰银行,2026-03-31,44.0237,-4.9328,2
601528,瑞丰银行,2026-06-30,47.3641,3.3404,76
601555,东吴证券,2025-12-31,51.7791,6.3902,409
601555,东吴证券,2026-03-31,43.6139,-8.1652,18
601555,东吴证券,2026-06-30,48.6503,5.0364,286
601566,九牧王,2025-12-31,67.6475,0.4628,2
601566,九牧王,2026-03-31,68.4931,0.8456,0
601566,九牧王,2026-06-30,68.9653,0.4722,32
601567,三星电气,2025-12-31,41.2500,3.0562,381
601567,三星电气,2026-03-31,37.2050,-4.0450,21
601567,三星电气,2026-06-30,40.3497,3.1447,331
601568,北元化工,2025-12-31,61.3507,-0.3852,41
601568,北元化工,2026-03-31,60.9330,-0.4177,1
601568,北元化工,2026-06-30,60.0152,-0.9178,72
601577,长沙银行,2025-12-31,64.6222,6.0893,450
601577,长沙银行,2026-03-31,58.5315,-6.0907,31
601577,长沙银行,2026-06-30,64.5017,5.9702,401
601579,会稽山,2025-12-31,63.8162,1.2951,80
601579,会稽山,2026-03-31,62.3015,-1.5147,5
601579,会稽山,2026-06-30,66.5996,4.2981,110
601588,北辰实业,2025-12-31,50.9875,-0.7354,13
601588,北辰实业,2026-03-31,52.5905,1.6030,1
601588,北辰实业,2026-06-30,51.7294,-0.8611,7
601595,上海电影,2025-12-31,76.8012,1.7925,127
601595,上海电影,2026-03-31,73.8084,-2.9928,3
601595,上海电影,2026-06-30,74.3552,0.5468,90
601598,中国外运,2025-12-31,88.3869,4.0869,223
601598,中国外运,2026-03-31,85.0243,-3.3626,18
601598,中国外运,2026-06-30,86.9742,1.9499,252
601599,浙文影业,2025-12-31,26.7332,0.6208,49
601599,浙文影业,2026-03-31,25.8086,-0.9246,0
601599,浙文影业,2026-06-30,25.5264,-0.2822,24
601600,中国铝业,2025-12-31,65.2577,9.3932,1048
601600,中国铝业,2026-03-31,53.9107,-11.3470,157
601600,中国铝业,2026-06-30,58.4880,4.5773,891
601601,中国太保,2025-12-31,75.2403,7.2911,1379
601601,中国太保,2026-03-31,68.4152,-6.8251,288
601601,中国太保,2026-06-30,69.5038,1.0886,1018
601606,长城军工,2025-12-31,62.3132,-0.1817,41
601606,长城军工,2026-03-31,60.1661,-2.1471,6
601606,长城军工,2026-06-30,60.5873,0.4212,60
601607,上海医药,2025-12-31,77.0826,3.9692,355
601607,上海医药,2026-03-31,72.0771,-5.0055,6
601607,上海医药,2026-06-30,75.1666,3.0895,400
601608,中信重工,2025-12-31,72.1136,2.0055,152
601608,中信重工,2026-03-31,69.6273,-2.4863,4
601608,中信重工,2026-06-30,71.8309,2.2036,189
601609,金田股份,2025-12-31,29.9352,1.2672,121
601609,金田股份,2026-03-31,27.5797,-2.3555,2
601609,金田股份,2026-06-30,30.5950,3.0153,119
601611,中国核建,2025-12-31,71.5672,0.2144,95
601611,中国核建,2026-03-31,69.5194,-2.0478,4
601611,中国核建,2026-06-30,69.9136,0.3942,131
601615,明阳智能,2025-12-31,45.5004,8.0255,442
601615,明阳智能,2026-03-31,36.2622,-9.2382,50
601615,明阳智能,2026-06-30,35.2671,-0.9951,378
601616,广电电气,2025-12-31,25.4421,0.3803,27
601616,广电电气,2026-03-31,25.3731,-0.0690,0
601616,广电电气,2026-06-30,26.5861,1.2130,25
601618,中国中冶,2025-12-31,71.3715,0.3771,288
601618,中国中冶,2026-03-31,65.9624,-5.4091,9
601618,中国中冶,2026-06-30,66.3473,0.3849,298
601619,嘉泽新能,2025-12-31,56.9274,2.0166,86
601619,嘉泽新能,2026-03-31,49.6382,-7.2892,6
601619,嘉泽新能,2026-06-30,53.5410,3.9028,121
601628,中国人寿,2025-12-31,98.1822,0.6079,848
601628,中国人寿,2026-03-31,97.4008,-0.7814,73
601628,中国人寿,2026-06-30,97.0454,-0.3554,716
601633,长城汽车,2025-12-31,90.3371,1.1172,498
601633,长城汽车,2026-03-31,89.0131,-1.3240,66
601633,长城汽车,2026-06-30,88.5768,-0.4363,366
601636,旗滨集团,2025-12-31,38.6613,4.3221,281
601636,旗滨集团,2026-03-31,30.1507,-8.5106,19
601636,旗滨集团,2026-06-30,39.3824,9.2317,306
601658,邮储银行,2025-12-31,93.0792,0.1374,660
601658,邮储银行,2026-03-31,91.9895,-1.0897,35
601658,邮储银行,2026-06-30,93.2509,1.2614,633
601665,齐鲁银行,2025-12-31,58.2860,7.1817,392
601665,齐鲁银行,2026-03-31,51.1864,-7.0996,61
601665,齐鲁银行,2026-06-30,61.0957,9.9093,530
601666,平煤股份,2025-12-31,64.8178,0.2930,176
601666,平煤股份,2026-03-31,61.3232,-3.4946,36
601666,平煤股份,2026-06-30,71.8972,10.5740,327
601668,中国建筑,2025-12-31,72.4084,2.0468,868
601668,中国建筑,2026-03-31,66.8596,-5.5488,121
601668,中国建筑,2026-06-30,67.2482,0.3886,812
601669,中国电建,2025-12-31,54.9088,1.4879,353
601669,中国电建,2026-03-31,46.1638,-8.7450,23
601669,中国电建,2026-06-30,46.0592,-0.1046,332
601677,明泰铝业,2025-12-31,19.4939,6.9582,266
601677,明泰铝业,2026-03-31,13.8168,-5.6771,33
601677,明泰铝业,2026-06-30,18.7645,4.9477,393
601678,滨化股份,2025-12-31,20.3163,3.8923,116
601678,滨化股份,2026-03-31,16.2744,-4.0419,3
601678,滨化股份,2026-06-30,17.8286,1.5542,94
601686,友发集团,2025-12-31,1.5767,1.5216,47
601686,友发集团,2026-06-30,0.9203,,32
601688,华泰证券,2025-12-31,52.4199,5.6320,942
601688,华泰证券,2026-03-31,42.9997,-9.4202,131
601688,华泰证券,2026-06-30,47.5541,4.5544,968
601689,拓普集团,2025-12-31,75.9470,6.6417,787
601689,拓普集团,2026-03-31,67.1623,-8.7847,105
601689,拓普集团,2026-06-30,66.8672,-0.2951,550
601696,中银证券,2025-12-31,60.0129,-0.4994,165
601696,中银证券,2026-03-31,57.2893,-2.7236,5
601696,中银证券,2026-06-30,58.5944,1.3051,172
601698,中国卫通,2025-12-31,82.5191,0.9283,217
601698,中国卫通,2026-03-31,79.8147,-2.7044,22
601698,中国卫通,2026-06-30,81.2282,1.4135,237
601699,潞安环能,2025-12-31,76.1462,3.3421,324
601699,潞安环能,2026-03-31,72.8011,-3.3451,58
601699,潞安环能,2026-06-30,79.1439,6.3428,642
601700,风范股份,2025-12-31,17.0409,-0.6187,22
601700,风范股份,2026-03-31,30.7142,13.6733,0
601700,风范股份,2026-06-30,32.4162,1.7020,65
601702,华峰铝业,2025-12-31,77.0021,5.6283,229
601702,华峰铝业,2026-03-31,72.3914,-4.6107,16
601702,华峰铝业,2026-06-30,73.7281,1.3367,141
601717,中创智领,2025-12-31,52.8512,5.5918,494
601717,中创智领,2026-03-31,45.5364,-7.3148,18
601717,中创智领,2026-06-30,49.3991,3.8627,281
601718,ST际华,2025-12-31,55.2034,0.7633,33
601718,ST际华,2026-03-31,53.6471,-1.5563,3
601718,ST际华,2026-06-30,52.9664,-0.6807,1
601727,上海电气,2025-12-31,63.0404,-0.2282,153
601727,上海电气,2026-03-31,59.9898,-3.0506,7
601727,上海电气,2026-06-30,61.4050,1.4152,311
601728,中国电信,2025-12-31,92.4810,2.0289,724
601728,中国电信,2026-03-31,89.9129,-2.5681,85
601728,中国电信,2026-06-30,91.3504,1.4375,632
601766,中国中车,2025-12-31,80.2935,4.8878,610
601766,中国中车,2026-03-31,68.7508,-11.5427,22
601766,中国中车,2026-06-30,67.7715,-0.9793,672
601777,千里科技,2025-12-31,71.5309,1.0335,113
601777,千里科技,2026-03-31,67.4255,-4.1054,4
601777,千里科技,2026-06-30,68.1598,0.7343,119
601778,晶科科技,2025-12-31,37.7702,0.2803,87
601778,晶科科技,2026-03-31,32.9690,-4.8012,7
601778,晶科科技,2026-06-30,34.9600,1.9910,138
601788,光大证券,2025-12-31,66.1011,2.8399,229
601788,光大证券,2026-03-31,60.9966,-5.1045,10
601788,光大证券,2026-06-30,61.1302,0.1336,256
601789,宁波建工,2025-12-31,27.9295,-0.3234,20
601789,宁波建工,2026-03-31,31.2485,3.3190,1
601789,宁波建工,2026-06-30,28.9596,-2.2889,60
601798,蓝科高新,2025-12-31,45.3702,-1.2829,37
601798,蓝科高新,2026-03-31,42.6945,-2.6757,4
601798,蓝科高新,2026-06-30,44.5573,1.8628,48
601799,星宇股份,2025-12-31,31.8591,5.1918,389
601799,星宇股份,2026-03-31,25.9778,-5.8813,75
601799,星宇股份,2026-06-30,24.7621,-1.2157,434
601800,中国交建,2025-12-31,87.1753,0.9278,344
601800,中国交建,2026-03-31,84.9043,-2.2710,17
601800,中国交建,2026-06-30,81.4305,-3.4738,342
601801,皖新传媒,2025-12-31,82.7177,1.9291,164
601801,皖新传媒,2026-03-31,81.7706,-0.9471,8
601801,皖新传媒,2026-06-30,81.0528,-0.7178,133
601808,中海油服,2025-12-31,89.3691,1.2331,316
601808,中海油服,2026-03-31,85.5087,-3.8604,6
601808,中海油服,2026-06-30,84.5524,-0.9563,182
601811,新华文轩,2025-12-31,90.0720,-0.4225,75
601811,新华文轩,2026-03-31,89.7403,-0.3317,1
601811,新华文轩,2026-06-30,90.1360,0.3957,51
601816,京沪高铁,2025-12-31,85.2441,5.4622,579
601816,京沪高铁,2026-03-31,80.8951,-4.3490,67
601816,京沪高铁,2026-06-30,82.7611,1.8660,671
601818,光大银行,2025-12-31,75.9529,3.4426,455
601818,光大银行,2026-03-31,71.6016,-4.3513,9
601818,光大银行,2026-06-30,73.5973,1.9957,398
601825,沪农商行,2025-12-31,69.3423,8.0419,448
601825,沪农商行,2026-03-31,63.8245,-5.5178,34
601825,沪农商行,2026-06-30,66.8328,3.0083,391
601827,三峰环境,2025-12-31,79.7090,1.1580,99
601827,三峰环境,2026-03-31,78.1105,-1.5985,3
601827,三峰环境,2026-06-30,78.7180,0.6075,60
601828,美凯龙,2025-12-31,71.9565,-1.3199,5
601828,美凯龙,2026-03-31,70.4526,-1.5039,0
601828,美凯龙,2026-06-30,69.3058,-1.1468,41
601838,成都银行,2025-12-31,66.1104,0.1600,498
601838,成都银行,2026-03-31,61.4643,-4.6461,63
601838,成都银行,2026-06-30,68.1704,6.7061,501
601857,中国石油,2025-12-31,96.8806,0.8319,1055
601857,中国石油,2026-03-31,96.5137,-0.3669,296
601857,中国石油,2026-06-30,96.9544,0.4407,999
601858,中国科传,2025-12-31,82.6744,0.0571,68
601858,中国科传,2026-03-31,82.5023,-0.1721,4
601858,中国科传,2026-06-30,84.3383,1.8360,107
601860,紫金银行,2025-12-31,35.3654,3.7543,91
601860,紫金银行,2026-03-31,31.2152,-4.1502,0
601860,紫金银行,2026-06-30,33.2512,2.0360,92
601865,福莱特,2025-12-31,10.5220,3.4606,411
601865,福莱特,2026-03-31,4.1988,-6.3232,14
601865,福莱特,2026-06-30,6.4762,2.2774,246
601866,中远海发,2025-12-31,66.2195,1.6421,215
601866,中远海发,2026-03-31,63.9992,-2.2203,1
601866,中远海发,2026-06-30,64.0184,0.0192,172
601868,中国能建,2025-12-31,69.8599,0.8166,327
601868,中国能建,2026-03-31,66.4099,-3.4500,14
601868,中国能建,2026-06-30,65.3375,-1.0724,306
601869,长飞光纤,2025-12-31,81.6481,3.5862,216
601869,长飞光纤,2026-03-31,83.0315,1.3834,139
601869,长飞光纤,2026-06-30,81.6081,-1.4234,655
601872,招商轮船,2025-12-31,79.3235,2.5834,642
601872,招商轮船,2026-03-31,77.9249,-1.3986,176
601872,招商轮船,2026-06-30,76.6081,-1.3168,1022
601877,正泰电器,2025-12-31,65.6259,1.3586,623
601877,正泰电器,2026-03-31,62.0166,-3.6093,61
601877,正泰电器,2026-06-30,65.2112,3.1946,596
601878,浙商证券,2025-12-31,60.5523,3.2419,273
601878,浙商证券,2026-03-31,56.3669,-4.1854,8
601878,浙商证券,2026-06-30,59.1626,2.7957,234
601880,辽港股份,2025-12-31,76.7820,1.3753,230
601880,辽港股份,2026-03-31,75.5193,-1.2627,3
601880,辽港股份,2026-06-30,76.4887,0.9694,242
601881,中国银河,2025-12-31,79.5286,1.7023,487
601881,中国银河,2026-03-31,76.1454,-3.3832,22
601881,中国银河,2026-06-30,77.3616,1.2162,321
601882,海天精工,2025-12-31,78.5218,0.6782,48
601882,海天精工,2026-03-31,77.4037,-1.1181,2
601882,海天精工,2026-06-30,79.8373,2.4336,100
601886,江河集团,2025-12-31,57.4883,6.0857,157
601886,江河集团,2026-03-31,52.8609,-4.6274,19
601886,江河集团,2026-06-30,59.6804,6.8195,174
601888,中国中免,2025-12-31,68.5782,3.2652,691
601888,中国中免,2026-03-31,62.1035,-6.4747,112
601888,中国中免,2026-06-30,62.0736,-0.0299,606
601890,亚星锚链,2025-12-31,6.2522,2.3523,122
601890,亚星锚链,2026-03-31,3.5987,-2.6535,4
601890,亚星锚链,2026-06-30,2.3635,-1.2352,47
601898,中煤能源,2025-12-31,92.3567,1.1682,527
601898,中煤能源,2026-03-31,90.2517,-2.1050,90
601898,中煤能源,2026-06-30,91.1461,0.8944,591
601899,紫金矿业,2025-12-31,57.4423,0.4350,2622
601899,紫金矿业,2026-03-31,51.7740,-5.6683,1475
601899,紫金矿业,2026-06-30,48.9487,-2.8253,2165
601900,南方传媒,2025-12-31,74.1274,5.3546,241
601900,南方传媒,2026-03-31,68.0330,-6.0944,9
601900,南方传媒,2026-06-30,71.7467,3.7137,100
601901,方正证券,2025-12-31,65.9179,3.3936,349
601901,方正证券,2026-03-31,59.6082,-6.3097,2
601901,方正证券,2026-06-30,60.8099,1.2017,234
601908,京运通,2025-12-31,31.8346,0.0340,31
601908,京运通,2026-03-31,30.7426,-1.0920,1
601908,京运通,2026-06-30,34.8119,4.0693,17
601916,浙商银行,2025-12-31,55.0723,6.2463,308
601916,浙商银行,2026-03-31,49.7714,-5.3009,7
601916,浙商银行,2026-06-30,55.0120,5.2406,383
601918,新集能源,2025-12-31,59.7324,5.6225,291
601918,新集能源,2026-03-31,53.6578,-6.0746,31
601918,新集能源,2026-06-30,66.6435,12.9857,365
601919,中远海控,2025-12-31,72.6155,3.2141,765
601919,中远海控,2026-03-31,68.4092,-4.2063,160
601919,中远海控,2026-06-30,68.0030,-0.4062,670
601921,浙版传媒,2025-12-31,84.5732,0.4690,151
601921,浙版传媒,2026-03-31,83.8540,-0.7192,3
601921,浙版传媒,2026-06-30,86.0029,2.1489,90
601928,凤凰传媒,2025-12-31,81.9710,1.7251,258
601928,凤凰传媒,2026-03-31,78.9223,-3.0487,9
601928,凤凰传媒,2026-06-30,82.6179,3.6956,216
601929,吉视传媒,2025-12-31,35.0453,0.2364,28
601929,吉视传媒,2026-03-31,33.5610,-1.4843,0
601929,吉视传媒,2026-06-30,33.1364,-0.4246,16
601933,永辉超市,2025-12-31,39.5787,-1.4790,72
601933,永辉超市,2026-03-31,40.4784,0.8997,8
601933,永辉超市,2026-06-30,40.8740,0.3956,46
601939,建设银行,2025-12-31,47.5865,5.5230,687
601939,建设银行,2026-03-31,39.4551,-8.1314,119
601939,建设银行,2026-06-30,49.8544,10.3993,690
601949,中国出版,2025-12-31,82.9957,1.2823,59
601949,中国出版,2026-03-31,79.4905,-3.5052,3
601949,中国出版,2026-06-30,79.5359,0.0454,74
601952,苏垦农发,2025-12-31,74.9171,1.0945,123
601952,苏垦农发,2026-03-31,72.9735,-1.9436,7
601952,苏垦农发,2026-06-30,75.1108,2.1373,112
601956,东贝集团,2025-12-31,49.4080,0.6347,46
601956,东贝集团,2026-03-31,49.1972,-0.2108,3
601956,东贝集团,2026-06-30,48.6972,-0.5000,15
601958,金钼股份,2025-12-31,80.2121,3.0069,402
601958,金钼股份,2026-03-31,78.0151,-2.1970,16
601958,金钼股份,2026-06-30,79.2528,1.2377,313
601963,重庆银行,2025-12-31,73.6446,10.1140,439
601963,重庆银行,2026-03-31,66.6297,-7.0149,25
601963,重庆银行,2026-06-30,75.7630,9.1333,287
601965,中国汽研,2025-12-31,73.1725,3.4015,211
601965,中国汽研,2026-03-31,68.2030,-4.9695,14
601965,中国汽研,2026-06-30,71.7670,3.5640,145
601966,玲珑轮胎,2025-12-31,60.9368,1.6130,249
601966,玲珑轮胎,2026-03-31,59.1506,-1.7862,13
601966,玲珑轮胎,2026-06-30,59.5797,0.4291,152
601968,宝钢包装,2025-12-31,65.9101,3.0157,105
601968,宝钢包装,2026-03-31,64.2708,-1.6393,4
601968,宝钢包装,2026-06-30,65.0013,0.7305,85
601969,海南矿业,2025-12-31,79.3108,-0.2924,38
601969,海南矿业,2026-03-31,78.6821,-0.6287,2
601969,海南矿业,2026-06-30,79.6206,0.9385,89
601975,招商南油,2025-12-31,44.7760,4.1069,131
601975,招商南油,2026-03-31,45.8268,1.0508,25
601975,招商南油,2026-06-30,44.6599,-1.1669,210
601985,中国核电,2025-12-31,16.4912,1.4567,527
601985,中国核电,2026-03-31,12.8356,-3.6556,96
601985,中国核电,2026-06-30,19.1533,6.3177,652
601988,中国银行,2025-12-31,95.6928,0.5793,763
601988,中国银行,2026-03-31,95.1714,-0.5214,119
601988,中国银行,2026-06-30,95.9388,0.7674,831
601990,南京证券,2025-12-31,58.9476,4.8046,139
601990,南京证券,2026-03-31,54.2239,-4.7237,1
601990,南京证券,2026-06-30,52.8239,-1.4000,122
601991,大唐发电,2025-12-31,78.4612,1.5429,344
601991,大唐发电,2026-03-31,76.4309,-2.0303,7
601991,大唐发电,2026-06-30,77.0349,0.6040,196
601992,金隅集团,2025-12-31,66.5041,-0.0074,20
601992,金隅集团,2026-03-31,66.4214,-0.0827,1
601992,金隅集团,2026-06-30,66.1656,-0.2558,12
601995,中金公司,2025-12-31,75.7927,-0.0055,353
601995,中金公司,2026-03-31,72.7874,-3.0053,42
601995,中金公司,2026-06-30,75.1377,2.3503,480
601996,丰林集团,2025-12-31,47.3388,2.2240,40
601996,丰林集团,2026-03-31,46.8289,-0.5099,7
601996,丰林集团,2026-06-30,44.8481,-1.9808,15
601997,贵阳银行,2025-12-31,41.1618,5.1022,306
601997,贵阳银行,2026-03-31,34.5323,-6.6295,9
601997,贵阳银行,2026-06-30,40.2587,5.7264,321
601998,中信银行,2025-12-31,96.3071,1.3420,566
601998,中信银行,2026-03-31,95.2099,-1.0972,59
601998,中信银行,2026-06-30,95.5633,0.3534,593
601999,出版传媒,2025-12-31,69.5016,0.9710,72
601999,出版传媒,2026-03-31,69.3476,-0.1540,5
601999,出版传媒,2026-06-30,68.0574,-1.2902,18
603000,人民网,2025-12-31,63.4215,1.1025,94
603000,人民网,2026-03-31,62.6852,-0.7363,6
603000,人民网,2026-06-30,62.8561,0.1709,105
603001,奥康国际,2025-12-31,28.3845,0.6572,6
603001,奥康国际,2026-03-31,27.7273,-0.6572,0
603001,奥康国际,2026-06-30,30.2332,2.5059,4
603002,宏昌电子,2025-12-31,57.2954,1.8572,43
603002,宏昌电子,2026-03-31,57.3898,0.0944,7
603002,宏昌电子,2026-06-30,56.9405,-0.4493,48
603004,鼎龙科技,2025-12-31,2.4641,-1.1069,32
603004,鼎龙科技,2026-03-31,2.1471,-0.3170,2
603004,鼎龙科技,2026-06-30,3.2911,1.1440,23
603005,晶方科技,2025-12-31,22.9230,-0.9001,154
603005,晶方科技,2026-03-31,21.2112,-1.7118,18
603005,晶方科技,2026-06-30,26.9202,5.7090,218
603006,联明股份,2025-12-31,70.3269,0.9266,62
603006,联明股份,2026-03-31,69.7114,-0.6155,0
603006,联明股份,2026-06-30,72.1015,2.3901,75
603007,顺景科技,2025-12-31,10.5126,0.9334,0
603007,顺景科技,2026-03-31,13.6371,3.1245,0
603007,顺景科技,2026-06-30,6.1227,-7.5144,2
603008,ST喜临门,2025-12-31,45.2483,1.0007,94
603008,ST喜临门,2026-03-31,44.3921,-0.8562,0
603008,ST喜临门,2026-06-30,35.7470,-8.6451,3
603009,北特科技,2025-12-31,21.2664,4.3729,174
603009,北特科技,2026-03-31,15.1216,-6.1448,18
603009,北特科技,2026-06-30,19.6431,4.5215,135
603010,万盛股份,2025-12-31,42.0184,-0.1803,21
603010,万盛股份,2026-03-31,42.8212,0.8028,1
603010,万盛股份,2026-06-30,46.3395,3.5183,46
603011,合锻智能,2025-12-31,9.3451,-1.1792,73
603011,合锻智能,2026-03-31,8.8211,-0.5240,9
603011,合锻智能,2026-06-30,16.3380,7.5169,158
603012,创力集团,2025-12-31,22.3275,0.3640,39
603012,创力集团,2026-03-31,21.9635,-0.3640,0
603012,创力集团,2026-06-30,22.0777,0.1142,23
603013,亚普股份,2025-12-31,84.3872,2.2903,133
603013,亚普股份,2026-03-31,82.5558,-1.8314,5
603013,亚普股份,2026-06-30,84.1856,1.6298,187
603014,威高血净,2025-12-31,11.3590,9.8828,358
603014,威高血净,2026-03-31,7.2304,-4.1286,3
603014,威高血净,2026-06-30,52.6848,45.4544,208
603015,弘讯科技,2025-12-31,60.0617,2.6871,48
603015,弘讯科技,2026-03-31,54.2714,-5.7903,3
603015,弘讯科技,2026-06-30,54.5262,0.2548,32
603016,新宏泰,2025-12-31,29.2248,1.3133,30
603016,新宏泰,2026-03-31,27.9115,-1.3133,0
603016,新宏泰,2026-06-30,28.4023,0.4908,48
603017,中衡设计,2025-12-31,42.1551,0.6935,4
603017,中衡设计,2026-03-31,41.4511,-0.7040,0
603017,中衡设计,2026-06-30,42.2241,0.7730,21
603018,华设集团,2025-12-31,5.2926,0.1252,50
603018,华设集团,2026-03-31,8.0793,2.7867,4
603018,华设集团,2026-06-30,8.9330,0.8537,64
603019,中科曙光,2025-12-31,30.9758,2.6532,685
603019,中科曙光,2026-03-31,23.2380,-7.7378,81
603019,中科曙光,2026-06-30,26.2219,2.9839,772
603020,爱普股份,2025-12-31,7.0749,0.1158,29
603020,爱普股份,2026-03-31,14.5904,7.5155,1
603020,爱普股份,2026-06-30,17.4198,2.8294,57
603021,*ST华鹏,2025-12-31,42.1501,0.6376,1
603021,*ST华鹏,2026-03-31,40.8129,-1.3372,0
603021,*ST华鹏,2026-06-30,40.8129,0.0000,0
603022,新通联,2025-12-31,6.9509,-1.6413,41
603022,新通联,2026-03-31,4.8597,-2.0912,2
603022,新通联,2026-06-30,8.1464,3.2867,71
603023,威帝股份,2025-12-31,21.6187,0.0380,5
603023,威帝股份,2026-03-31,23.7392,2.1205,0
603023,威帝股份,2026-06-30,25.4312,1.6920,31
603025,大豪科技,2025-12-31,35.4092,1.0173,102
603025,大豪科技,2026-03-31,34.4699,-0.9393,3
603025,大豪科技,2026-06-30,35.6800,1.2101,195
603026,石大胜华,2025-12-31,50.0944,3.7395,85
603026,石大胜华,2026-03-31,42.6663,-7.4281,18
603026,石大胜华,2026-06-30,42.8967,0.2304,151
603027,千禾味业,2025-12-31,13.0559,8.4264,203
603027,千禾味业,2026-03-31,8.2580,-4.7979,14
603027,千禾味业,2026-06-30,7.7006,-0.5574,116
603028,赛福天,2025-12-31,37.8697,0.1104,52
603028,赛福天,2026-03-31,35.7670,-2.1027,1
603028,赛福天,2026-06-30,37.3854,1.6184,46
603029,天鹅股份,2025-12-31,63.1808,3.1849,86
603029,天鹅股份,2026-03-31,61.4741,-1.7067,1
603029,天鹅股份,2026-06-30,65.0329,3.5588,98
603030,全筑股份,2025-12-31,16.2836,4.3861,1
603030,全筑股份,2026-03-31,16.2754,-0.0082,0
603030,全筑股份,2026-06-30,14.5921,-1.6833,20
603031,安孚科技,2025-12-31,42.5604,6.1046,160
603031,安孚科技,2026-03-31,36.6907,-5.8697,9
603031,安孚科技,2026-06-30,41.2852,4.5945,203
603032,德新科技,2025-12-31,54.6403,-0.9194,19
603032,德新科技,2026-03-31,52.9772,-1.6631,0
603032,德新科技,2026-06-30,53.1288,0.1516,65
603033,三维股份,2025-12-31,5.1101,0.9001,26
603033,三维股份,2026-03-31,9.3061,4.1960,0
603033,三维股份,2026-06-30,9.3362,0.0301,30
603035,常熟汽饰,2025-12-31,12.2036,3.6511,106
603035,常熟汽饰,2026-03-31,6.3622,-5.8414,10
603035,常熟汽饰,2026-06-30,6.3980,0.0358,54
603036,如通股份,2025-12-31,11.7434,-0.4317,25
603036,如通股份,2026-03-31,11.5197,-0.2237,0
603036,如通股份,2026-06-30,12.2323,0.7126,30
603037,凯众股份,2025-12-31,10.1899,0.3966,23
603037,凯众股份,2026-03-31,9.8105,-0.3794,0
603037,凯众股份,2026-06-30,9.9193,0.1088,15
603038,华立股份,2025-12-31,28.4631,2.2796,36
603038,华立股份,2026-03-31,27.5795,-0.8836,0
603038,华立股份,2026-06-30,29.6547,2.0752,42
603039,泛微网络,2025-12-31,14.5366,3.2497,119
603039,泛微网络,2026-03-31,10.2645,-4.2721,4
603039,泛微网络,2026-06-30,7.2939,-2.9706,79
603040,新坐标,2025-12-31,65.5929,4.0332,107
603040,新坐标,2026-03-31,61.4870,-4.1059,10
603040,新坐标,2026-06-30,62.2196,0.7326,58
603041,美思德,2025-12-31,47.8021,1.5583,62
603041,美思德,2026-03-31,47.4572,-0.3449,5
603041,美思德,2026-06-30,50.2851,2.8279,105
603042,华脉科技,2025-12-31,3.8647,1.3725,7
603042,华脉科技,2026-03-31,3.0976,-0.7671,0
603042,华脉科技,2026-06-30,2.3712,-0.7264,23
603043,广州酒家,2025-12-31,74.1962,4.2074,158
603043,广州酒家,2026-03-31,73.2289,-0.9673,11
603043,广州酒家,2026-06-30,74.4038,1.1749,69
603045,福达合金,2025-12-31,5.2366,5.1895,84
603045,福达合金,2026-03-31,2.5606,-2.6760,3
603045,福达合金,2026-06-30,4.6553,2.0947,96
603048,浙江黎明,2025-12-31,76.9984,4.1754,49
603048,浙江黎明,2026-03-31,74.4762,-2.5222,3
603048,浙江黎明,2026-06-30,77.8075,3.3313,38
603049,中策橡胶,2025-12-31,23.2409,9.1076,439
603049,中策橡胶,2026-03-31,12.4364,-10.8045,10
603049,中策橡胶,2026-06-30,84.9030,72.4666,257
603050,科林电气,2025-12-31,48.2452,-0.4915,41
603050,科林电气,2026-03-31,47.8942,-0.3510,0
603050,科林电气,2026-06-30,46.5033,-1.3909,33
603051,鹿山新材,2025-12-31,1.9538,-1.0697,22
603051,鹿山新材,2026-03-31,2.3718,0.4180,0
603051,鹿山新材,2026-06-30,4.3118,1.9400,29
603052,可川科技,2025-12-31,3.3716,-7.4222,9
603052,可川科技,2026-03-31,7.3558,3.9842,5
603052,可川科技,2026-06-30,1.5607,-5.7951,28
603053,成都燃气,2025-12-31,81.4916,-0.0671,19
603053,成都燃气,2026-03-31,81.4056,-0.0860,0
603053,成都燃气,2026-06-30,81.5466,0.1410,25
603055,台华新材,2025-12-31,71.9969,3.3324,64
603055,台华新材,2026-03-31,68.5302,-3.4667,6
603055,台华新材,2026-06-30,70.3144,1.7842,73
603057,紫燕食品,2025-12-31,45.6969,-1.5743,81
603057,紫燕食品,2026-03-31,34.1094,-11.5875,13
603057,紫燕食品,2026-06-30,34.9264,0.8170,159
603058,永吉股份,2025-12-31,45.2201,0.4125,25
603058,永吉股份,2026-03-31,44.6234,-0.5967,0
603058,永吉股份,2026-06-30,43.1568,-1.4666,39
603059,倍加洁,2025-12-31,13.1779,2.6638,60
603059,倍加洁,2026-03-31,14.4400,1.2621,6
603059,倍加洁,2026-06-30,14.5688,0.1288,76
603060,国检集团,2025-12-31,69.9984,0.3660,28
603060,国检集团,2026-03-31,72.1995,2.2011,4
603060,国检集团,2026-06-30,71.6784,-0.5211,12
603061,金海通,2025-12-31,48.0263,15.3836,133
603061,金海通,2026-03-31,37.8988,-10.1275,45
603061,金海通,2026-06-30,52.8069,14.9081,481
603062,麦加芯彩,2025-12-31,7.0998,-1.5581,39
603062,麦加芯彩,2026-03-31,5.6682,-1.4316,1
603062,麦加芯彩,2026-06-30,15.2138,9.5456,38
603063,禾望电气,2025-12-31,32.4514,6.4065,193
603063,禾望电气,2026-03-31,20.9692,-11.4822,3
603063,禾望电气,2026-06-30,28.9454,7.9762,205
603065,宿迁联盛,2025-12-31,38.7693,-3.6109,38
603065,宿迁联盛,2026-03-31,32.4321,-6.3372,0
603065,宿迁联盛,2026-06-30,32.5533,0.1212,27
603066,音飞储存,2025-12-31,45.8220,0.9040,30
603066,音飞储存,2026-03-31,44.8976,-0.9244,0
603066,音飞储存,2026-06-30,46.5061,1.6085,65
603067,振华股份,2025-12-31,20.6428,6.4355,336
603067,振华股份,2026-03-31,15.3914,-5.2514,56
603067,振华股份,2026-06-30,22.4015,7.0101,367
603068,博通集成,2025-12-31,41.6711,-7.7639,8
603068,博通集成,2026-03-31,40.2919,-1.3792,1
603068,博通集成,2026-06-30,42.3395,2.0476,70
603069,海汽集团,2025-12-31,59.1402,1.2522,6
603069,海汽集团,2026-03-31,59.6242,0.4840,0
603069,海汽集团,2026-06-30,59.5456,-0.0786,18
603070,万控智造,2025-12-31,65.7600,0.7715,49
603070,万控智造,2026-03-31,65.1942,-0.5658,1
603070,万控智造,2026-06-30,65.3462,0.1520,24
603071,物产环能,2025-12-31,78.2089,1.0939,67
603071,物产环能,2026-03-31,77.3192,-0.8897,2
603071,物产环能,2026-06-30,77.9292,0.6100,74
603072,天和磁材,2025-12-31,80.0741,75.9837,132
603072,天和磁材,2026-03-31,30.2159,-49.8582,0
603072,天和磁材,2026-06-30,28.4284,-1.7875,94
603073,彩蝶实业,2025-12-31,14.3293,11.1976,97
603073,彩蝶实业,2026-03-31,8.1847,-6.1446,5
603073,彩蝶实业,2026-06-30,14.0806,5.8959,76
603075,热威股份,2025-12-31,4.5420,0.0439,46
603075,热威股份,2026-03-31,6.0730,1.5310,3
603075,热威股份,2026-06-30,8.3078,2.2348,53
603076,乐惠国际,2025-12-31,29.6332,0.8092,20
603076,乐惠国际,2026-03-31,28.8240,-0.8092,0
603076,乐惠国际,2026-06-30,30.5478,1.7238,36
603077,和邦生物,2025-12-31,33.1924,1.2241,191
603077,和邦生物,2026-03-31,31.3907,-1.8017,5
603077,和邦生物,2026-06-30,35.4595,4.0688,163
603078,江化微,2025-12-31,26.9868,-0.4865,29
603078,江化微,2026-03-31,29.1038,2.1170,2
603078,江化微,2026-06-30,37.7414,8.6376,157
603079,圣达生物,2025-12-31,50.3370,-1.2903,10
603079,圣达生物,2026-03-31,49.8773,-0.4597,0
603079,圣达生物,2026-06-30,50.7323,0.8550,58
603080,新疆火炬,2025-12-31,29.9558,1.0121,17
603080,新疆火炬,2026-03-31,30.2959,0.3401,1
603080,新疆火炬,2026-06-30,30.6960,0.4001,36
603081,大丰实业,2025-12-31,10.7875,6.8053,81
603081,大丰实业,2026-03-31,9.3195,-1.4680,2
603081,大丰实业,2026-06-30,9.7533,0.4338,26
603082,北自科技,2025-12-31,9.1699,-0.4182,42
603082,北自科技,2026-03-31,7.9653,-1.2046,0
603082,北自科技,2026-06-30,11.9870,4.0217,27
603083,剑桥科技,2025-12-31,31.4959,3.3272,272
603083,剑桥科技,2026-03-31,19.8049,-11.6910,33
603083,剑桥科技,2026-06-30,35.1515,15.3466,621
603085,天成自控,2025-12-31,46.6020,0.4491,55
603085,天成自控,2026-03-31,45.0341,-1.5679,2
603085,天成自控,2026-06-30,44.7378,-0.2963,75
603086,先达股份,2025-12-31,0.8082,0.8038,31
603086,先达股份,2026-06-30,1.3490,,43
603087,甘李药业,2025-12-31,18.3769,4.7514,390
603087,甘李药业,2026-03-31,16.7299,-1.6470,45
603087,甘李药业,2026-06-30,20.5735,3.8436,329
603088,宁波精达,2025-12-31,41.7677,0.6162,27
603088,宁波精达,2026-03-31,38.7456,-3.0221,0
603088,宁波精达,2026-06-30,39.0381,0.2925,22
603089,正裕工业,2025-12-31,42.8291,-0.9614,25
603089,正裕工业,2026-03-31,42.3743,-0.4548,0
603089,正裕工业,2026-06-30,43.1388,0.7645,22
603090,宏盛股份,2025-12-31,6.8659,0.3326,59
603090,宏盛股份,2026-03-31,9.2466,2.3807,0
603090,宏盛股份,2026-06-30,5.6177,-3.6289,43
603091,众鑫股份,2025-12-31,35.9761,4.4462,104
603091,众鑫股份,2026-03-31,24.0654,-11.9107,8
603091,众鑫股份,2026-06-30,33.6713,9.6059,104
603092,德力佳,2025-12-31,23.6773,,2930
603092,德力佳,2026-03-31,16.7165,-6.9608,42
603092,德力佳,2026-06-30,23.6824,6.9659,467
603093,南华期货,2025-12-31,79.4914,0.0945,54
603093,南华期货,2026-03-31,78.8763,-0.6151,6
603093,南华期货,2026-06-30,79.8852,1.0089,143
603095,越剑智能,2025-12-31,35.7528,0.7080,18
603095,越剑智能,2026-03-31,36.5381,0.7853,0
603095,越剑智能,2026-06-30,36.0235,-0.5146,44
603096,新经典,2025-12-31,5.9613,3.0763,44
603096,新经典,2026-03-31,5.6398,-0.3215,4
603096,新经典,2026-06-30,6.6594,1.0196,107
603097,江苏华辰,2025-12-31,3.8396,-0.8292,17
603097,江苏华辰,2026-03-31,2.9497,-0.8899,0
603097,江苏华辰,2026-06-30,4.4665,1.5168,11
603098,森特股份,2025-12-31,40.2891,-0.2222,33
603098,森特股份,2026-03-31,39.3327,-0.9564,2
603098,森特股份,2026-06-30,40.5818,1.2491,25
603099,长白山,2025-12-31,69.6810,-0.1799,58
603099,长白山,2026-03-31,69.1324,-0.5486,2
603099,长白山,2026-06-30,67.4399,-1.6925,45
603100,川仪股份,2025-12-31,65.8482,3.8406,140
603100,川仪股份,2026-03-31,60.0514,-5.7968,9
603100,川仪股份,2026-06-30,60.0619,0.0105,102
603101,汇嘉时代,2025-12-31,6.5539,-1.3879,24
603101,汇嘉时代,2026-03-31,5.8522,-0.7017,0
603101,汇嘉时代,2026-06-30,4.4656,-1.3866,38
603102,百合股份,2025-12-31,5.5732,4.4870,77
603102,百合股份,2026-03-31,0.9331,-4.6401,2
603102,百合股份,2026-06-30,4.9738,4.0407,103
603103,横店影视,2025-12-31,90.1735,0.3260,77
603103,横店影视,2026-03-31,89.6307,-0.5428,3
603103,横店影视,2026-06-30,88.1971,-1.4336,36
603105,芯能科技,2025-12-31,19.8686,-1.2954,41
603105,芯能科技,2026-03-31,18.9506,-0.9180,0
603105,芯能科技,2026-06-30,19.9465,0.9959,33
603106,恒银科技,2025-12-31,50.0785,2.2924,28
603106,恒银科技,2026-03-31,50.1549,0.0764,2
603106,恒银科技,2026-06-30,50.4470,0.2921,21
603107,上海汽配,2025-12-31,40.5903,-2.5863,43
603107,上海汽配,2026-03-31,39.1824,-1.4079,1
603107,上海汽配,2026-06-30,39.2232,0.0408,21
603108,润达医疗,2025-12-31,25.6075,2.1785,65
603108,润达医疗,2026-03-31,22.6443,-2.9632,8
603108,润达医疗,2026-06-30,23.0836,0.4393,83
603109,神驰机电,2025-12-31,27.1536,-0.7209,34
603109,神驰机电,2026-03-31,26.9990,-0.1546,1
603109,神驰机电,2026-06-30,27.2892,0.2902,15
603110,东方材料,2025-12-31,11.7741,-1.9877,11
603110,东方材料,2026-03-31,15.5250,3.7509,1
603110,东方材料,2026-06-30,19.3586,3.8336,39
603111,康尼机电,2025-12-31,22.5094,1.0665,104
603111,康尼机电,2026-03-31,18.6535,-3.8559,1
603111,康尼机电,2026-06-30,19.1519,0.4984,59
603112,华翔股份,2025-12-31,68.0402,2.0216,111
603112,华翔股份,2026-03-31,59.7454,-8.2948,8
603112,华翔股份,2026-06-30,66.0977,6.3523,118
603113,金能科技,2025-12-31,13.4204,-0.4568,8
603113,金能科技,2026-03-31,12.9975,-0.4229,0
603113,金能科技,2026-06-30,15.0008,2.0033,22
603115,海星股份,2025-12-31,67.7939,0.8245,79
603115,海星股份,2026-03-31,70.5225,2.7286,18
603115,海星股份,2026-06-30,77.5194,6.9969,227
603116,红蜻蜓,2025-12-31,47.2275,0.2632,30
603116,红蜻蜓,2026-03-31,47.6061,0.3786,2
603116,红蜻蜓,2026-06-30,49.1506,1.5445,30
603117,万林物流,2025-12-31,19.7167,0.2340,15
603117,万林物流,2026-03-31,18.0847,-1.6320,0
603117,万林物流,2026-06-30,17.6263,-0.4584,30
603118,共进股份,2025-12-31,15.9477,13.0966,107
603118,共进股份,2026-03-31,13.4822,-2.4655,8
603118,共进股份,2026-06-30,21.3622,7.8800,97
603119,浙江荣泰,2025-12-31,43.3513,13.2662,450
603119,浙江荣泰,2026-03-31,17.7572,-25.5941,48
603119,浙江荣泰,2026-06-30,25.6128,7.8556,276
603120,肯特催化,2025-12-31,3.1321,0.1123,191
603120,肯特催化,2026-03-31,4.8074,1.6753,2
603120,肯特催化,2026-06-30,31.0219,26.2145,112
603121,华培动力,2025-12-31,44.7101,1.7220,64
603121,华培动力,2026-03-31,42.8207,-1.8894,0
603121,华培动力,2026-06-30,43.6947,0.8740,51
603122,合富中国,2025-12-31,54.3540,-1.8956,12
603122,合富中国,2026-03-31,55.4777,1.1237,0
603122,合富中国,2026-06-30,56.6326,1.1549,43
603123,翠微股份,2025-12-31,52.4413,0.9330,18
603123,翠微股份,2026-03-31,51.5522,-0.8891,1
603123,翠微股份,2026-06-30,51.8479,0.2957,14
603124,江南新材,2025-12-31,26.2706,4.0270,209
603124,江南新材,2026-03-31,46.3253,20.0547,7
603124,江南新材,2026-06-30,43.9571,-2.3682,332
603125,常青科技,2025-12-31,2.8008,0.6983,30
603125,常青科技,2026-03-31,1.9834,-0.8174,0
603125,常青科技,2026-06-30,3.0130,1.0296,96
603126,中材节能,2025-12-31,55.5671,2.7388,107
603126,中材节能,2026-03-31,58.0551,2.4880,3
603126,中材节能,2026-06-30,60.7325,2.6774,79
603127,昭衍新药,2025-12-31,20.7792,13.0671,258
603127,昭衍新药,2026-03-31,9.4246,-11.3546,55
603127,昭衍新药,2026-06-30,19.5386,10.1140,349
603128,华贸物流,2025-12-31,51.3190,1.8518,50
603128,华贸物流,2026-03-31,48.1995,-3.1195,1
603128,华贸物流,2026-06-30,48.5929,0.3934,36
603129,春风动力,2025-12-31,70.1142,6.1349,722
603129,春风动力,2026-03-31,58.8966,-11.2176,78
603129,春风动力,2026-06-30,66.5318,7.6352,596
603130,云中马,2025-12-31,14.7116,-17.4663,33
603130,云中马,2026-03-31,13.9254,-0.7862,5
603130,云中马,2026-06-30,14.7450,0.8196,41
603131,上海沪工,2025-12-31,17.9330,2.7110,15
603131,上海沪工,2026-03-31,13.0546,-4.8784,0
603131,上海沪工,2026-06-30,12.3476,-0.7070,13
603132,金徽股份,2025-12-31,89.9283,-0.8071,44
603132,金徽股份,2026-03-31,88.4721,-1.4562,0
603132,金徽股份,2026-06-30,89.1698,0.6977,126
603135,中重科技,2025-12-31,30.4316,-1.4277,27
603135,中重科技,2026-03-31,32.0015,1.5699,9
603135,中重科技,2026-06-30,11.8181,-20.1834,54
603136,天目湖,2025-12-31,30.7957,1.2698,62
603136,天目湖,2026-03-31,30.3833,-0.4124,6
603136,天目湖,2026-06-30,31.3655,0.9822,79
603137,恒尚节能,2025-12-31,7.2501,1.5991,35
603137,恒尚节能,2026-03-31,6.4924,-0.7577,1
603137,恒尚节能,2026-06-30,4.5398,-1.9526,66
603138,海量数据,2025-12-31,0.1349,,26
603138,海量数据,2026-03-31,0.6652,0.5303,2
603138,海量数据,2026-06-30,1.9271,1.2619,22
603139,康惠股份,2025-12-31,48.9720,0.0245,23
603139,康惠股份,2026-03-31,48.0058,-0.9662,0
603139,康惠股份,2026-06-30,46.1890,-1.8168,13
603150,万朗磁塑,2025-12-31,9.8901,-1.1630,36
603150,万朗磁塑,2026-03-31,9.2708,-0.6193,1
603150,万朗磁塑,2026-06-30,9.9741,0.7033,86
603151,邦基科技,2025-12-31,71.7943,34.0984,110
603151,邦基科技,2026-03-31,68.8446,-2.9497,5
603151,邦基科技,2026-06-30,69.5185,0.6739,114
603153,上海建科,2025-12-31,43.7062,-1.9396,44
603153,上海建科,2026-03-31,79.8308,36.1246,0
603153,上海建科,2026-06-30,80.0156,0.1848,21
603155,新亚强,2025-12-31,21.5296,0.7417,10
603155,新亚强,2026-03-31,50.1379,28.6083,0
603155,新亚强,2026-06-30,49.6107,-0.5272,13
603156,养元饮品,2025-12-31,22.5399,2.0099,199
603156,养元饮品,2026-03-31,18.4669,-4.0730,4
603156,养元饮品,2026-06-30,20.2893,1.8224,248
603158,腾龙股份,2025-12-31,28.9806,-1.2337,22
603158,腾龙股份,2026-03-31,29.9084,0.9278,0
603158,腾龙股份,2026-06-30,28.6148,-1.2936,54
603159,上海亚虹,2025-12-31,30.1557,0.1657,9
603159,上海亚虹,2026-03-31,31.8834,1.7277,0
603159,上海亚虹,2026-06-30,32.0069,0.1235,6
603160,汇顶科技,2025-12-31,15.3599,4.3921,304
603160,汇顶科技,2026-03-31,9.5511,-5.8088,10
603160,汇顶科技,2026-06-30,9.7991,0.2480,224
603161,科华控股,2025-12-31,6.5917,1.8091,61
603161,科华控股,2026-03-31,3.7503,-2.8414,0
603161,科华控股,2026-06-30,2.8945,-0.8558,31
603162,海通发展,2025-12-31,28.8726,9.8451,93
603162,海通发展,2026-03-31,27.5586,-1.3140,13
603162,海通发展,2026-06-30,40.3485,12.7899,275
603163,圣晖集成,2025-12-31,77.6458,43.2139,39
603163,圣晖集成,2026-03-31,79.4120,1.7662,9
603163,圣晖集成,2026-06-30,78.7634,-0.6486,54
603165,荣晟环保,2025-12-31,1.2063,0.7863,24
603165,荣晟环保,2026-03-31,0.5506,-0.6557,1
603165,荣晟环保,2026-06-30,1.5922,1.0416,34
603166,福达股份,2025-12-31,58.3486,-0.6026,106
603166,福达股份,2026-03-31,49.5160,-8.8326,2
603166,福达股份,2026-06-30,54.7931,5.2771,76
603167,渤海轮渡,2025-12-31,48.8733,-0.9858,146
603167,渤海轮渡,2026-03-31,44.8411,-4.0322,4
603167,渤海轮渡,2026-06-30,47.4777,2.6366,57
603168,莎普爱思,2025-12-31,31.2915,11.4427,39
603168,莎普爱思,2026-03-31,29.4761,-1.8154,1
603168,莎普爱思,2026-06-30,32.1509,2.6748,60
603169,兰石重装,2025-12-31,54.6666,-0.2437,30
603169,兰石重装,2026-03-31,51.0785,-3.5881,1
603169,兰石重装,2026-06-30,51.2995,0.2210,37
603170,宝立食品,2025-12-31,49.8169,2.1148,123
603170,宝立食品,2026-03-31,45.6904,-4.1265,1
603170,宝立食品,2026-06-30,48.2434,2.5530,69
603171,税友股份,2025-12-31,65.7196,3.9525,227
603171,税友股份,2026-03-31,61.0893,-4.6303,32
603171,税友股份,2026-06-30,61.0238,-0.0655,174
603172,万丰股份,2025-12-31,7.6247,-0.7337,83
603172,万丰股份,2026-03-31,3.2135,-4.4112,0
603172,万丰股份,2026-06-30,54.1954,50.9819,67
603173,福斯达,2025-12-31,14.2707,1.1821,91
603173,福斯达,2026-03-31,67.7010,53.4303,1
603173,福斯达,2026-06-30,68.4329,0.7319,62
603175,超颖电子,2025-12-31,18.0153,,2919
603175,超颖电子,2026-03-31,14.7230,-3.2923,69
603175,超颖电子,2026-06-30,22.9545,8.2315,368
603176,汇通集团,2025-12-31,4.2089,0.1449,20
603176,汇通集团,2026-03-31,4.0640,-0.1449,0
603176,汇通集团,2026-06-30,5.8752,1.8112,55
603177,德创环保,2025-12-31,65.1575,2.1685,27
603177,德创环保,2026-03-31,64.3400,-0.8175,0
603177,德创环保,2026-06-30,64.6495,0.3095,27
603178,圣龙股份,2025-12-31,57.6923,-1.5355,9
603178,圣龙股份,2026-03-31,57.6984,0.0061,0
603178,圣龙股份,2026-06-30,59.3519,1.6535,37
603179,新泉股份,2025-12-31,52.5888,8.5883,428
603179,新泉股份,2026-03-31,38.5876,-14.0012,50
603179,新泉股份,2026-06-30,39.0302,0.4426,351
603180,金牌家居,2025-12-31,44.5362,-0.9217,16
603180,金牌家居,2026-03-31,44.1794,-0.3568,1
603180,金牌家居,2026-06-30,45.9215,1.7421,42
603181,皇马科技,2025-12-31,32.1937,1.9941,80
603181,皇马科技,2026-03-31,30.6097,-1.5840,10
603181,皇马科技,2026-06-30,32.6020,1.9923,101
603182,嘉华股份,2025-12-31,6.3678,0.0983,71
603182,嘉华股份,2026-03-31,3.9877,-2.3801,12
603182,嘉华股份,2026-06-30,24.5395,20.5518,77
603183,建研院,2025-12-31,2.4733,,73
603183,建研院,2026-03-31,0.7675,-1.7058,1
603183,建研院,2026-06-30,4.6661,3.8986,83
603185,弘元绿能,2025-12-31,13.1999,-0.3473,367
603185,弘元绿能,2026-03-31,6.5859,-6.6140,6
603185,弘元绿能,2026-06-30,8.9672,2.3813,137
603186,华正新材,2025-12-31,50.0848,2.2266,94
603186,华正新材,2026-03-31,44.6567,-5.4281,13
603186,华正新材,2026-06-30,58.1122,13.4555,346
603187,海容冷链,2025-12-31,15.8937,7.7501,217
603187,海容冷链,2026-03-31,11.4213,-4.4724,14
603187,海容冷链,2026-06-30,16.6461,5.2248,152
603188,亚邦股份,2025-12-31,32.9726,2.6743,47
603188,亚邦股份,2026-03-31,30.9853,-1.9873,2
603188,亚邦股份,2026-06-30,31.9044,0.9191,43
603189,*ST网达,2025-12-31,0.9401,-0.3213,14
603189,*ST网达,2026-03-31,1.4404,0.5003,0
603189,*ST网达,2026-06-30,2.6610,1.2206,0
603190,亚通精工,2025-12-31,8.4058,2.5065,58
603190,亚通精工,2026-03-31,7.5847,-0.8211,4
603190,亚通精工,2026-06-30,7.7935,0.2088,59
603191,望变电气,2025-12-31,3.1557,1.7119,50
603191,望变电气,2026-03-31,2.9793,-0.1764,5
603191,望变电气,2026-06-30,1.1288,-1.8505,32
603192,汇得科技,2025-12-31,52.8067,0.0307,11
603192,汇得科技,2026-03-31,52.5289,-0.2778,7
603192,汇得科技,2026-06-30,53.0914,0.5625,56
603193,润本股份,2025-12-31,28.1365,1.9434,72
603193,润本股份,2026-03-31,23.3277,-4.8088,1
603193,润本股份,2026-06-30,24.2688,0.9411,56
603194,中力股份,2025-12-31,65.3486,61.4103,167
603194,中力股份,2026-03-31,56.7272,-8.6214,1
603194,中力股份,2026-06-30,63.5108,6.7836,127
603195,公牛集团,2025-12-31,60.4455,2.1515,317
603195,公牛集团,2026-03-31,59.6181,-0.8274,10
603195,公牛集团,2026-06-30,60.9704,1.3523,337
603196,璞源材料,2025-12-31,19.4705,0.0684,13
603196,璞源材料,2026-03-31,19.2543,-0.2162,0
603196,璞源材料,2026-06-30,18.9730,-0.2813,37
603197,保隆科技,2025-12-31,7.6135,-0.7571,77
603197,保隆科技,2026-03-31,4.6787,-2.9348,2
603197,保隆科技,2026-06-30,9.5752,4.8965,106
603198,迎驾贡酒,2025-12-31,86.7227,3.4199,159
603198,迎驾贡酒,2026-03-31,84.2454,-2.4773,14
603198,迎驾贡酒,2026-06-30,86.6587,2.4133,241
603199,九华旅游,2025-12-31,64.6135,11.0465,169
603199,九华旅游,2026-03-31,57.1908,-7.4227,10
603199,九华旅游,2026-06-30,60.8581,3.6673,137
603200,上海洗霸,2025-12-31,17.0258,3.7284,164
603200,上海洗霸,2026-03-31,10.5771,-6.4487,14
603200,上海洗霸,2026-06-30,10.2724,-0.3047,80
603201,常润股份,2025-12-31,52.1687,0.9617,26
603201,常润股份,2026-03-31,51.4009,-0.7678,2
603201,常润股份,2026-06-30,50.3167,-1.0842,13
603202,天有为,2025-12-31,8.8524,0.6407,209
603202,天有为,2026-03-31,11.4976,2.6452,0
603202,天有为,2026-06-30,21.0096,9.5120,118
603203,快克智能,2025-12-31,66.1023,2.9809,118
603203,快克智能,2026-03-31,62.7315,-3.3708,5
603203,快克智能,2026-06-30,60.6066,-2.1249,77
603205,健尔康,2025-12-31,3.6748,2.9438,52
603205,健尔康,2026-03-31,3.7102,0.0354,1
603205,健尔康,2026-06-30,5.9248,2.2146,53
603206,嘉环科技,2025-12-31,11.0683,-2.0375,41
603206,嘉环科技,2026-03-31,10.5384,-0.5299,1
603206,嘉环科技,2026-06-30,10.4460,-0.0924,25
603207,小方制药,2025-12-31,13.8510,0.6619,75
603207,小方制药,2026-03-31,11.4336,-2.4174,0
603207,小方制药,2026-06-30,8.4020,-3.0316,47
603208,江山欧派,2025-12-31,3.1079,1.6446,27
603208,江山欧派,2026-03-31,2.1367,-0.9712,2
603208,江山欧派,2026-06-30,6.4750,4.3383,68
603209,兴通股份,2025-12-31,14.9588,2.2431,43
603209,兴通股份,2026-03-31,14.4882,-0.4706,6
603209,兴通股份,2026-06-30,17.0706,2.5824,67
603210,泰鸿万立,2025-12-31,2.0088,0.9587,116
603210,泰鸿万立,2026-06-30,14.7037,,59
603211,晋拓股份,2025-12-31,51.5383,-0.3535,18
603211,晋拓股份,2026-03-31,50.7837,-0.7546,0
603211,晋拓股份,2026-06-30,50.4693,-0.3144,28
603212,赛伍技术,2025-12-31,42.2151,-1.8972,7
603212,赛伍技术,2026-03-31,40.1162,-2.0989,0
603212,赛伍技术,2026-06-30,40.3613,0.2451,8
603213,镇洋发展,2025-12-31,77.3537,-0.2369,17
603213,镇洋发展,2026-03-31,77.3119,-0.0418,0
603213,镇洋发展,2026-06-30,77.0387,-0.2732,14
603214,爱婴室,2025-12-31,4.8099,-0.4499,67
603214,爱婴室,2026-03-31,3.6227,-1.1872,7
603214,爱婴室,2026-06-30,7.8323,4.2096,132
603215,比依股份,2025-12-31,67.5253,-0.2486,19
603215,比依股份,2026-03-31,67.6843,0.1590,0
603215,比依股份,2026-06-30,70.1023,2.4180,12
603216,梦天家居,2025-12-31,67.1710,-0.0082,8
603216,梦天家居,2026-03-31,67.9169,0.7459,0
603216,梦天家居,2026-06-30,69.1487,1.2318,70
603217,元利科技,2025-12-31,8.5675,-0.1344,11
603217,元利科技,2026-03-31,8.1701,-0.3974,0
603217,元利科技,2026-06-30,12.3685,4.1984,67
603218,日月股份,2025-12-31,17.5397,3.1747,146
603218,日月股份,2026-03-31,15.8202,-1.7195,13
603218,日月股份,2026-06-30,16.1775,0.3573,71
603219,富佳股份,2025-12-31,45.2819,0.5676,81
603219,富佳股份,2026-03-31,43.5151,-1.7668,0
603219,富佳股份,2026-06-30,44.9758,1.4607,75
603220,中贝通信,2025-12-31,7.9695,-0.2528,57
603220,中贝通信,2026-03-31,1.4656,-6.5039,0
603220,中贝通信,2026-06-30,1.2959,-0.1697,36
603221,爱丽家居,2025-12-31,67.8666,0.1990,11
603221,爱丽家居,2026-03-31,67.5963,-0.2703,1
603221,爱丽家居,2026-06-30,68.4861,0.8898,18
603222,济民健康,2025-12-31,30.7303,1.7733,13
603222,济民健康,2026-03-31,31.1970,0.4667,0
603222,济民健康,2026-06-30,31.6920,0.4950,20
603223,恒通股份,2025-12-31,47.3808,-1.3135,41
603223,恒通股份,2026-03-31,46.4327,-0.9481,1
603223,恒通股份,2026-06-30,47.9514,1.5187,88
603225,新凤鸣,2025-12-31,46.0803,8.0353,358
603225,新凤鸣,2026-03-31,36.9857,-9.0946,46
603225,新凤鸣,2026-06-30,44.1491,7.1634,503
603226,菲林格尔,2025-12-31,72.8118,0.2600,15
603226,菲林格尔,2026-03-31,73.2076,0.3958,0
603226,菲林格尔,2026-06-30,73.1357,-0.0719,7
603227,雪峰科技,2025-12-31,54.4377,6.4268,30
603227,雪峰科技,2026-03-31,54.9032,0.4655,2
603227,雪峰科技,2026-06-30,58.8187,3.9155,43
603228,景旺电子,2025-12-31,75.0312,10.2641,557
603228,景旺电子,2026-03-31,62.2203,-12.8109,17
603228,景旺电子,2026-06-30,63.8233,1.6030,409
603229,奥翔药业,2025-12-31,7.0697,0.6743,40
603229,奥翔药业,2026-03-31,6.2244,-0.8453,0
603229,奥翔药业,2026-06-30,6.6217,0.3973,25
603230,内蒙新华,2025-12-31,75.6468,-1.0871,21
603230,内蒙新华,2026-03-31,74.4315,-1.2153,0
603230,内蒙新华,2026-06-30,74.4266,-0.0049,19
603231,索宝蛋白,2025-12-31,40.0239,2.8075,74
603231,索宝蛋白,2026-03-31,33.1526,-6.8713,2
603231,索宝蛋白,2026-06-30,32.5338,-0.6188,39
603232,格尔软件,2025-12-31,9.7830,-1.1685,36
603232,格尔软件,2026-03-31,8.9824,-0.8006,3
603232,格尔软件,2026-06-30,9.9082,0.9258,36
603233,大参林,2025-12-31,13.2115,5.2704,371
603233,大参林,2026-03-31,9.3506,-3.8609,10
603233,大参林,2026-06-30,15.6366,6.2860,409
603235,天新药业,2025-12-31,0.3178,0.0265,17
603235,天新药业,2026-03-31,6.3959,6.0781,0
603235,天新药业,2026-06-30,6.5013,0.1054,35
603236,移远通信,2025-12-31,21.8840,3.7389,358
603236,移远通信,2026-03-31,14.8584,-7.0256,27
603236,移远通信,2026-06-30,16.1587,1.3003,140
603237,五芳斋,2025-12-31,61.4964,1.6503,48
603237,五芳斋,2026-03-31,59.9099,-1.5865,2
603237,五芳斋,2026-06-30,64.4642,4.5543,60
603238,诺邦股份,2025-12-31,75.6008,2.0179,99
603238,诺邦股份,2026-03-31,72.5481,-3.0527,5
603238,诺邦股份,2026-06-30,69.6760,-2.8721,88
603239,浙江仙通,2025-12-31,30.2326,0.0581,60
603239,浙江仙通,2026-03-31,32.0355,1.8029,1
603239,浙江仙通,2026-06-30,33.6863,1.6508,49
603248,锡华科技,2025-12-31,1.4381,,2615
603248,锡华科技,2026-03-31,7.6662,6.2281,36
603248,锡华科技,2026-06-30,4.5849,-3.0813,632
603255,鼎际得,2025-12-31,38.5145,3.5996,23
603255,鼎际得,2026-03-31,32.2346,-6.2799,3
603255,鼎际得,2026-06-30,33.6257,1.3911,17
603256,宏和科技,2025-12-31,86.5234,-0.6982,141
603256,宏和科技,2026-03-31,86.8139,0.2905,38
603256,宏和科技,2026-06-30,91.4252,4.6113,587
603257,中国瑞林,2025-12-31,2.4449,1.0846,179
603257,中国瑞林,2026-03-31,4.0156,1.5707,1
603257,中国瑞林,2026-06-30,10.3567,6.3411,108
603258,电魂网络,2025-12-31,4.7951,1.6606,27
603258,电魂网络,2026-03-31,1.5107,-3.2844,1
603258,电魂网络,2026-06-30,6.9371,5.4264,36
603259,药明康德,2025-12-31,48.6701,1.1200,1555
603259,药明康德,2026-03-31,40.3749,-8.2952,677
603259,药明康德,2026-06-30,48.3700,7.9951,1944
603260,合盛硅业,2025-12-31,45.3225,-0.3323,312
603260,合盛硅业,2026-03-31,41.3630,-3.9595,10
603260,合盛硅业,2026-06-30,40.3829,-0.9801,313
603261,立航科技,2025-12-31,2.3224,-0.4254,0
603261,立航科技,2026-03-31,3.0183,0.6959,0
603261,立航科技,2026-06-30,2.3560,-0.6623,4
603262,技源集团,2025-12-31,4.2645,4.2433,2581
603262,技源集团,2026-03-31,1.2211,-3.0434,5
603262,技源集团,2026-06-30,11.0618,9.8407,191
603266,天龙股份,2025-12-31,54.4347,-1.4835,9
603266,天龙股份,2026-03-31,54.6431,0.2084,0
603266,天龙股份,2026-06-30,55.3942,0.7511,35
603267,鸿远电子,2025-12-31,10.0314,3.1547,209
603267,鸿远电子,2026-03-31,1.0928,-8.9386,1
603267,鸿远电子,2026-06-30,4.4245,3.3317,132
603268,松发股份,2025-12-31,51.1878,4.5210,98
603268,松发股份,2026-03-31,38.7879,-12.3999,55
603268,松发股份,2026-06-30,44.7106,5.9227,407
603269,海鸥股份,2025-12-31,6.2515,3.4111,18
603269,海鸥股份,2026-03-31,8.9586,2.7071,4
603269,海鸥股份,2026-06-30,12.6114,3.6528,87
603270,金帝股份,2025-12-31,15.6640,-2.4322,46
603270,金帝股份,2026-03-31,15.5324,-0.1316,2
603270,金帝股份,2026-06-30,17.5516,2.0192,51
603271,永杰新材,2025-12-31,9.7554,,126
603271,永杰新材,2026-03-31,35.7010,25.9456,2
603271,永杰新材,2026-06-30,35.9078,0.2068,99
603272,*ST联翔,2025-12-31,6.0049,1.2282,28
603272,*ST联翔,2026-03-31,4.5933,-1.4116,2
603272,*ST联翔,2026-06-30,1.4123,-3.1810,0
603273,天元智能,2025-12-31,0.3133,-2.2244,30
603273,天元智能,2026-03-31,1.9309,1.6176,0
603273,天元智能,2026-06-30,7.1489,5.2180,53
603275,众辰科技,2025-12-31,4.9908,-25.2238,51
603275,众辰科技,2026-03-31,4.8676,-0.1232,2
603275,众辰科技,2026-06-30,0.7534,-4.1142,35
603276,恒兴新材,2025-12-31,29.3174,-10.4334,45
603276,恒兴新材,2026-03-31,23.3499,-5.9675,1
603276,恒兴新材,2026-06-30,23.1465,-0.2034,44
603277,银都股份,2025-12-31,9.6024,2.3376,59
603277,银都股份,2026-03-31,7.7534,-1.8490,2
603277,银都股份,2026-06-30,6.2606,-1.4928,30
603278,大业股份,2025-12-31,3.9165,1.3724,24
603278,大业股份,2026-03-31,3.2283,-0.6882,2
603278,大业股份,2026-06-30,3.3916,0.1633,14
603279,景津装备,2025-12-31,52.5914,4.9610,217
603279,景津装备,2026-03-31,43.9414,-8.6500,26
603279,景津装备,2026-06-30,46.7645,2.8231,199
603280,南方路机,2025-12-31,5.3810,2.0814,22
603280,南方路机,2026-03-31,2.3752,-3.0058,0
603280,南方路机,2026-06-30,14.8539,12.4787,37
603281,江瀚新材,2025-12-31,10.7010,5.3147,72
603281,江瀚新材,2026-03-31,4.4822,-6.2188,13
603281,江瀚新材,2026-06-30,7.0303,2.5481,89
603282,亚光股份,2025-12-31,7.1837,6.4279,101
603282,亚光股份,2026-03-31,7.4960,0.3123,4
603282,亚光股份,2026-06-30,9.5619,2.0659,68
603283,赛腾股份,2025-12-31,3.3389,-0.5019,58
603283,赛腾股份,2026-03-31,2.1168,-1.2221,0
603283,赛腾股份,2026-06-30,5.0804,2.9636,172
603284,林平发展,2026-03-31,2.0464,,15
603284,林平发展,2026-06-30,3.1438,1.0974,2609
603285,键邦股份,2025-12-31,9.7462,2.1763,81
603285,键邦股份,2026-03-31,16.8428,7.0966,4
603285,键邦股份,2026-06-30,17.8907,1.0479,116
603286,日盈电子,2025-12-31,20.8658,10.9526,78
603286,日盈电子,2026-03-31,13.6328,-7.2330,15
603286,日盈电子,2026-06-30,8.9791,-4.6537,67
603288,海天味业,2025-12-31,64.6642,1.9230,496
603288,海天味业,2026-03-31,62.0468,-2.6174,108
603288,海天味业,2026-06-30,63.2251,1.1783,605
603289,泰瑞机器,2025-12-31,56.0451,0.8429,49
603289,泰瑞机器,2026-03-31,54.6575,-1.3876,1
603289,泰瑞机器,2026-06-30,55.8870,1.2295,45
603290,斯达半导,2025-12-31,61.5108,2.4342,176
603290,斯达半导,2026-03-31,59.9147,-1.5961,7
603290,斯达半导,2026-06-30,62.1346,2.2199,213
603291,联合水务,2025-12-31,40.2800,-4.3681,16
603291,联合水务,2026-03-31,81.8234,41.5434,1
603291,联合水务,2026-06-30,80.1129,-1.7105,32
603293,埃泰克,2026-06-30,2.3521,,3129
603296,华勤技术,2025-12-31,58.6711,4.7488,676
603296,华勤技术,2026-03-31,50.2481,-8.4230,24
603296,华勤技术,2026-06-30,54.1168,3.8687,598
603297,永新光学,2025-12-31,72.4299,2.0647,85
603297,永新光学,2026-03-31,67.7511,-4.6788,8
603297,永新光学,2026-06-30,73.4789,5.7278,134
603298,杭叉集团,2025-12-31,71.7975,3.7704,333
603298,杭叉集团,2026-03-31,65.8647,-5.9328,15
603298,杭叉集团,2026-06-30,68.8893,3.0246,290
603299,苏盐井神,2025-12-31,72.8396,2.4340,77
603299,苏盐井神,2026-03-31,70.2254,-2.6142,5
603299,苏盐井神,2026-06-30,70.7815,0.5561,62
603300,海南华铁,2025-12-31,18.2735,0.2896,43
603300,海南华铁,2026-03-31,15.4334,-2.8401,2
603300,海南华铁,2026-06-30,16.0755,0.6421,49
603301,振德医疗,2025-12-31,51.0883,-4.6299,50
603301,振德医疗,2026-03-31,49.3504,-1.7379,0
603301,振德医疗,2026-06-30,52.6221,3.2717,85
603303,得邦照明,2025-12-31,80.4791,-0.1735,41
603303,得邦照明,2026-03-31,82.4816,2.0025,1
603303,得邦照明,2026-06-30,82.3531,-0.1285,6
603305,旭升集团,2025-12-31,43.4161,-8.4908,153
603305,旭升集团,2026-03-31,43.2371,-0.1790,17
603305,旭升集团,2026-06-30,44.9903,1.7532,173
603306,华懋科技,2025-12-31,38.5508,6.4366,182
603306,华懋科技,2026-03-31,33.4769,-5.0739,32
603306,华懋科技,2026-06-30,36.4460,2.9691,235
603307,扬州金泉,2025-12-31,10.2249,5.9307,29
603307,扬州金泉,2026-03-31,0.7790,-9.4459,3
603307,扬州金泉,2026-06-30,2.2229,1.4439,50
603308,应流股份,2025-12-31,60.1615,11.1513,421
603308,应流股份,2026-03-31,52.3823,-7.7792,120
603308,应流股份,2026-06-30,56.2664,3.8841,531
603309,维力医疗,2025-12-31,57.5829,1.5435,130
603309,维力医疗,2026-03-31,56.9150,-0.6679,9
603309,维力医疗,2026-06-30,57.1959,0.2809,86
603310,巍华新材,2025-12-31,42.2340,1.3114,85
603310,巍华新材,2026-03-31,37.7446,-4.4894,1
603310,巍华新材,2026-06-30,37.8194,0.0748,55
603311,金海高科,2025-12-31,51.9766,0.6663,20
603311,金海高科,2026-03-31,45.4606,-6.5160,0
603311,金海高科,2026-06-30,18.0878,-27.3728,22
603312,西典新能,2025-12-31,34.0849,1.4739,84
603312,西典新能,2026-03-31,23.8781,-10.2068,2
603312,西典新能,2026-06-30,25.4686,1.5905,45
603313,梦百合,2025-12-31,16.7191,2.4936,129
603313,梦百合,2026-03-31,17.9196,1.2005,2
603313,梦百合,2026-06-30,15.9455,-1.9741,23
603315,福鞍股份,2025-12-31,54.7156,-1.2496,14
603315,福鞍股份,2026-03-31,50.8148,-3.9008,0
603315,福鞍股份,2026-06-30,52.3789,1.5641,30
603316,诚邦股份,2025-12-31,9.6686,0.3763,14
603316,诚邦股份,2026-03-31,4.7016,-4.9670,1
603316,诚邦股份,2026-06-30,4.3755,-0.3261,13
603317,天味食品,2025-12-31,15.3428,3.6797,198
603317,天味食品,2026-03-31,11.5021,-3.8407,12
603317,天味食品,2026-06-30,14.5204,3.0183,370
603318,水发燃气,2025-12-31,48.8829,11.6253,38
603318,水发燃气,2026-03-31,49.8497,0.9668,0
603318,水发燃气,2026-06-30,48.4552,-1.3945,23
603319,美湖股份,2025-12-31,21.8784,3.0998,176
603319,美湖股份,2026-03-31,13.0651,-8.8133,13
603319,美湖股份,2026-06-30,11.9972,-1.0679,80
603320,迪贝电气,2025-12-31,45.4275,0.2724,24
603320,迪贝电气,2026-03-31,44.7707,-0.6568,0
603320,迪贝电气,2026-06-30,46.1811,1.4104,44
603321,梅轮电梯,2025-12-31,2.3901,0.4100,32
603321,梅轮电梯,2026-03-31,2.9827,0.5926,3
603321,梅轮电梯,2026-06-30,3.7268,0.7441,58
603322,超讯科技,2025-12-31,7.8144,-2.7383,8
603322,超讯科技,2026-03-31,13.5849,5.7705,0
603322,超讯科技,2026-06-30,8.9247,-4.6602,8
603323,苏农银行,2025-12-31,33.9133,3.7884,188
603323,苏农银行,2026-03-31,28.6532,-5.2601,1
603323,苏农银行,2026-06-30,31.8212,3.1680,161
603324,盛剑科技,2025-12-31,4.4693,0.5857,13
603324,盛剑科技,2026-03-31,4.1912,-0.2781,2
603324,盛剑科技,2026-06-30,6.7273,2.5361,36
603325,博隆技术,2025-12-31,3.8632,2.2530,50
603325,博隆技术,2026-03-31,1.7000,-2.1632,2
603325,博隆技术,2026-06-30,5.8015,4.1015,34
603326,我乐家居,2025-12-31,10.6671,2.1599,65
603326,我乐家居,2026-03-31,10.6201,-0.0470,2
603326,我乐家居,2026-06-30,13.1694,2.5493,71
603327,福蓉科技,2025-12-31,75.9043,-1.3144,38
603327,福蓉科技,2026-03-31,72.3066,-3.5977,4
603327,福蓉科技,2026-06-30,72.0912,-0.2154,86
603328,依顿电子,2025-12-31,63.6432,1.5546,117
603328,依顿电子,2026-03-31,61.3104,-2.3328,1
603328,依顿电子,2026-06-30,60.9946,-0.3158,45
603329,上海雅仕,2025-12-31,50.7485,0.9731,29
603329,上海雅仕,2026-03-31,49.1560,-1.5925,0
603329,上海雅仕,2026-06-30,51.4731,2.3171,88
603330,天洋新材,2025-12-31,23.0602,-0.3544,30
603330,天洋新材,2026-03-31,22.3447,-0.7155,0
603330,天洋新材,2026-06-30,17.5722,-4.7725,6
603331,百达精工,2025-12-31,9.9881,3.8456,79
603331,百达精工,2026-03-31,7.9771,-2.0110,0
603331,百达精工,2026-06-30,6.9649,-1.0122,35
603332,苏州龙杰,2025-12-31,54.2401,1.0395,13
603332,苏州龙杰,2026-03-31,54.1168,-0.1233,3
603332,苏州龙杰,2026-06-30,55.4265,1.3097,43
603333,福华尚纬,2025-12-31,37.4923,-1.5844,12
603333,福华尚纬,2026-03-31,41.7964,4.3041,0
603333,福华尚纬,2026-06-30,38.9192,-2.8772,34
603334,丰倍生物,2025-12-31,5.9097,,2779
603334,丰倍生物,2026-03-31,11.6852,5.7755,30
603334,丰倍生物,2026-06-30,7.9091,-3.7761,295
603335,迪生力,2025-12-31,52.7962,2.3071,51
603335,迪生力,2026-03-31,50.7469,-2.0493,3
603335,迪生力,2026-06-30,47.7251,-3.0218,3
603336,宏辉果蔬,2025-12-31,28.2705,2.3859,23
603336,宏辉果蔬,2026-03-31,29.0521,0.7816,0
603336,宏辉果蔬,2026-06-30,28.7519,-0.3002,44
603337,杰克科技,2025-12-31,69.3885,4.4424,203
603337,杰克科技,2026-03-31,65.8016,-3.5869,17
603337,杰克科技,2026-06-30,67.9239,2.1223,150
603338,浙江鼎力,2025-12-31,27.4968,6.8233,353
603338,浙江鼎力,2026-03-31,19.4904,-8.0064,30
603338,浙江鼎力,2026-06-30,25.2772,5.7868,357
603339,四方科技,2025-12-31,1.8172,,40
603339,四方科技,2026-06-30,1.3998,,24
603341,龙旗科技,2025-12-31,36.6353,-1.7090,265
603341,龙旗科技,2026-03-31,26.5463,-10.0890,2
603341,龙旗科技,2026-06-30,27.7000,1.1537,144
603344,星德胜,2025-12-31,14.4276,4.8389,52
603344,星德胜,2026-03-31,9.8817,-4.5459,1
603344,星德胜,2026-06-30,13.5413,3.6596,37
603345,安井食品,2025-12-31,54.0583,15.6075,603
603345,安井食品,2026-03-31,46.6195,-7.4388,173
603345,安井食品,2026-06-30,59.3629,12.7434,911
603348,文灿股份,2025-12-31,14.1426,0.0862,18
603348,文灿股份,2026-03-31,13.6869,-0.4557,3
603348,文灿股份,2026-06-30,13.9899,0.3030,12
603350,安乃达,2025-12-31,28.8450,-2.3708,75
603350,安乃达,2026-03-31,27.6368,-1.2082,2
603350,安乃达,2026-06-30,27.7867,0.1499,49
603351,威尔药业,2025-12-31,11.8091,-0.3510,22
603351,威尔药业,2026-03-31,11.5838,-0.2253,1
603351,威尔药业,2026-06-30,11.6564,0.0726,15
603352,至信股份,2026-03-31,0.0008,,8
603352,至信股份,2026-06-30,0.9479,0.9471,2553
603353,和顺石油,2025-12-31,45.1567,0.6729,21
603353,和顺石油,2026-03-31,45.3690,0.2123,0
603353,和顺石油,2026-06-30,47.9567,2.5877,34
603355,莱克电气,2025-12-31,67.3410,1.7117,62
603355,莱克电气,2026-03-31,66.9617,-0.3793,7
603355,莱克电气,2026-06-30,67.0620,0.1003,89
603356,华菱精工,2025-12-31,17.2768,3.2043,23
603356,华菱精工,2026-03-31,9.2022,-8.0746,3
603356,华菱精工,2026-06-30,9.8870,0.6848,27
603357,设计总院,2025-12-31,48.8963,0.5284,32
603357,设计总院,2026-03-31,49.9264,1.0301,0
603357,设计总院,2026-06-30,48.3114,-1.6150,11
603358,华达科技,2025-12-31,8.7952,1.2822,69
603358,华达科技,2026-03-31,6.3105,-2.4847,0
603358,华达科技,2026-06-30,7.0862,0.7757,41
603359,*ST东珠,2025-12-31,0.8161,-0.5120,13
603359,*ST东珠,2026-03-31,1.1379,0.3218,0
603359,*ST东珠,2026-06-30,3.2975,2.1596,0
603360,百傲化学,2025-12-31,58.5086,-2.0472,49
603360,百傲化学,2026-03-31,57.1293,-1.3793,1
603360,百傲化学,2026-06-30,58.2990,1.1697,27
603363,傲农生物,2025-12-31,43.0519,-2.7209,5
603363,傲农生物,2026-03-31,38.0917,-4.9602,0
603363,傲农生物,2026-06-30,36.9574,-1.1343,0
603365,水星家纺,2025-12-31,52.3023,4.5917,196
603365,水星家纺,2026-03-31,44.4182,-7.8841,19
603365,水星家纺,2026-06-30,49.8581,5.4399,94
603366,日出东方,2025-12-31,58.4413,0.2293,22
603366,日出东方,2026-03-31,58.3458,-0.0955,0
603366,日出东方,2026-06-30,59.0284,0.6826,37
603367,辰欣药业,2025-12-31,51.7291,-3.9351,127
603367,辰欣药业,2026-03-31,50.3977,-1.3314,2
603367,辰欣药业,2026-06-30,50.4914,0.0937,89
603368,柳药集团,2025-12-31,7.2045,1.2900,112
603368,柳药集团,2026-03-31,7.2764,0.0719,3
603368,柳药集团,2026-06-30,8.8924,1.6160,78
603369,今世缘,2025-12-31,69.9414,6.7603,309
603369,今世缘,2026-03-31,63.6604,-6.2810,13
603369,今世缘,2026-06-30,67.0525,3.3921,301
603370,华新精科,2025-12-31,0.7247,0.3408,2765
603370,华新精科,2026-06-30,0.1610,,221
603373,安邦护卫,2025-12-31,46.5712,-0.8815,54
603373,安邦护卫,2026-03-31,42.1498,-4.4214,0
603373,安邦护卫,2026-06-30,44.3541,2.2043,25
603375,盛景微,2025-12-31,36.0031,-0.7887,39
603375,盛景微,2026-03-31,35.1058,-0.8973,0
603375,盛景微,2026-06-30,33.2895,-1.8163,31
603376,大明电子,2025-12-31,2.5327,,2691
603376,大明电子,2026-03-31,0.0071,-2.5256,25
603376,大明电子,2026-06-30,0.9019,0.8948,282
603377,ST东时,2025-12-31,47.2108,-0.4211,0
603377,ST东时,2026-03-31,47.5967,0.3859,0
603377,ST东时,2026-06-30,47.1088,-0.4879,0
603378,*ST亚士,2025-12-31,51.0822,0.9709,34
603378,*ST亚士,2026-03-31,48.9364,-2.1458,0
603378,*ST亚士,2026-06-30,41.6652,-7.2712,0
603379,三美股份,2025-12-31,19.9030,5.1685,517
603379,三美股份,2026-03-31,15.2681,-4.6349,44
603379,三美股份,2026-06-30,17.4733,2.2052,344
603380,易德龙,2025-12-31,17.9620,2.5697,101
603380,易德龙,2026-03-31,14.9902,-2.9718,3
603380,易德龙,2026-06-30,14.1245,-0.8657,70
603381,永臻股份,2025-12-31,44.4256,-4.1627,56
603381,永臻股份,2026-03-31,38.3846,-6.0410,6
603381,永臻股份,2026-06-30,38.5841,0.1995,84
603382,海阳科技,2025-12-31,5.8567,5.4710,284
603382,海阳科技,2026-06-30,42.9948,,121
603383,顶点软件,2025-12-31,20.9810,-0.0928,82
603383,顶点软件,2026-03-31,16.5440,-4.4370,2
603383,顶点软件,2026-06-30,16.1238,-0.4202,114
603385,惠达卫浴,2025-12-31,38.0246,1.8102,59
603385,惠达卫浴,2026-03-31,36.3123,-1.7123,2
603385,惠达卫浴,2026-06-30,37.9689,1.6566,70
603386,骏亚科技,2025-12-31,58.8032,-1.7895,11
603386,骏亚科技,2026-03-31,58.4493,-0.3539,0
603386,骏亚科技,2026-06-30,58.2833,-0.1660,11
603387,基蛋生物,2025-12-31,6.6268,0.7600,50
603387,基蛋生物,2026-03-31,5.6583,-0.9685,1
603387,基蛋生物,2026-06-30,6.0973,0.4390,38
603389,亚振家居,2025-12-31,11.5794,0.0270,0
603389,亚振家居,2026-03-31,12.0425,0.4631,0
603389,亚振家居,2026-06-30,11.0632,-0.9793,0
603390,通达电气,2025-12-31,1.2397,,43
603390,通达电气,2026-03-31,0.3068,-0.9329,1
603390,通达电气,2026-06-30,1.6974,1.3906,81
603391,力聚热能,2025-12-31,9.4334,5.1814,46
603391,力聚热能,2026-03-31,7.0662,-2.3672,0
603391,力聚热能,2026-06-30,10.7338,3.6676,24
603392,万泰生物,2025-12-31,60.6974,2.9299,248
603392,万泰生物,2026-03-31,57.2783,-3.4191,7
603392,万泰生物,2026-06-30,59.1588,1.8805,276
603393,新天然气,2025-12-31,9.1013,1.6253,84
603393,新天然气,2026-03-31,7.6197,-1.4816,30
603393,新天然气,2026-06-30,12.3858,4.7661,160
603395,红四方,2025-12-31,5.6798,0.8319,106
603395,红四方,2026-03-31,1.1999,-4.4799,1
603395,红四方,2026-06-30,2.5333,1.3334,88
603396,金辰股份,2025-12-31,6.1881,2.1679,42
603396,金辰股份,2026-03-31,3.7161,-2.4720,2
603396,金辰股份,2026-06-30,6.3037,2.5876,61
603398,*ST沐邦,2025-12-31,33.0739,0.0000,0
603398,*ST沐邦,2026-03-31,33.0739,0.0000,0
603398,*ST沐邦,2026-06-30,30.6593,-2.4146,0
603399,永杉锂业,2025-12-31,34.7614,-8.8401,30
603399,永杉锂业,2026-03-31,30.2890,-4.4724,1
603399,永杉锂业,2026-06-30,32.4703,2.1813,17
603400,华之杰,2025-12-31,2.4344,2.4203,369
603400,华之杰,2026-03-31,11.1704,8.7360,6
603400,华之杰,2026-06-30,30.8651,19.6947,140
603402,陕西旅游,2026-03-31,17.0216,,18
603402,陕西旅游,2026-06-30,7.3206,-9.7010,45
603406,天富龙,2025-12-31,0.3722,-0.0359,2615
603406,天富龙,2026-03-31,0.0001,-0.3721,1
603406,天富龙,2026-06-30,1.0412,1.0411,204
603407,长裕集团,2026-06-30,21.3593,,2193
603408,建霖家居,2025-12-31,76.4699,1.3044,52
603408,建霖家居,2026-03-31,74.5995,-1.8704,0
603408,建霖家居,2026-06-30,76.0971,1.4976,46
603409,汇通控股,2025-12-31,7.0391,5.4265,122
603409,汇通控股,2026-03-31,12.6941,5.6550,0
603409,汇通控股,2026-06-30,14.5765,1.8824,78
603416,信捷电气,2025-12-31,16.3700,3.9794,81
603416,信捷电气,2026-03-31,11.7987,-4.5713,3
603416,信捷电气,2026-06-30,18.5973,6.7986,92
603418,友升股份,2025-12-31,3.1797,1.9494,2563
603418,友升股份,2026-03-31,0.9629,-2.2168,3
603418,友升股份,2026-06-30,4.4724,3.5095,249
603421,鼎信通讯,2025-12-31,0.1251,,17
603421,鼎信通讯,2026-06-30,0.3421,,30
603435,嘉德利,2026-06-30,6.7916,,2940
603439,三力制药,2025-12-31,8.2135,0.2509,28
603439,三力制药,2026-03-31,7.9738,-0.2397,2
603439,三力制药,2026-06-30,10.2037,2.2299,56
603444,吉比特,2025-12-31,25.5887,3.9661,637
603444,吉比特,2026-03-31,17.5496,-8.0391,72
603444,吉比特,2026-06-30,19.5091,1.9595,413
603456,九洲药业,2025-12-31,49.8719,5.9191,202
603456,九洲药业,2026-03-31,44.7550,-5.1169,23
603456,九洲药业,2026-06-30,45.6455,0.8905,130
603458,勘设股份,2025-12-31,7.0307,3.9504,4
603458,勘设股份,2026-03-31,2.6665,-4.3642,1
603458,勘设股份,2026-06-30,0.0111,-2.6554,3
603459,红板科技,2026-03-31,0.0000,,272
603459,红板科技,2026-06-30,11.9528,11.9528,3020
603466,风语筑,2025-12-31,4.8896,1.1009,60
603466,风语筑,2026-03-31,4.1213,-0.7683,1
603466,风语筑,2026-06-30,2.8631,-1.2582,11
603477,巨星农牧,2025-12-31,57.9683,1.1041,60
603477,巨星农牧,2026-03-31,56.8393,-1.1290,12
603477,巨星农牧,2026-06-30,59.1897,2.3504,84
603486,科沃斯,2025-12-31,83.9651,2.3150,624
603486,科沃斯,2026-03-31,76.0607,-7.9044,25
603486,科沃斯,2026-06-30,76.6459,0.5852,413
603488,展鹏科技,2025-12-31,35.6509,1.5982,42
603488,展鹏科技,2026-03-31,37.1865,1.5356,1
603488,展鹏科技,2026-06-30,31.9497,-5.2368,3
603489,八方股份,2025-12-31,13.0897,2.4308,107
603489,八方股份,2026-03-31,10.5459,-2.5438,5
603489,八方股份,2026-06-30,12.8883,2.3424,78
603496,恒为科技,2025-12-31,3.9765,0.5687,55
603496,恒为科技,2026-03-31,2.9317,-1.0448,0
603496,恒为科技,2026-06-30,3.1906,0.2589,61
603499,翔港科技,2025-12-31,32.1683,0.9333,38
603499,翔港科技,2026-03-31,30.6116,-1.5567,0
603499,翔港科技,2026-06-30,30.9090,0.2974,18
603500,祥和实业,2025-12-31,6.0376,2.3832,127
603500,祥和实业,2026-03-31,1.7742,-4.2634,0
603500,祥和实业,2026-06-30,3.0120,1.2378,27
603501,豪威集团,2025-12-31,37.5644,4.1449,708
603501,豪威集团,2026-03-31,27.1742,-10.3902,78
603501,豪威集团,2026-06-30,28.3690,1.1948,526
603505,金石资源,2025-12-31,58.5104,3.1816,113
603505,金石资源,2026-03-31,54.1128,-4.3976,0
603505,金石资源,2026-06-30,55.8226,1.7098,84
603506,南都物业,2025-12-31,41.7527,1.6614,38
603506,南都物业,2026-03-31,42.2896,0.5369,3
603506,南都物业,2026-06-30,44.8681,2.5785,113
603507,振江股份,2025-12-31,12.8429,2.4165,56
603507,振江股份,2026-03-31,10.5935,-2.2494,9
603507,振江股份,2026-06-30,15.4996,4.9061,238
603508,思维列控,2025-12-31,6.2402,-1.5922,102
603508,思维列控,2026-03-31,4.2470,-1.9932,1
603508,思维列控,2026-06-30,4.8741,0.6271,153
603511,爱慕股份,2025-12-31,46.6728,-0.0256,37
603511,爱慕股份,2026-03-31,46.3247,-0.3481,0
603511,爱慕股份,2026-06-30,47.3894,1.0647,58
603515,欧普照明,2025-12-31,58.8741,0.6651,58
603515,欧普照明,2026-03-31,58.2793,-0.5948,12
603515,欧普照明,2026-06-30,59.4490,1.1697,58
603516,淳中科技,2025-12-31,2.5031,-0.3044,43
603516,淳中科技,2026-03-31,1.3992,-1.1039,4
603516,淳中科技,2026-06-30,2.4263,1.0271,117
603517,ST绝味,2025-12-31,53.7959,2.4907,23
603517,ST绝味,2026-03-31,51.6332,-2.1627,0
603517,ST绝味,2026-06-30,55.9698,4.3366,27
603518,锦泓集团,2025-12-31,11.2459,1.6845,68
603518,锦泓集团,2026-03-31,11.2071,-0.0388,8
603518,锦泓集团,2026-06-30,12.6865,1.4794,87
603519,立霸股份,2025-12-31,24.3155,-2.1105,78
603519,立霸股份,2026-03-31,22.9772,-1.3383,2
603519,立霸股份,2026-06-30,24.6270,1.6498,76
603520,司太立,2025-12-31,6.6792,-4.5374,50
603520,司太立,2026-03-31,5.4360,-1.2432,5
603520,司太立,2026-06-30,3.5711,-1.8649,25
603527,众源新材,2025-12-31,4.7499,-0.7287,43
603527,众源新材,2026-03-31,5.0223,0.2724,0
603527,众源新材,2026-06-30,5.5042,0.4819,31
603528,多伦科技,2025-12-31,54.9190,0.1305,7
603528,多伦科技,2026-03-31,54.9023,-0.0167,0
603528,多伦科技,2026-06-30,54.9592,0.0569,12
603529,爱玛科技,2025-12-31,7.0278,-0.4821,316
603529,爱玛科技,2026-03-31,3.0077,-4.0201,21
603529,爱玛科技,2026-06-30,3.3310,0.3233,157
603530,神马电力,2025-12-31,69.6804,-0.7148,119
603530,神马电力,2026-03-31,68.9317,-0.7487,12
603530,神马电力,2026-06-30,70.8563,1.9246,139
603533,掌阅科技,2025-12-31,11.6591,1.2320,54
603533,掌阅科技,2026-03-31,8.4320,-3.2271,8
603533,掌阅科技,2026-06-30,9.4428,1.0108,68
603535,嘉诚国际,2025-12-31,9.5027,-0.8809,12
603535,嘉诚国际,2026-03-31,9.0147,-0.4880,0
603535,嘉诚国际,2026-06-30,7.8226,-1.1921,11
603536,惠发食品,2025-12-31,31.6467,0.5021,15
603536,惠发食品,2026-03-31,34.2844,2.6377,1
603536,惠发食品,2026-06-30,36.6247,2.3403,46
603538,美诺华,2025-12-31,21.9857,-2.0345,48
603538,美诺华,2026-03-31,25.5673,3.5816,3
603538,美诺华,2026-06-30,30.7736,5.2063,115
603551,奥普科技,2025-12-31,72.0285,0.3904,48
603551,奥普科技,2026-03-31,71.8724,-0.1561,11
603551,奥普科技,2026-06-30,72.2227,0.3503,62
603556,海兴电力,2025-12-31,61.1127,5.3292,255
603556,海兴电力,2026-03-31,57.2056,-3.9071,22
603556,海兴电力,2026-06-30,57.3646,0.1590,159
603557,*ST起步,2025-12-31,31.6100,0.0000,0
603557,*ST起步,2026-03-31,31.6100,0.0000,0
603557,*ST起步,2026-06-30,31.6100,0.0000,0
603558,健盛集团,2025-12-31,17.8498,8.2559,115
603558,健盛集团,2026-03-31,13.1570,-4.6928,18
603558,健盛集团,2026-06-30,16.7325,3.5755,109
603559,中通国脉,2025-12-31,53.2741,-3.4637,0
603559,中通国脉,2026-03-31,33.7741,-19.5000,0
603559,中通国脉,2026-06-30,30.5843,-3.1898,0
603565,中谷物流,2025-12-31,73.4121,1.2498,397
603565,中谷物流,2026-03-31,69.2321,-4.1800,42
603565,中谷物流,2026-06-30,74.6330,5.4009,379
603566,普莱柯,2025-12-31,9.6728,0.1070,98
603566,普莱柯,2026-03-31,8.2027,-1.4701,0
603566,普莱柯,2026-06-30,7.5618,-0.6409,41
603567,珍宝岛,2025-12-31,70.1938,-1.1018,32
603567,珍宝岛,2026-03-31,64.0060,-6.1878,1
603567,珍宝岛,2026-06-30,61.2939,-2.7121,50
603568,伟明环保,2025-12-31,55.7898,3.6169,352
603568,伟明环保,2026-03-31,51.8682,-3.9216,25
603568,伟明环保,2026-06-30,52.1290,0.2608,310
603569,长久物流,2025-12-31,73.4021,-3.5218,91
603569,长久物流,2026-03-31,72.2994,-1.1027,1
603569,长久物流,2026-06-30,72.3328,0.0334,53
603577,汇金通,2025-12-31,41.0109,0.5109,31
603577,汇金通,2026-03-31,41.4668,0.4559,1
603577,汇金通,2026-06-30,41.5670,0.1002,28
603578,三星新材,2025-12-31,18.2974,1.8631,70
603578,三星新材,2026-03-31,16.8625,-1.4349,1
603578,三星新材,2026-06-30,18.3748,1.5123,16
603579,荣泰健康,2025-12-31,14.0586,-1.5442,70
603579,荣泰健康,2026-03-31,10.1588,-3.8998,0
603579,荣泰健康,2026-06-30,11.7540,1.5952,81
603580,艾艾精工,2025-12-31,1.5033,-0.4600,0
603580,艾艾精工,2026-03-31,2.0921,0.5888,0
603580,艾艾精工,2026-06-30,1.5033,-0.5888,0
603583,捷昌驱动,2025-12-31,9.9302,0.1650,90
603583,捷昌驱动,2026-03-31,7.9160,-2.0142,0
603583,捷昌驱动,2026-06-30,9.4603,1.5443,55
603585,苏利股份,2025-12-31,12.1981,1.0105,51
603585,苏利股份,2026-03-31,11.2354,-0.9627,2
603585,苏利股份,2026-06-30,9.6594,-1.5760,26
603586,金麒麟,2025-12-31,52.1721,0.2073,14
603586,金麒麟,2026-03-31,51.9895,-0.1826,1
603586,金麒麟,2026-06-30,52.3738,0.3843,8
603587,地素时尚,2025-12-31,5.5711,0.7781,50
603587,地素时尚,2026-03-31,5.8963,0.3252,0
603587,地素时尚,2026-06-30,7.0829,1.1866,62
603588,高能环境,2025-12-31,8.8715,2.9535,189
603588,高能环境,2026-03-31,2.3840,-6.4875,37
603588,高能环境,2026-06-30,6.1480,3.7640,368
603589,口子窖,2025-12-31,13.9942,5.9686,121
603589,口子窖,2026-03-31,7.7661,-6.2281,6
603589,口子窖,2026-06-30,13.3819,5.6158,129
603590,康辰药业,2025-12-31,31.2818,7.1895,149
603590,康辰药业,2026-03-31,22.5127,-8.7691,5
603590,康辰药业,2026-06-30,21.4615,-1.0512,40
603595,ST东尼,2025-12-31,3.3875,-1.7500,0
603595,ST东尼,2026-03-31,3.2336,-0.1539,0
603595,ST东尼,2026-06-30,4.7284,1.4948,0
603596,伯特利,2025-12-31,39.0050,2.1566,513
603596,伯特利,2026-03-31,28.4696,-10.5354,25
603596,伯特利,2026-06-30,32.1129,3.6433,361
603598,引力传媒,2025-12-31,18.7694,0.7391,6
603598,引力传媒,2026-03-31,22.4165,3.6471,1
603598,引力传媒,2026-06-30,23.6386,1.2221,28
603599,广信股份,2025-12-31,57.6379,6.4369,167
603599,广信股份,2026-03-31,52.0836,-5.5543,19
603599,广信股份,2026-06-30,57.2682,5.1846,150
603600,永艺股份,2025-12-31,49.0203,2.0736,64
603600,永艺股份,2026-03-31,50.5228,1.5025,1
603600,永艺股份,2026-06-30,51.7700,1.2472,116
603601,再升科技,2025-12-31,7.4258,-2.2508,24
603601,再升科技,2026-03-31,8.0502,0.6244,2
603601,再升科技,2026-06-30,7.8172,-0.2330,30
603602,纵横通信,2025-12-31,2.6210,,42
603602,纵横通信,2026-03-31,0.0999,-2.5211,1
603602,纵横通信,2026-06-30,0.7089,0.6090,19
603605,珀莱雅,2025-12-31,9.5820,-2.1709,279
603605,珀莱雅,2026-03-31,7.8396,-1.7424,16
603605,珀莱雅,2026-06-30,11.6583,3.8187,364
603606,东方电缆,2025-12-31,60.7207,8.1880,790
603606,东方电缆,2026-03-31,51.6556,-9.0651,124
603606,东方电缆,2026-06-30,51.4817,-0.1739,556
603607,京华激光,2025-12-31,36.3455,3.8752,23
603607,京华激光,2026-03-31,33.8325,-2.5130,0
603607,京华激光,2026-06-30,33.9609,0.1284,8
603608,天创时尚,2025-12-31,36.6209,-2.2202,3
603608,天创时尚,2026-03-31,33.8555,-2.7654,0
603608,天创时尚,2026-06-30,34.5205,0.6650,14
603609,禾丰股份,2025-12-31,21.1986,-0.4133,31
603609,禾丰股份,2026-03-31,20.7878,-0.4108,0
603609,禾丰股份,2026-06-30,21.1933,0.4055,16
603610,麒盛科技,2025-12-31,23.3462,-0.3454,16
603610,麒盛科技,2026-03-31,24.7788,1.4326,0
603610,麒盛科技,2026-06-30,26.1344,1.3556,29
603611,诺力股份,2025-12-31,4.4793,2.6006,142
603611,诺力股份,2026-03-31,0.9165,-3.5628,1
603611,诺力股份,2026-06-30,2.7280,1.8115,62
603612,索通发展,2025-12-31,13.3926,2.1808,146
603612,索通发展,2026-03-31,15.5470,2.1544,33
603612,索通发展,2026-06-30,15.7394,0.1924,176
603613,国联股份,2025-12-31,8.3213,1.7347,83
603613,国联股份,2026-03-31,5.0432,-3.2781,11
603613,国联股份,2026-06-30,4.2691,-0.7741,56
603615,茶花股份,2025-12-31,21.5540,-0.5232,45
603615,茶花股份,2026-03-31,15.7480,-5.8060,0
603615,茶花股份,2026-06-30,16.1950,0.4470,63
603616,韩建河山,2025-12-31,36.7980,-0.8541,27
603616,韩建河山,2026-03-31,36.4908,-0.3072,1
603616,韩建河山,2026-06-30,36.7883,0.2975,16
603617,君禾股份,2025-12-31,41.7751,-3.0647,32
603617,君禾股份,2026-03-31,39.8501,-1.9250,1
603617,君禾股份,2026-06-30,41.0814,1.2313,40
603618,杭电股份,2025-12-31,53.6416,0.7017,16
603618,杭电股份,2026-03-31,62.2505,8.6089,16
603618,杭电股份,2026-06-30,54.6689,-7.5816,106
603619,中曼石油,2025-12-31,45.6004,10.6568,203
603619,中曼石油,2026-03-31,33.8839,-11.7165,35
603619,中曼石油,2026-06-30,32.0562,-1.8277,180
603626,科森科技,2025-12-31,8.2635,2.6012,30
603626,科森科技,2026-03-31,16.4206,8.1571,10
603626,科森科技,2026-06-30,10.5344,-5.8862,106
603628,清源股份,2025-12-31,20.0231,1.1282,31
603628,清源股份,2026-03-31,20.0731,0.0500,0
603628,清源股份,2026-06-30,18.3054,-1.7677,10
603629,利通电子,2025-12-31,6.0448,3.5464,138
603629,利通电子,2026-03-31,2.6597,-3.3851,3
603629,利通电子,2026-06-30,3.5744,0.9147,92
603630,拉芳家化,2025-12-31,21.3071,0.1985,28
603630,拉芳家化,2026-03-31,22.5998,1.2927,0
603630,拉芳家化,2026-06-30,21.7850,-0.8148,58
603633,徕木股份,2025-12-31,14.2126,1.1018,16
603633,徕木股份,2026-03-31,12.8176,-1.3950,0
603633,徕木股份,2026-06-30,14.6268,1.8092,15
603636,南威软件,2025-12-31,9.0529,-0.4556,23
603636,南威软件,2026-03-31,7.5610,-1.4919,0
603636,南威软件,2026-06-30,8.1139,0.5529,8
603637,镇海股份,2025-12-31,23.8609,2.6448,64
603637,镇海股份,2026-03-31,22.4072,-1.4537,0
603637,镇海股份,2026-06-30,22.0230,-0.3842,10
603638,艾迪精密,2025-12-31,28.5966,2.5665,82
603638,艾迪精密,2026-03-31,27.2061,-1.3905,1
603638,艾迪精密,2026-06-30,29.3687,2.1626,230
603639,海利尔,2025-12-31,8.4378,-0.7871,33
603639,海利尔,2026-03-31,7.9346,-0.5032,0
603639,海利尔,2026-06-30,7.7706,-0.1640,27
603648,畅联股份,2025-12-31,52.0705,0.6125,20
603648,畅联股份,2026-03-31,51.8945,-0.1760,1
603648,畅联股份,2026-06-30,52.1953,0.3008,31
603650,彤程新材,2025-12-31,69.3089,-0.5716,161
603650,彤程新材,2026-03-31,68.6044,-0.7045,4
603650,彤程新材,2026-06-30,68.2208,-0.3836,248
603655,朗博科技,2025-12-31,9.8957,-0.2780,5
603655,朗博科技,2026-03-31,11.5168,1.6211,0
603655,朗博科技,2026-06-30,12.0117,0.4949,5
603656,泰禾智能,2025-12-31,24.7883,6.0394,18
603656,泰禾智能,2026-03-31,25.4987,0.7104,0
603656,泰禾智能,2026-06-30,26.3995,0.9008,12
603657,春光科技,2025-12-31,52.4539,-0.2225,18
603657,春光科技,2026-03-31,51.6727,-0.7812,0
603657,春光科技,2026-06-30,52.0576,0.3849,14
603658,安图生物,2025-12-31,78.7355,2.0934,185
603658,安图生物,2026-03-31,76.5558,-2.1797,15
603658,安图生物,2026-06-30,79.0213,2.4655,201
603659,璞泰来,2025-12-31,37.6265,7.7891,663
603659,璞泰来,2026-03-31,28.6466,-8.9799,88
603659,璞泰来,2026-06-30,31.7432,3.0966,645
603660,苏州科达,2025-12-31,1.3443,0.0077,31
603660,苏州科达,2026-03-31,1.1513,-0.1930,0
603660,苏州科达,2026-06-30,1.7590,0.6077,44
603661,恒林股份,2025-12-31,16.3792,3.0775,86
603661,恒林股份,2026-03-31,15.2461,-1.1331,4
603661,恒林股份,2026-06-30,14.5124,-0.7337,28
603662,柯力传感,2025-12-31,12.2394,1.1677,73
603662,柯力传感,2026-03-31,11.3828,-0.8566,3
603662,柯力传感,2026-06-30,12.0807,0.6979,45
603663,三祥新材,2025-12-31,65.2974,5.6228,109
603663,三祥新材,2026-03-31,62.2855,-3.0119,8
603663,三祥新材,2026-06-30,65.6333,3.3478,230
603665,康隆达,2025-12-31,39.5180,-1.3077,18
603665,康隆达,2026-03-31,38.1580,-1.3600,0
603665,康隆达,2026-06-30,33.6427,-4.5153,9
603666,亿嘉和,2025-12-31,26.5184,1.6013,26
603666,亿嘉和,2026-03-31,26.4080,-0.1104,2
603666,亿嘉和,2026-06-30,26.3408,-0.0672,26
603667,五洲新春,2025-12-31,20.3226,5.5409,116
603667,五洲新春,2026-03-31,13.7024,-6.6202,25
603667,五洲新春,2026-06-30,10.8574,-2.8450,90
603668,天马科技,2025-12-31,18.5886,-0.2365,34
603668,天马科技,2026-03-31,16.7484,-1.8402,3
603668,天马科技,2026-06-30,21.5313,4.7829,50
603669,灵康药业,2025-12-31,47.6439,-0.0721,16
603669,灵康药业,2026-03-31,48.4668,0.8229,3
603669,灵康药业,2026-06-30,50.1114,1.6446,10
603676,卫信康,2025-12-31,55.1484,0.1678,17
603676,卫信康,2026-03-31,55.2237,0.0753,0
603676,卫信康,2026-06-30,56.0526,0.8289,37
603677,奇精机械,2025-12-31,53.8682,0.5008,33
603677,奇精机械,2026-03-31,53.5636,-0.3046,1
603677,奇精机械,2026-06-30,53.3171,-0.2465,28
603678,火炬电子,2025-12-31,10.6204,0.3132,170
603678,火炬电子,2026-03-31,6.4593,-4.1611,14
603678,火炬电子,2026-06-30,18.2818,11.8225,385
603679,华体科技,2025-12-31,4.3317,-0.0496,8
603679,华体科技,2026-03-31,6.5477,2.2160,0
603679,华体科技,2026-06-30,12.5054,5.9577,21
603680,今创集团,2025-12-31,28.2115,-1.3856,34
603680,今创集团,2026-03-31,27.6048,-0.6067,0
603680,今创集团,2026-06-30,27.8150,0.2102,63
603681,永冠新材,2025-12-31,3.4292,1.4043,58
603681,永冠新材,2026-03-31,2.5947,-0.8345,2
603681,永冠新材,2026-06-30,6.4905,3.8958,56
603682,锦和商管,2025-12-31,62.5015,-0.0311,43
603682,锦和商管,2026-03-31,60.6082,-1.8933,1
603682,锦和商管,2026-06-30,60.1270,-0.4812,23
603683,晶华新材,2025-12-31,12.1157,2.7708,50
603683,晶华新材,2026-03-31,8.3494,-3.7663,4
603683,晶华新材,2026-06-30,11.4864,3.1370,58
603685,晨丰科技,2025-12-31,35.2429,-0.8994,32
603685,晨丰科技,2026-03-31,30.5635,-4.6794,3
603685,晨丰科技,2026-06-30,24.2449,-6.3186,24
603686,福龙马,2025-12-31,6.6926,-0.5676,14
603686,福龙马,2026-03-31,9.3458,2.6532,0
603686,福龙马,2026-06-30,10.0669,0.7211,98
603687,大胜达,2025-12-31,55.0539,0.3612,32
603687,大胜达,2026-03-31,51.2781,-3.7758,1
603687,大胜达,2026-06-30,52.9423,1.6642,11
603688,石英股份,2025-12-31,30.3557,2.7244,137
603688,石英股份,2026-03-31,27.5989,-2.7568,6
603688,石英股份,2026-06-30,28.0989,0.5000,201
603689,皖天然气,2025-12-31,70.6498,-3.6496,21
603689,皖天然气,2026-03-31,70.2669,-0.3829,2
603689,皖天然气,2026-06-30,69.6136,-0.6533,58
603690,至纯科技,2025-12-31,10.2507,0.1217,55
603690,至纯科技,2026-03-31,9.3925,-0.8582,2
603690,至纯科技,2026-06-30,12.5116,3.1191,61
603693,江苏新能,2025-12-31,85.0675,0.4942,53
603693,江苏新能,2026-03-31,84.7486,-0.3189,1
603693,江苏新能,2026-06-30,84.9664,0.2178,41
603696,安记食品,2025-12-31,18.6985,3.2715,8
603696,安记食品,2026-03-31,18.9371,0.2386,0
603696,安记食品,2026-06-30,21.8696,2.9325,53
603697,有友食品,2025-12-31,6.5082,5.1971,204
603697,有友食品,2026-03-31,1.0908,-5.4174,3
603697,有友食品,2026-06-30,5.7942,4.7034,114
603698,航天工程,2025-12-31,72.2586,-2.0870,67
603698,航天工程,2026-03-31,69.8741,-2.3845,1
603698,航天工程,2026-06-30,71.7131,1.8390,72
603699,纽威股份,2025-12-31,33.6846,3.5882,541
603699,纽威股份,2026-03-31,28.3184,-5.3662,56
603699,纽威股份,2026-06-30,33.2497,4.9313,441
603700,宁水集团,2025-12-31,10.0234,4.6288,118
603700,宁水集团,2026-03-31,4.1639,-5.8595,3
603700,宁水集团,2026-06-30,4.4443,0.2804,83
603701,德宏股份,2025-12-31,38.5604,-0.7843,45
603701,德宏股份,2026-03-31,37.0164,-1.5440,7
603701,德宏股份,2026-06-30,35.4583,-1.5581,55
603703,盛洋科技,2025-12-31,24.5219,0.6707,9
603703,盛洋科技,2026-03-31,23.5874,-0.9345,1
603703,盛洋科技,2026-06-30,22.3610,-1.2264,55
603706,东方环宇,2025-12-31,33.6836,2.0029,51
603706,东方环宇,2026-03-31,32.8095,-0.8741,3
603706,东方环宇,2026-06-30,37.7792,4.9697,109
603707,健友股份,2025-12-31,23.9670,-2.4919,150
603707,健友股份,2026-03-31,23.1020,-0.8650,6
603707,健友股份,2026-06-30,23.6563,0.5543,104
603708,家家悦,2025-12-31,73.8972,-1.7662,46
603708,家家悦,2026-03-31,73.7292,-0.1680,3
603708,家家悦,2026-06-30,74.9184,1.1892,87
603709,中源家居,2025-12-31,42.9819,0.6589,12
603709,中源家居,2026-03-31,44.7880,1.8061,2
603709,中源家居,2026-06-30,45.6761,0.8881,60
603711,香飘飘,2025-12-31,6.5382,0.4918,23
603711,香飘飘,2026-03-31,6.5803,0.0421,2
603711,香飘飘,2026-06-30,9.3829,2.8026,118
603712,七一二,2025-12-31,59.5041,2.7721,158
603712,七一二,2026-03-31,52.9117,-6.5924,12
603712,七一二,2026-06-30,54.6183,1.7066,71
603713,密尔克卫,2025-12-31,30.8910,5.2815,153
603713,密尔克卫,2026-03-31,20.2024,-10.6886,20
603713,密尔克卫,2026-06-30,26.1167,5.9143,184
603716,塞力医疗,2025-12-31,18.8955,-0.6565,4
603716,塞力医疗,2026-03-31,16.0395,-2.8560,0
603716,塞力医疗,2026-06-30,14.4729,-1.5666,5
603717,天域生物,2025-12-31,10.8829,1.1173,23
603717,天域生物,2026-03-31,9.0036,-1.8793,2
603717,天域生物,2026-06-30,10.0657,1.0621,23
603718,*ST海利,2025-12-31,35.6665,-0.7639,11
603718,*ST海利,2026-03-31,36.3411,0.6746,0
603718,*ST海利,2026-06-30,37.4394,1.0983,0
603719,良品铺子,2025-12-31,59.8755,-0.8893,16
603719,良品铺子,2026-03-31,59.6993,-0.1762,0
603719,良品铺子,2026-06-30,61.5542,1.8549,77
603721,中广天择,2025-12-31,54.0185,1.0868,0
603721,中广天择,2026-03-31,54.2039,0.1854,0
603721,中广天择,2026-06-30,51.6185,-2.5854,8
603722,阿科力,2025-12-31,3.0590,1.1149,29
603722,阿科力,2026-03-31,1.9975,-1.0615,2
603722,阿科力,2026-06-30,3.2219,1.2244,32
603725,天安新材,2025-12-31,3.7802,3.1944,46
603725,天安新材,2026-03-31,1.9937,-1.7865,3
603725,天安新材,2026-06-30,4.5063,2.5126,51
603726,朗迪集团,2025-12-31,0.4266,,38
603726,朗迪集团,2026-03-31,2.1245,1.6979,1
603726,朗迪集团,2026-06-30,1.1154,-1.0091,58
603727,博迈科,2025-12-31,54.9140,2.5910,32
603727,博迈科,2026-03-31,55.7949,0.8809,8
603727,博迈科,2026-06-30,60.1028,4.3079,54
603728,鸣志电器,2025-12-31,71.4468,3.6932,210
603728,鸣志电器,2026-03-31,67.3923,-4.0545,12
603728,鸣志电器,2026-06-30,68.7384,1.3461,168
603729,ST龙韵,2025-12-31,3.2560,1.0107,32
603729,ST龙韵,2026-03-31,2.8357,-0.4203,2
603729,ST龙韵,2026-06-30,1.6020,-1.2337,0
603730,岱美股份,2025-12-31,61.7995,1.7261,162
603730,岱美股份,2026-03-31,60.1262,-1.6733,12
603730,岱美股份,2026-06-30,61.3153,1.1891,113
603733,仙鹤股份,2025-12-31,83.8893,1.6113,109
603733,仙鹤股份,2026-03-31,82.4590,-1.4303,3
603733,仙鹤股份,2026-06-30,80.8761,-1.5829,109
603737,三棵树,2025-12-31,22.3764,5.1709,387
603737,三棵树,2026-03-31,15.3753,-7.0011,65
603737,三棵树,2026-06-30,18.0566,2.6813,350
603738,泰晶科技,2025-12-31,2.7510,-0.2611,23
603738,泰晶科技,2026-03-31,8.3149,5.5639,5
603738,泰晶科技,2026-06-30,6.7640,-1.5509,104
603739,蔚蓝生物,2025-12-31,64.7846,2.1153,91
603739,蔚蓝生物,2026-03-31,61.6296,-3.1550,2
603739,蔚蓝生物,2026-06-30,65.0661,3.4365,72
603755,日辰股份,2025-12-31,60.8496,-0.1343,33
603755,日辰股份,2026-03-31,59.9672,-0.8824,0
603755,日辰股份,2026-06-30,63.3414,3.3742,63
603757,大元泵业,2025-12-31,0.3590,,20
603757,大元泵业,2026-03-31,0.4125,0.0535,2
603757,大元泵业,2026-06-30,6.5489,6.1364,105
603758,秦安股份,2025-12-31,3.8475,-1.0068,28
603758,秦安股份,2026-03-31,3.6330,-0.2145,0
603758,秦安股份,2026-06-30,4.1518,0.5188,38
603759,海天股份,2025-12-31,67.1517,5.7214,47
603759,海天股份,2026-03-31,64.7591,-2.3926,0
603759,海天股份,2026-06-30,65.7598,1.0007,25
603766,隆鑫通用,2025-12-31,66.5052,9.6633,583
603766,隆鑫通用,2026-03-31,55.6700,-10.8352,47
603766,隆鑫通用,2026-06-30,63.6521,7.9821,479
603767,中马传动,2025-12-31,56.5564,0.4669,22
603767,中马传动,2026-03-31,57.2796,0.7232,0
603767,中马传动,2026-06-30,57.3799,0.1003,18
603768,常青股份,2025-12-31,3.4032,1.7743,27
603768,常青股份,2026-03-31,2.3487,-1.0545,2
603768,常青股份,2026-06-30,4.5716,2.2229,62
603773,沃格光电,2025-12-31,16.5725,0.1281,28
603773,沃格光电,2026-03-31,16.2572,-0.3153,3
603773,沃格光电,2026-06-30,12.7595,-3.4977,42
603776,永安行,2025-12-31,16.2881,0.9302,18
603776,永安行,2026-03-31,15.3579,-0.9302,0
603776,永安行,2026-06-30,13.8368,-1.5211,20
603777,来伊份,2025-12-31,57.2311,0.7170,18
603777,来伊份,2026-03-31,58.3485,1.1174,0
603777,来伊份,2026-06-30,62.2270,3.8785,39
603778,国晟科技,2025-12-31,18.3031,-0.3221,3
603778,国晟科技,2026-03-31,18.4860,0.1829,0
603778,国晟科技,2026-06-30,21.4017,2.9157,15
603779,威龙股份,2025-12-31,31.9079,0.4294,26
603779,威龙股份,2026-03-31,31.5869,-0.3210,3
603779,威龙股份,2026-06-30,31.4641,-0.1228,10
603786,科博达,2025-12-31,75.7099,3.5173,380
603786,科博达,2026-03-31,70.5750,-5.1349,18
603786,科博达,2026-06-30,70.2718,-0.3032,216
603787,新日股份,2025-12-31,13.0802,2.6115,105
603787,新日股份,2026-03-31,9.1951,-3.8851,4
603787,新日股份,2026-06-30,10.0275,0.8324,57
603788,宁波高发,2025-12-31,44.1641,0.3466,47
603788,宁波高发,2026-03-31,44.6098,0.4457,1
603788,宁波高发,2026-06-30,44.9567,0.3469,21
603789,ST星农,2025-12-31,34.5739,-0.2308,0
603789,ST星农,2026-03-31,34.4883,-0.0856,0
603789,ST星农,2026-06-30,33.2120,-1.2763,0
603790,雅运股份,2025-12-31,1.8442,-0.2516,14
603790,雅运股份,2026-03-31,1.7930,-0.0512,1
603790,雅运股份,2026-06-30,3.5874,1.7944,66
603797,联泰环保,2025-12-31,58.4151,0.5420,27
603797,联泰环保,2026-03-31,58.6950,0.2799,1
603797,联泰环保,2026-06-30,58.7392,0.0442,46
603798,康普顿,2025-12-31,55.7364,0.1469,2
603798,康普顿,2026-03-31,55.6983,-0.0381,0
603798,康普顿,2026-06-30,56.4578,0.7595,32
603799,华友钴业,2025-12-31,45.1590,7.6137,1400
603799,华友钴业,2026-03-31,34.3716,-10.7874,213
603799,华友钴业,2026-06-30,34.1007,-0.2709,971
603800,洪田股份,2025-12-31,57.8114,2.4255,59
603800,洪田股份,2026-03-31,51.0569,-6.7545,0
603800,洪田股份,2026-06-30,56.1144,5.0575,71
603801,志邦家居,2025-12-31,8.5118,3.1672,46
603801,志邦家居,2026-03-31,8.6228,0.1110,6
603801,志邦家居,2026-06-30,8.0722,-0.5506,53
603803,瑞斯康达,2025-12-31,0.0009,-0.4328,5
603803,瑞斯康达,2026-03-31,0.4103,0.4094,1
603803,瑞斯康达,2026-06-30,0.9244,0.5141,31
603806,福斯特,2025-12-31,60.0495,4.3965,403
603806,福斯特,2026-03-31,55.8729,-4.1766,32
603806,福斯特,2026-06-30,60.5782,4.7053,457
603808,歌力思,2025-12-31,63.1180,5.9356,92
603808,歌力思,2026-03-31,58.0352,-5.0828,6
603808,歌力思,2026-06-30,64.7056,6.6704,88
603809,豪能股份,2025-12-31,5.8312,-2.1906,181
603809,豪能股份,2026-03-31,0.1310,-5.7002,9
603809,豪能股份,2026-06-30,2.1132,1.9822,79
603810,丰山集团,2025-12-31,3.0561,1.5459,45
603810,丰山集团,2026-03-31,2.2793,-0.7768,0
603810,丰山集团,2026-06-30,5.7076,3.4283,70
603811,诚意药业,2025-12-31,4.5005,-0.9618,55
603811,诚意药业,2026-03-31,3.7259,-0.7746,0
603811,诚意药业,2026-06-30,4.7740,1.0481,20
603813,原尚股份,2025-12-31,56.9850,-1.6942,0
603813,原尚股份,2026-03-31,56.8146,-0.1704,0
603813,原尚股份,2026-06-30,56.2587,-0.5559,4
603815,交建股份,2025-12-31,48.0638,0.3733,43
603815,交建股份,2026-03-31,49.4549,1.3911,0
603815,交建股份,2026-06-30,49.9319,0.4770,10
603816,顾家家居,2025-12-31,70.3465,8.8322,609
603816,顾家家居,2026-03-31,59.0090,-11.3375,35
603816,顾家家居,2026-06-30,65.5410,6.5320,559
603817,海峡环保,2025-12-31,50.7028,0.6346,15
603817,海峡环保,2026-03-31,51.7046,1.0018,0
603817,海峡环保,2026-06-30,50.0736,-1.6310,55
603818,曲美家居,2025-12-31,3.9457,1.7262,65
603818,曲美家居,2026-03-31,4.2128,0.2671,3
603818,曲美家居,2026-06-30,5.7526,1.5398,63
603819,神力股份,2025-12-31,23.3581,0.2802,26
603819,神力股份,2026-03-31,22.2845,-1.0736,3
603819,神力股份,2026-06-30,22.7663,0.4818,56
603822,ST嘉澳,2025-12-31,47.9400,-0.4759,18
603822,ST嘉澳,2026-03-31,46.5860,-1.3540,2
603822,ST嘉澳,2026-06-30,48.6514,2.0654,21
603823,百合花,2025-12-31,64.9369,0.1924,8
603823,百合花,2026-03-31,65.1080,0.1711,1
603823,百合花,2026-06-30,64.4682,-0.6398,42
603825,ST华扬,2025-12-31,24.2901,0.0000,0
603825,ST华扬,2026-03-31,24.7089,0.4188,0
603825,ST华扬,2026-06-30,24.7089,0.0000,0
603826,坤彩科技,2025-12-31,5.0106,0.8754,39
603826,坤彩科技,2026-03-31,4.1397,-0.8709,0
603826,坤彩科技,2026-06-30,6.3717,2.2320,133
603828,*ST利达,2025-12-31,37.7425,-6.7121,0
603828,*ST利达,2026-03-31,37.7425,0.0000,0
603828,*ST利达,2026-06-30,37.7425,0.0000,0
603829,洛凯股份,2025-12-31,65.1846,-10.1760,6
603829,洛凯股份,2026-03-31,61.9900,-3.1946,0
603829,洛凯股份,2026-06-30,63.9779,1.9879,36
603833,欧派家居,2025-12-31,8.2931,2.9216,415
603833,欧派家居,2026-03-31,5.3151,-2.9780,19
603833,欧派家居,2026-06-30,8.3439,3.0288,330
603836,海程邦达,2025-12-31,34.3598,1.2337,31
603836,海程邦达,2026-03-31,34.6689,0.3091,1
603836,海程邦达,2026-06-30,37.5457,2.8768,98
603839,安正时尚,2025-12-31,5.5723,-5.3961,11
603839,安正时尚,2026-03-31,6.4083,0.8360,1
603839,安正时尚,2026-06-30,7.5706,1.1623,39
603843,*ST正平,2025-12-31,1.4928,0.0000,0
603843,*ST正平,2026-03-31,1.4928,0.0000,0
603843,*ST正平,2026-06-30,1.4928,0.0000,0
603848,好太太,2025-12-31,1.9662,1.1561,43
603848,好太太,2026-03-31,1.2102,-0.7560,0
603848,好太太,2026-06-30,0.6676,-0.5426,36
603855,华荣股份,2025-12-31,10.4805,2.5116,114
603855,华荣股份,2026-03-31,8.2271,-2.2534,4
603855,华荣股份,2026-06-30,11.0883,2.8612,61
603856,东宏股份,2025-12-31,54.7514,2.9264,76
603856,东宏股份,2026-03-31,53.3372,-1.4142,2
603856,东宏股份,2026-06-30,52.9816,-0.3556,33
603858,步长制药,2025-12-31,63.5483,2.8530,181
603858,步长制药,2026-03-31,60.1795,-3.3688,1
603858,步长制药,2026-06-30,62.0357,1.8562,153
603859,能科科技,2025-12-31,4.4964,-2.3705,128
603859,能科科技,2026-03-31,1.4181,-3.0783,6
603859,能科科技,2026-06-30,2.5285,1.1104,57
603860,中公高科,2025-12-31,49.6492,1.8982,45
603860,中公高科,2026-03-31,48.9385,-0.7107,6
603860,中公高科,2026-06-30,51.1536,2.2151,80
603861,白云电器,2025-12-31,3.6902,3.4402,36
603861,白云电器,2026-03-31,3.9151,0.2249,8
603861,白云电器,2026-06-30,7.0316,3.1165,51
603863,松炀资源,2025-12-31,8.1819,0.1122,3
603863,松炀资源,2026-03-31,7.7607,-0.4212,0
603863,松炀资源,2026-06-30,7.8808,0.1201,14
603866,桃李面包,2025-12-31,4.6252,2.4171,90
603866,桃李面包,2026-03-31,3.2038,-1.4214,5
603866,桃李面包,2026-06-30,3.1958,-0.0080,60
603867,新化股份,2025-12-31,20.7624,-0.1694,62
603867,新化股份,2026-03-31,22.0599,1.2975,7
603867,新化股份,2026-06-30,23.1840,1.1241,82
603868,飞科电器,2025-12-31,83.8785,-0.4866,35
603868,飞科电器,2026-03-31,83.7877,-0.0908,1
603868,飞科电器,2026-06-30,83.6098,-0.1779,63
603869,ST智知,2025-12-31,65.6233,0.0000,0
603869,ST智知,2026-03-31,64.9190,-0.7043,0
603869,ST智知,2026-06-30,64.9190,0.0000,0
603871,嘉友国际,2025-12-31,56.9886,7.8488,211
603871,嘉友国际,2026-03-31,50.4399,-6.5487,33
603871,嘉友国际,2026-06-30,52.6330,2.1931,199
603876,鼎胜新材,2025-12-31,47.9602,7.5245,195
603876,鼎胜新材,2026-03-31,44.5588,-3.4014,61
603876,鼎胜新材,2026-06-30,51.4381,6.8793,378
603877,太平鸟,2025-12-31,58.1663,0.2637,19
603877,太平鸟,2026-03-31,58.1011,-0.0652,0
603877,太平鸟,2026-06-30,54.1643,-3.9368,24
603878,武进不锈,2025-12-31,8.3710,0.3357,39
603878,武进不锈,2026-03-31,6.3013,-2.0697,0
603878,武进不锈,2026-06-30,7.2779,0.9766,51
603879,永悦科技,2025-12-31,34.1319,10.0195,12
603879,永悦科技,2026-03-31,33.5630,-0.5689,0
603879,永悦科技,2026-06-30,34.6167,1.0537,27
603880,南卫股份,2025-12-31,6.2175,3.6814,37
603880,南卫股份,2026-03-31,3.7219,-2.4956,0
603880,南卫股份,2026-06-30,4.7893,1.0674,29
603881,数据港,2025-12-31,50.0614,0.5650,87
603881,数据港,2026-03-31,45.6842,-4.3772,10
603881,数据港,2026-06-30,46.2127,0.5285,87
603882,金域医学,2025-12-31,40.3936,2.6575,146
603882,金域医学,2026-03-31,35.1940,-5.1996,12
603882,金域医学,2026-06-30,38.3880,3.1940,132
603883,老百姓,2025-12-31,50.5180,1.7083,91
603883,老百姓,2026-03-31,49.2432,-1.2748,4
603883,老百姓,2026-06-30,51.8363,2.5931,102
603885,吉祥航空,2025-12-31,72.5419,1.0756,460
603885,吉祥航空,2026-03-31,64.8669,-7.6750,33
603885,吉祥航空,2026-06-30,69.2949,4.4280,367
603886,元祖股份,2025-12-31,58.6329,-3.7337,37
603886,元祖股份,2026-03-31,57.0795,-1.5534,1
603886,元祖股份,2026-06-30,59.7533,2.6738,55
603887,城地香江,2025-12-31,3.2095,,34
603887,城地香江,2026-03-31,0.5608,-2.6487,0
603887,城地香江,2026-06-30,1.2897,0.7289,52
603888,新华网,2025-12-31,66.8502,1.0504,76
603888,新华网,2026-03-31,65.1087,-1.7415,3
603888,新华网,2026-06-30,64.4407,-0.6680,65
603889,新澳股份,2025-12-31,46.9212,11.1998,201
603889,新澳股份,2026-03-31,37.7064,-9.2148,23
603889,新澳股份,2026-06-30,44.1319,6.4255,222
603890,春秋电子,2025-12-31,7.3846,5.2162,108
603890,春秋电子,2026-03-31,5.4177,-1.9669,6
603890,春秋电子,2026-06-30,8.6148,3.1971,52
603893,瑞芯微,2025-12-31,18.2759,0.6764,468
603893,瑞芯微,2026-03-31,12.5829,-5.6930,23
603893,瑞芯微,2026-06-30,16.4283,3.8454,495
603895,天永智能,2025-12-31,56.1714,8.5973,17
603895,天永智能,2026-03-31,55.6461,-0.5253,0
603895,天永智能,2026-06-30,56.5385,0.8924,21
603896,寿仙谷,2025-12-31,30.2630,0.3988,18
603896,寿仙谷,2026-03-31,29.4845,-0.7785,0
603896,寿仙谷,2026-06-30,30.1397,0.6552,21
603897,长城科技,2025-12-31,27.3234,1.1931,89
603897,长城科技,2026-03-31,27.7514,0.4280,4
603897,长城科技,2026-06-30,34.7125,6.9611,145
603898,好莱客,2025-12-31,5.8106,-2.0454,6
603898,好莱客,2026-03-31,6.4275,0.6169,0
603898,好莱客,2026-06-30,6.2259,-0.2016,2
603899,晨光股份,2025-12-31,79.5500,7.1389,330
603899,晨光股份,2026-03-31,73.2588,-6.2912,20
603899,晨光股份,2026-06-30,76.9886,3.7298,285
603900,莱绅通灵,2025-12-31,20.4839,-0.2918,38
603900,莱绅通灵,2026-03-31,14.2147,-6.2692,2
603900,莱绅通灵,2026-06-30,12.8911,-1.3236,98
603901,永创智能,2025-12-31,12.7872,4.2740,105
603901,永创智能,2026-03-31,11.3416,-1.4456,8
603901,永创智能,2026-06-30,15.3715,4.0299,123
603903,中持股份,2025-12-31,38.2624,0.5258,31
603903,中持股份,2026-03-31,39.2087,0.9463,5
603903,中持股份,2026-06-30,14.4509,-24.7578,7
603906,龙蟠科技,2025-12-31,4.9026,-20.0675,33
603906,龙蟠科技,2026-03-31,5.2321,0.3295,10
603906,龙蟠科技,2026-06-30,3.4211,-1.8110,72
603908,牧高笛,2025-12-31,63.2446,1.1653,41
603908,牧高笛,2026-03-31,63.1114,-0.1332,5
603908,牧高笛,2026-06-30,66.1271,3.0157,91
603909,建发合诚,2025-12-31,31.4558,-2.8597,28
603909,建发合诚,2026-03-31,30.2300,-1.2258,0
603909,建发合诚,2026-06-30,33.0875,2.8575,63
603912,佳力图,2025-12-31,45.1782,-0.7830,29
603912,佳力图,2026-03-31,45.6175,0.4393,1
603912,佳力图,2026-06-30,42.7837,-2.8338,11
603915,国茂股份,2025-12-31,59.7135,3.9498,161
603915,国茂股份,2026-03-31,55.1880,-4.5255,8
603915,国茂股份,2026-06-30,57.1592,1.9712,161
603916,苏博特,2025-12-31,41.0280,1.4018,82
603916,苏博特,2026-03-31,38.9098,-2.1182,1
603916,苏博特,2026-06-30,39.3292,0.4194,33
603917,合力科技,2025-12-31,2.0254,-0.8977,47
603917,合力科技,2026-06-30,3.6560,,27
603918,金桥信息,2025-12-31,9.1316,-2.4718,33
603918,金桥信息,2026-03-31,7.8017,-1.3299,6
603918,金桥信息,2026-06-30,6.5888,-1.2129,32
603919,金徽酒,2025-12-31,74.7038,3.7541,85
603919,金徽酒,2026-03-31,69.2066,-5.4972,11
603919,金徽酒,2026-06-30,73.1197,3.9131,89
603920,世运电路,2025-12-31,61.0483,5.9150,381
603920,世运电路,2026-03-31,53.4908,-7.5575,43
603920,世运电路,2026-06-30,52.4521,-1.0387,342
603922,ST金鸿顺,2025-12-31,50.0279,-1.3700,17
603922,ST金鸿顺,2026-03-31,47.4277,-2.6002,0
603922,ST金鸿顺,2026-06-30,46.5576,-0.8701,0
603926,铁流股份,2025-12-31,40.0339,0.8066,37
603926,铁流股份,2026-03-31,44.5126,4.4787,3
603926,铁流股份,2026-06-30,46.9429,2.4303,88
603927,中科软,2025-12-31,40.0617,0.2616,150
603927,中科软,2026-03-31,35.9416,-4.1201,3
603927,中科软,2026-06-30,38.5910,2.6494,92
603928,兴业股份,2025-12-31,2.2022,0.4183,7
603928,兴业股份,2026-03-31,2.1658,-0.0364,0
603928,兴业股份,2026-06-30,2.7821,0.6163,54
603929,亚翔集成,2025-12-31,78.3118,6.8343,230
603929,亚翔集成,2026-03-31,76.6590,-1.6528,50
603929,亚翔集成,2026-06-30,77.8259,1.1669,367
603931,格林达,2025-12-31,67.1413,-0.2867,11
603931,格林达,2026-03-31,64.1469,-2.9944,0
603931,格林达,2026-06-30,66.6411,2.4942,123
603933,睿能科技,2025-12-31,63.7558,-3.2891,12
603933,睿能科技,2026-03-31,64.3878,0.6320,1
603933,睿能科技,2026-06-30,67.2012,2.8134,91
603936,博敏电子,2025-12-31,1.1029,-0.5693,28
603936,博敏电子,2026-03-31,3.0243,1.9214,2
603936,博敏电子,2026-06-30,10.2567,7.2324,86
603937,丽岛新材,2025-12-31,3.9926,3.5669,77
603937,丽岛新材,2026-03-31,2.2736,-1.7190,4
603937,丽岛新材,2026-06-30,2.2923,0.0187,44
603938,三孚股份,2025-12-31,27.2398,0.3610,20
603938,三孚股份,2026-03-31,27.2196,-0.0202,1
603938,三孚股份,2026-06-30,27.8050,0.5854,52
603939,益丰药房,2025-12-31,58.6728,-0.3421,485
603939,益丰药房,2026-03-31,56.9860,-1.6868,42
603939,益丰药房,2026-06-30,59.6199,2.6339,562
603948,建业股份,2025-12-31,25.4120,2.0154,73
603948,建业股份,2026-03-31,24.5768,-0.8352,2
603948,建业股份,2026-06-30,25.7868,1.2100,59
603949,雪龙集团,2025-12-31,41.2283,-1.7494,25
603949,雪龙集团,2026-03-31,41.0634,-0.1649,0
603949,雪龙集团,2026-06-30,41.5562,0.4928,16
603950,长源东谷,2025-12-31,15.7470,5.0976,217
603950,长源东谷,2026-03-31,8.0786,-7.6684,26
603950,长源东谷,2026-06-30,11.0774,2.9988,185
603955,大千生态,2025-12-31,41.6041,1.8203,13
603955,大千生态,2026-03-31,40.1610,-1.4431,0
603955,大千生态,2026-06-30,38.7240,-1.4370,3
603956,威派格,2025-12-31,7.0442,2.1660,36
603956,威派格,2026-03-31,6.0763,-0.9679,0
603956,威派格,2026-06-30,6.8200,0.7437,7
603958,哈森股份,2025-12-31,64.3933,-0.1637,5
603958,哈森股份,2026-03-31,67.6743,3.2810,5
603958,哈森股份,2026-06-30,67.6848,0.0105,39
603959,ST百利,2025-12-31,23.6805,-1.0234,0
603959,ST百利,2026-03-31,24.5470,0.8665,0
603959,ST百利,2026-06-30,23.6805,-0.8665,0
603960,克来机电,2025-12-31,6.5841,2.1914,27
603960,克来机电,2026-03-31,5.5942,-0.9899,3
603960,克来机电,2026-06-30,6.1127,0.5185,57
603966,法兰泰克,2025-12-31,16.0109,0.3766,100
603966,法兰泰克,2026-03-31,14.7015,-1.3094,6
603966,法兰泰克,2026-06-30,17.4826,2.7811,120
603967,中创物流,2025-12-31,60.8910,6.7984,117
603967,中创物流,2026-03-31,58.7111,-2.1799,8
603967,中创物流,2026-06-30,61.0794,2.3683,126
603968,醋化股份,2025-12-31,23.0835,4.3757,89
603968,醋化股份,2026-03-31,18.3456,-4.7379,0
603968,醋化股份,2026-06-30,20.7120,2.3664,62
603969,银龙股份,2025-12-31,10.7315,0.4242,148
603969,银龙股份,2026-03-31,5.1189,-5.6126,15
603969,银龙股份,2026-06-30,6.1014,0.9825,83
603970,中农立华,2025-12-31,63.3536,0.6787,36
603970,中农立华,2026-03-31,61.9178,-1.4358,0
603970,中农立华,2026-06-30,63.7122,1.7944,68
603976,正川股份,2025-12-31,39.2087,0.1371,6
603976,正川股份,2026-03-31,40.1240,0.9153,1
603976,正川股份,2026-06-30,40.0437,-0.0803,6
603977,国泰集团,2025-12-31,54.1088,-1.4839,42
603977,国泰集团,2026-03-31,53.0637,-1.0451,3
603977,国泰集团,2026-06-30,54.6447,1.5810,52
603978,深圳新星,2025-12-31,22.7061,0.4448,46
603978,深圳新星,2026-03-31,21.3379,-1.3682,0
603978,深圳新星,2026-06-30,23.7628,2.4249,10
603979,金诚信,2025-12-31,64.8803,7.4389,706
603979,金诚信,2026-03-31,53.3974,-11.4829,45
603979,金诚信,2026-06-30,58.8861,5.4887,527
603980,吉华集团,2025-12-31,30.7932,0.1801,20
603980,吉华集团,2026-03-31,33.1112,2.3180,2
603980,吉华集团,2026-06-30,32.4615,-0.6497,58
603982,泉峰汽车,2025-12-31,44.6351,2.1065,66
603982,泉峰汽车,2026-03-31,43.3586,-1.2765,3
603982,泉峰汽车,2026-06-30,42.8246,-0.5340,50
603983,丸美生物,2025-12-31,7.1941,0.3838,58
603983,丸美生物,2026-03-31,5.4327,-1.7614,3
603983,丸美生物,2026-06-30,5.7411,0.3084,28
603985,恒润股份,2025-12-31,36.8387,0.3192,26
603985,恒润股份,2026-03-31,36.8746,0.0359,0
603985,恒润股份,2026-06-30,38.5817,1.7071,50
603986,兆易创新,2025-12-31,35.5865,6.1304,1596
603986,兆易创新,2026-03-31,21.9312,-13.6553,361
603986,兆易创新,2026-06-30,24.9420,3.0108,2197
603987,康德莱,2025-12-31,45.3933,1.4670,81
603987,康德莱,2026-03-31,44.9791,-0.4142,3
603987,康德莱,2026-06-30,44.2020,-0.7771,60
603988,中电电机,2025-12-31,37.7239,0.3156,39
603988,中电电机,2026-03-31,36.5972,-1.1267,4
603988,中电电机,2026-06-30,36.6211,0.0239,34
603989,艾华集团,2025-12-31,50.9823,0.2828,85
603989,艾华集团,2026-03-31,52.4767,1.4944,4
603989,艾华集团,2026-06-30,58.9073,6.4306,139
603990,麦迪科技,2025-12-31,16.1876,0.1174,27
603990,麦迪科技,2026-03-31,16.0949,-0.0927,2
603990,麦迪科技,2026-06-30,20.0641,3.9692,55
603991,领先股份,2025-12-31,30.1832,0.6490,13
603991,领先股份,2026-03-31,28.4055,-1.7777,0
603991,领先股份,2026-06-30,27.8217,-0.5838,56
603992,松霖科技,2025-12-31,54.2742,0.4572,26
603992,松霖科技,2026-03-31,51.6249,-2.6493,4
603992,松霖科技,2026-06-30,52.6937,1.0688,97
603993,洛阳钼业,2025-12-31,74.9976,4.3345,1564
603993,洛阳钼业,2026-03-31,67.9131,-7.0845,218
603993,洛阳钼业,2026-06-30,68.4163,0.5032,1262
603995,甬金股份,2025-12-31,10.2051,3.1452,77
603995,甬金股份,2026-03-31,7.8254,-2.3797,11
603995,甬金股份,2026-06-30,8.9612,1.1358,92
603997,继峰股份,2025-12-31,57.8054,9.2530,194
603997,继峰股份,2026-03-31,48.5063,-9.2991,31
603997,继峰股份,2026-06-30,49.4848,0.9785,152
603998,方盛制药,2025-12-31,16.0151,5.6822,96
603998,方盛制药,2026-03-31,11.4236,-4.5915,16
603998,方盛制药,2026-06-30,14.1459,2.7223,124
603999,读者传媒,2025-12-31,63.5494,1.5104,67
603999,读者传媒,2026-03-31,63.3985,-0.1509,0
603999,读者传媒,2026-06-30,63.1118,-0.2867,54
605001,威奥股份,2025-12-31,14.6189,0.4973,71
605001,威奥股份,2026-03-31,11.6317,-2.9872,1
605001,威奥股份,2026-06-30,14.1798,2.5481,95
605003,众望布艺,2025-12-31,77.1745,0.5876,13
605003,众望布艺,2026-03-31,76.8773,-0.2972,0
605003,众望布艺,2026-06-30,77.8919,1.0146,23
605005,合兴股份,2025-12-31,74.0890,-2.7615,16
605005,合兴股份,2026-03-31,73.9314,-0.1576,0
605005,合兴股份,2026-06-30,73.9863,0.0549,31
605006,山东玻纤,2025-12-31,69.5537,0.3642,19
605006,山东玻纤,2026-03-31,70.4565,0.9028,0
605006,山东玻纤,2026-06-30,68.7771,-1.6794,31
605007,五洲特纸,2025-12-31,1.3660,0.4019,15
605007,五洲特纸,2026-03-31,1.9163,0.5503,1
605007,五洲特纸,2026-06-30,2.4621,0.5458,95
605008,长鸿高科,2025-12-31,81.7010,-0.0148,31
605008,长鸿高科,2026-03-31,81.5545,-0.1465,0
605008,长鸿高科,2026-06-30,81.2045,-0.3500,8
605009,豪悦护理,2025-12-31,6.5054,0.4865,55
605009,豪悦护理,2026-03-31,5.5104,-0.9950,3
605009,豪悦护理,2026-06-30,5.5940,0.0836,34
605011,杭州热电,2025-12-31,80.5631,0.1666,22
605011,杭州热电,2026-03-31,80.4509,-0.1122,1
605011,杭州热电,2026-06-30,80.6422,0.1913,66
605016,百龙创园,2025-12-31,22.5954,4.7191,188
605016,百龙创园,2026-03-31,18.6001,-3.9953,27
605016,百龙创园,2026-06-30,24.0104,5.4103,252
605018,长华集团,2025-12-31,10.6860,0.5283,33
605018,长华集团,2026-03-31,9.8723,-0.8137,0
605018,长华集团,2026-06-30,11.4533,1.5810,37
605020,永和股份,2025-12-31,24.1504,1.3513,230
605020,永和股份,2026-03-31,19.8460,-4.3044,6
605020,永和股份,2026-06-30,16.3296,-3.5164,160
605028,世茂能源,2025-12-31,68.3733,-0.0231,10
605028,世茂能源,2026-03-31,68.5542,0.1809,1
605028,世茂能源,2026-06-30,68.8873,0.3331,30
605033,美邦股份,2025-12-31,12.4425,0.5969,21
605033,美邦股份,2026-03-31,12.4799,0.0374,0
605033,美邦股份,2026-06-30,13.6338,1.1539,52
605050,福然德,2025-12-31,39.2027,-1.2681,40
605050,福然德,2026-03-31,36.2875,-2.9152,1
605050,福然德,2026-06-30,36.7763,0.4888,22
605055,迎丰股份,2025-12-31,60.3406,0.0664,5
605055,迎丰股份,2026-03-31,60.3191,-0.0215,1
605055,迎丰股份,2026-06-30,60.1035,-0.2156,21
605056,咸亨国际,2025-12-31,70.0277,1.4238,90
605056,咸亨国际,2026-03-31,63.2611,-6.7666,0
605056,咸亨国际,2026-06-30,62.8181,-0.4430,113
605058,澳弘电子,2025-12-31,9.0255,1.3520,65
605058,澳弘电子,2026-03-31,8.4071,-0.6184,4
605058,澳弘电子,2026-06-30,8.1728,-0.2343,41
605060,联德股份,2025-12-31,79.0017,3.9025,185
605060,联德股份,2026-03-31,69.4108,-9.5909,19
605060,联德股份,2026-06-30,76.8766,7.4658,260
605066,天正电气,2025-12-31,27.4044,1.1411,68
605066,天正电气,2026-03-31,26.7814,-0.6230,2
605066,天正电气,2026-06-30,29.0311,2.2497,37
605068,明新旭腾,2025-12-31,28.5416,-0.1435,30
605068,明新旭腾,2026-03-31,25.3157,-3.2259,1
605068,明新旭腾,2026-06-30,25.0630,-0.2527,46
605069,正和生态,2025-12-31,28.7813,23.6325,7
605069,正和生态,2026-03-31,49.4462,20.6649,0
605069,正和生态,2026-06-30,48.1731,-1.2731,17
605077,华康股份,2025-12-31,12.3238,2.1871,80
605077,华康股份,2026-03-31,8.6385,-3.6853,1
605077,华康股份,2026-06-30,8.3484,-0.2901,71
605080,浙江自然,2025-12-31,69.8080,-0.8271,43
605080,浙江自然,2026-03-31,68.9095,-0.8985,0
605080,浙江自然,2026-06-30,69.1244,0.2149,43
605086,龙高股份,2025-12-31,76.1510,3.2384,20
605086,龙高股份,2026-03-31,75.2157,-0.9353,0
605086,龙高股份,2026-06-30,75.3473,0.1316,16
605088,冠盛股份,2025-12-31,26.1250,3.3580,46
605088,冠盛股份,2026-03-31,25.4985,-0.6265,8
605088,冠盛股份,2026-06-30,24.2793,-1.2192,53
605089,味知香,2025-12-31,7.4095,0.2599,14
605089,味知香,2026-03-31,7.8409,0.4314,1
605089,味知香,2026-06-30,7.6583,-0.1826,30
605090,九丰能源,2025-12-31,39.6622,0.9428,228
605090,九丰能源,2026-03-31,37.3430,-2.3192,21
605090,九丰能源,2026-06-30,41.5401,4.1971,251
605098,行动教育,2025-12-31,38.3365,2.1371,176
605098,行动教育,2026-03-31,36.0483,-2.2882,28
605098,行动教育,2026-06-30,41.4951,5.4468,148
605099,共创草坪,2025-12-31,23.1326,2.2442,123
605099,共创草坪,2026-03-31,20.8885,-2.2441,0
605099,共创草坪,2026-06-30,21.9129,1.0244,86
605100,华丰股份,2025-12-31,57.5516,0.2253,43
605100,华丰股份,2026-03-31,57.0996,-0.4520,0
605100,华丰股份,2026-06-30,58.5257,1.4261,48
605108,同庆楼,2025-12-31,51.1447,0.2410,48
605108,同庆楼,2026-03-31,48.5487,-2.5960,3
605108,同庆楼,2026-06-30,48.2171,-0.3316,55
605111,新洁能,2025-12-31,10.3666,1.4448,107
605111,新洁能,2026-03-31,10.5373,0.1707,12
605111,新洁能,2026-06-30,24.1670,13.6297,396
605116,奥锐特,2025-12-31,44.3496,2.7454,98
605116,奥锐特,2026-03-31,41.3076,-3.0420,9
605116,奥锐特,2026-06-30,42.0256,0.7180,55
605117,德业股份,2025-12-31,57.2336,10.9255,651
605117,德业股份,2026-03-31,52.3403,-4.8933,283
605117,德业股份,2026-06-30,57.0205,4.6802,1316
605118,力鼎光电,2025-12-31,91.7831,1.3270,162
605118,力鼎光电,2026-03-31,92.0519,0.2688,5
605118,力鼎光电,2026-06-30,89.2285,-2.8234,136
605122,四方新材,2025-12-31,1.8175,-1.1874,22
605122,四方新材,2026-03-31,3.0578,1.2403,3
605122,四方新材,2026-06-30,6.0375,2.9797,79
605123,派克新材,2025-12-31,10.1368,1.8173,113
605123,派克新材,2026-03-31,5.3882,-4.7486,7
605123,派克新材,2026-06-30,10.4585,5.0703,182
605128,上海沿浦,2025-12-31,10.4100,1.0812,79
605128,上海沿浦,2026-03-31,7.6939,-2.7161,5
605128,上海沿浦,2026-06-30,7.0384,-0.6555,33
605133,嵘泰股份,2025-12-31,56.7701,-6.8758,100
605133,嵘泰股份,2026-03-31,51.7103,-5.0598,0
605133,嵘泰股份,2026-06-30,55.5549,3.8446,60
605136,丽人丽妆,2025-12-31,26.7406,0.8048,15
605136,丽人丽妆,2026-03-31,27.2598,0.5192,0
605136,丽人丽妆,2026-06-30,26.8222,-0.4376,37
605138,盛泰集团,2025-12-31,78.2946,-0.0684,48
605138,盛泰集团,2026-03-31,78.2910,-0.0036,1
605138,盛泰集团,2026-06-30,81.1581,2.8671,97
605151,西上海,2025-12-31,24.4732,1.6017,31
605151,西上海,2026-03-31,22.1190,-2.3542,0
605151,西上海,2026-06-30,23.7271,1.6081,77
605155,西大门,2025-12-31,3.1700,0.4030,23
605155,西大门,2026-03-31,1.2028,-1.9672,1
605155,西大门,2026-06-30,2.4207,1.2179,40
605158,华达新材,2025-12-31,68.4010,0.1988,46
605158,华达新材,2026-03-31,67.8294,-0.5716,1
605158,华达新材,2026-06-30,67.7150,-0.1144,26
605162,新中港,2025-12-31,76.1850,0.3895,36
605162,新中港,2026-03-31,75.7882,-0.3968,1
605162,新中港,2026-06-30,70.7659,-5.0223,18
605166,聚合顺,2025-12-31,34.1469,-1.9676,41
605166,聚合顺,2026-03-31,31.8626,-2.2843,3
605166,聚合顺,2026-06-30,30.0424,-1.8202,34
605167,利柏特,2025-12-31,68.6611,4.0562,68
605167,利柏特,2026-03-31,74.3569,5.6958,10
605167,利柏特,2026-06-30,67.3235,-7.0334,94
605168,三人行,2025-12-31,39.4479,0.3282,46
605168,三人行,2026-03-31,37.3486,-2.0993,0
605168,三人行,2026-06-30,40.8435,3.4949,102
605169,洪通燃气,2025-12-31,8.7328,0.1910,13
605169,洪通燃气,2026-03-31,8.0587,-0.6741,0
605169,洪通燃气,2026-06-30,9.8043,1.7456,42
605177,东亚药业,2025-12-31,4.7423,1.8007,47
605177,东亚药业,2026-03-31,3.4600,-1.2823,1
605177,东亚药业,2026-06-30,4.2314,0.7714,46
605178,时空科技,2025-12-31,7.6771,1.5654,26
605178,时空科技,2026-03-31,2.6658,-5.0113,2
605178,时空科技,2026-06-30,2.3575,-0.3083,6
605179,一鸣食品,2025-12-31,45.7416,0.0647,25
605179,一鸣食品,2026-03-31,45.6123,-0.1293,0
605179,一鸣食品,2026-06-30,46.6269,1.0146,47
605180,华生科技,2025-12-31,19.5943,1.7818,33
605180,华生科技,2026-03-31,18.2929,-1.3014,0
605180,华生科技,2026-06-30,22.1257,3.8328,63
605183,确成股份,2025-12-31,70.8211,1.2162,54
605183,确成股份,2026-03-31,68.6776,-2.1435,4
605183,确成股份,2026-06-30,68.0338,-0.6438,32
605186,健麾信息,2025-12-31,9.9415,1.0775,65
605186,健麾信息,2026-03-31,9.3964,-0.5451,2
605186,健麾信息,2026-06-30,15.7314,6.3350,32
605188,国光连锁,2025-12-31,50.6713,-0.4526,6
605188,国光连锁,2026-03-31,51.0966,0.4253,0
605188,国光连锁,2026-06-30,51.7140,0.6174,30
605189,富春染织,2025-12-31,11.6234,-0.2968,19
605189,富春染织,2026-03-31,13.0006,1.3772,4
605189,富春染织,2026-06-30,12.5781,-0.4225,108
605196,华通线缆,2025-12-31,15.9474,5.7371,256
605196,华通线缆,2026-03-31,13.8760,-2.0714,57
605196,华通线缆,2026-06-30,20.4641,6.5881,265
605198,安德利,2025-12-31,81.8046,-0.6876,75
605198,安德利,2026-03-31,79.5942,-2.2104,1
605198,安德利,2026-06-30,81.2899,1.6957,62
605199,ST葫芦娃,2025-12-31,63.0141,0.0000,0
605199,ST葫芦娃,2026-03-31,63.0141,0.0000,0
605199,ST葫芦娃,2026-06-30,58.0405,-4.9736,0
605208,永茂泰,2025-12-31,5.9804,1.6286,91
605208,永茂泰,2026-03-31,6.3119,0.3315,0
605208,永茂泰,2026-06-30,9.8521,3.5402,42
605218,伟时电子,2025-12-31,4.5272,0.0366,40
605218,伟时电子,2026-03-31,4.0207,-0.5065,0
605218,伟时电子,2026-06-30,5.1595,1.1388,40
605222,起帆电缆,2025-12-31,7.2570,-0.1307,44
605222,起帆电缆,2026-03-31,6.8867,-0.3703,0
605222,起帆电缆,2026-06-30,9.4365,2.5498,138
605228,神通科技,2025-12-31,76.0477,0.7369,62
605228,神通科技,2026-03-31,67.9695,-8.0782,2
605228,神通科技,2026-06-30,68.1656,0.1961,66
605255,天普股份,2025-12-31,60.2939,-7.4184,10
605255,天普股份,2026-03-31,60.6264,0.3325,0
605255,天普股份,2026-06-30,60.3983,-0.2281,8
605258,协和电子,2025-12-31,3.8990,3.2695,45
605258,协和电子,2026-03-31,2.5480,-1.3510,1
605258,协和电子,2026-06-30,1.2764,-1.2716,39
605259,绿田机械,2025-12-31,3.3154,0.0520,70
605259,绿田机械,2026-03-31,0.8002,-2.5152,1
605259,绿田机械,2026-06-30,1.3193,0.5191,25
605266,健之佳,2025-12-31,32.6750,0.2038,58
605266,健之佳,2026-03-31,33.1282,0.4532,2
605266,健之佳,2026-06-30,32.9142,-0.2140,70
605268,王力安防,2025-12-31,72.9996,-0.0495,37
605268,王力安防,2026-03-31,72.5418,-0.4578,3
605268,王力安防,2026-06-30,72.7096,0.1678,19
605277,新亚电子,2025-12-31,30.6535,-1.3902,85
605277,新亚电子,2026-03-31,29.8442,-0.8093,1
605277,新亚电子,2026-06-30,29.6954,-0.1488,41
605286,同力天启,2025-12-31,7.3917,-1.6657,31
605286,同力天启,2026-03-31,7.5927,0.2010,0
605286,同力天启,2026-06-30,7.9973,0.4046,42
605287,德才股份,2025-12-31,25.0993,-1.4476,34
605287,德才股份,2026-03-31,23.2173,-1.8820,3
605287,德才股份,2026-06-30,23.3347,0.1174,74
605288,凯迪股份,2025-12-31,65.6700,3.6000,33
605288,凯迪股份,2026-03-31,63.6551,-2.0149,9
605288,凯迪股份,2026-06-30,63.5099,-0.1452,34
605289,罗曼股份,2025-12-31,27.8720,0.6865,15
605289,罗曼股份,2026-03-31,28.2718,0.3998,3
605289,罗曼股份,2026-06-30,30.2157,1.9439,177
605296,神农集团,2025-12-31,12.9353,1.2595,65
605296,神农集团,2026-03-31,12.8255,-0.1098,11
605296,神农集团,2026-06-30,13.5942,0.7687,78
605298,必得科技,2025-12-31,31.0515,,20
605298,必得科技,2026-03-31,31.5043,0.4528,1
605298,必得科技,2026-06-30,31.3414,-0.1629,17
605299,舒华体育,2025-12-31,69.0693,-0.1925,26
605299,舒华体育,2026-03-31,65.9697,-3.0996,0
605299,舒华体育,2026-06-30,69.2058,3.2361,98
605300,佳禾食品,2025-12-31,27.9366,-0.3604,24
605300,佳禾食品,2026-03-31,27.1521,-0.7845,0
605300,佳禾食品,2026-06-30,25.9194,-1.2327,35
605303,园林股份,2025-12-31,58.7957,0.9173,4
605303,园林股份,2026-03-31,58.7299,-0.0658,1
605303,园林股份,2026-06-30,59.0199,0.2900,4
605305,中际联合,2025-12-31,22.3683,8.8958,306
605305,中际联合,2026-03-31,16.3445,-6.0238,21
605305,中际联合,2026-06-30,23.8169,7.4724,178
605318,法狮龙,2025-12-31,52.7790,0.8702,7
605318,法狮龙,2026-03-31,55.0699,2.2909,1
605318,法狮龙,2026-06-30,54.5762,-0.4937,57
605319,无锡振华,2025-12-31,41.1392,0.3568,118
605319,无锡振华,2026-03-31,33.1561,-7.9831,2
605319,无锡振华,2026-06-30,34.1884,1.0323,57
605333,沪光股份,2025-12-31,3.5765,0.0155,112
605333,沪光股份,2026-03-31,0.4638,-3.1127,3
605333,沪光股份,2026-06-30,2.0985,1.6347,83
605336,*ST帅电,2025-12-31,45.5821,0.2897,16
605336,*ST帅电,2026-03-31,46.0586,0.4765,0
605336,*ST帅电,2026-06-30,44.0458,-2.0128,0
605337,李子园,2025-12-31,36.0930,0.3431,31
605337,李子园,2026-03-31,36.4335,0.3405,2
605337,李子园,2026-06-30,36.1776,-0.2559,27
605338,巴比食品,2025-12-31,23.7090,7.5652,150
605338,巴比食品,2026-03-31,18.4657,-5.2433,18
605338,巴比食品,2026-06-30,19.0039,0.5382,102
605339,南侨食品,2025-12-31,85.7061,0.2548,10
605339,南侨食品,2026-03-31,85.8641,0.1580,2
605339,南侨食品,2026-06-30,85.4453,-0.4188,41
605358,立昂微,2025-12-31,18.0237,3.6615,146
605358,立昂微,2026-03-31,14.8108,-3.2129,4
605358,立昂微,2026-06-30,19.4870,4.6762,563
605365,立达信,2025-12-31,1.0903,0.0963,21
605365,立达信,2026-03-31,1.1223,0.0320,1
605365,立达信,2026-06-30,2.8909,1.7686,53
605366,宏柏新材,2025-12-31,51.2935,-3.6919,16
605366,宏柏新材,2026-03-31,40.6823,-10.6112,0
605366,宏柏新材,2026-06-30,42.3266,1.6443,32
605368,蓝天燃气,2025-12-31,58.0442,0.1020,40
605368,蓝天燃气,2026-03-31,56.3769,-1.6673,1
605368,蓝天燃气,2026-06-30,56.3033,-0.0736,28
605369,拱东医疗,2025-12-31,9.7579,1.1299,23
605369,拱东医疗,2026-03-31,9.1428,-0.6151,0
605369,拱东医疗,2026-06-30,11.8716,2.7288,38
605376,博迁新材,2025-12-31,63.4521,8.9688,330
605376,博迁新材,2026-03-31,49.4845,-13.9676,61
605376,博迁新材,2026-06-30,60.5037,11.0192,693
605377,华旺科技,2025-12-31,30.1066,-5.2212,50
605377,华旺科技,2026-03-31,30.3309,0.2243,18
605377,华旺科技,2026-06-30,36.6504,6.3195,110
605378,野马电池,2025-12-31,0.3514,0.1560,11
605378,野马电池,2026-03-31,0.6639,0.3125,0
605378,野马电池,2026-06-30,0.3282,-0.3357,16
605388,均瑶健康,2025-12-31,34.1225,0.2515,22
605388,均瑶健康,2026-03-31,33.5804,-0.5421,2
605388,均瑶健康,2026-06-30,34.3439,0.7635,27
605389,长龄液压,2025-12-31,36.5705,31.8024,23
605389,长龄液压,2026-03-31,47.8348,11.2643,0
605389,长龄液压,2026-06-30,48.0384,0.2036,57
605398,新炬网络,2025-12-31,13.5362,-0.0418,3
605398,新炬网络,2026-03-31,13.5313,-0.0049,0
605398,新炬网络,2026-06-30,14.1111,0.5798,10
605399,晨光新材,2025-12-31,66.8497,-0.3065,21
605399,晨光新材,2026-03-31,65.7856,-1.0641,0
605399,晨光新材,2026-06-30,66.3991,0.6135,22
605488,福莱新材,2025-12-31,8.3385,-1.5567,40
605488,福莱新材,2026-03-31,10.6712,2.3327,7
605488,福莱新材,2026-06-30,10.2386,-0.4326,52
605499,东鹏饮料,2025-12-31,22.8565,2.7134,778
605499,东鹏饮料,2026-03-31,16.1074,-6.7491,64
605499,东鹏饮料,2026-06-30,15.2598,-0.8476,617
605500,森林包装,2025-12-31,7.2396,0.0109,4
605500,森林包装,2026-03-31,7.2287,-0.0109,0
605500,森林包装,2026-06-30,7.4085,0.1798,16
605507,国邦医药,2025-12-31,43.8012,11.0100,193
605507,国邦医药,2026-03-31,54.3225,10.5213,19
605507,国邦医药,2026-06-30,56.1820,1.8595,153
605555,德昌股份,2025-12-31,24.6358,2.5105,78
605555,德昌股份,2026-03-31,22.6065,-2.0293,0
605555,德昌股份,2026-06-30,22.1784,-0.4281,46
605566,福莱蒽特,2025-12-31,41.2752,0.0302,14
605566,福莱蒽特,2026-03-31,41.2565,-0.0187,2
605566,福莱蒽特,2026-06-30,42.2148,0.9583,8
605567,春雪食品,2025-12-31,43.8727,6.2688,140
605567,春雪食品,2026-03-31,36.9865,-6.8862,1
605567,春雪食品,2026-06-30,41.0999,4.1134,103
605577,龙版传媒,2025-12-31,83.5534,0.5120,88
605577,龙版传媒,2026-03-31,83.3091,-0.2443,1
605577,龙版传媒,2026-06-30,83.0336,-0.2755,101
605580,恒盛能源,2025-12-31,1.1396,-0.6249,40
605580,恒盛能源,2026-03-31,0.5989,-0.5407,0
605580,恒盛能源,2026-06-30,0.8146,0.2157,19
605588,冠石科技,2025-12-31,3.7184,0.0637,6
605588,冠石科技,2026-03-31,3.8431,0.1247,0
605588,冠石科技,2026-06-30,6.3980,2.5549,28
605589,圣泉集团,2025-12-31,11.3007,-1.9632,335
605589,圣泉集团,2026-03-31,8.9385,-2.3622,8
605589,圣泉集团,2026-06-30,14.1617,5.2232,344
605598,上海港湾,2025-12-31,82.7796,6.0167,81
605598,上海港湾,2026-03-31,79.8380,-2.9416,11
605598,上海港湾,2026-06-30,76.0020,-3.8360,83
605599,菜百股份,2025-12-31,76.3852,3.9255,285
605599,菜百股份,2026-03-31,73.0897,-3.2955,28
605599,菜百股份,2026-06-30,75.3829,2.2932,241
688001,华兴源创,2025-12-31,70.3007,3.1155,208
688001,华兴源创,2026-03-31,67.3741,-2.9266,5
688001,华兴源创,2026-06-30,66.6171,-0.7570,277
688002,睿创微纳,2025-12-31,39.8976,11.4826,874
688002,睿创微纳,2026-03-31,31.2356,-8.6620,210
688002,睿创微纳,2026-06-30,35.8822,4.6466,1217
688003,天准科技,2025-12-31,55.4403,7.9970,178
688003,天准科技,2026-03-31,52.0649,-3.3754,7
688003,天准科技,2026-06-30,56.6190,4.5541,227
688004,博汇科技,2025-12-31,17.5987,0.8959,101
688004,博汇科技,2026-03-31,18.0826,0.4839,2
688004,博汇科技,2026-06-30,19.9005,1.8179,87
688005,容百科技,2025-12-31,47.0340,6.4992,263
688005,容百科技,2026-03-31,39.5520,-7.4820,14
688005,容百科技,2026-06-30,44.0787,4.5267,282
688006,杭可科技,2025-12-31,30.9452,2.1329,222
688006,杭可科技,2026-03-31,25.6936,-5.2516,7
688006,杭可科技,2026-06-30,33.2896,7.5960,240
688007,光峰科技,2025-12-31,45.0395,3.7558,136
688007,光峰科技,2026-03-31,40.9500,-4.0895,1
688007,光峰科技,2026-06-30,41.9337,0.9837,107
688008,澜起科技,2025-12-31,57.9964,1.5601,1049
688008,澜起科技,2026-03-31,45.3741,-12.6223,340
688008,澜起科技,2026-06-30,41.3644,-4.0097,1768
688009,中国通号,2025-12-31,85.7094,3.3685,540
688009,中国通号,2026-03-31,82.1137,-3.5957,33
688009,中国通号,2026-06-30,83.5181,1.4044,497
688010,福光股份,2025-12-31,57.8073,1.4710,74
688010,福光股份,2026-03-31,57.3655,-0.4418,7
688010,福光股份,2026-06-30,50.7771,-6.5884,101
688011,新光光电,2025-12-31,7.1067,-1.8962,46
688011,新光光电,2026-03-31,6.2055,-0.9012,1
688011,新光光电,2026-06-30,6.7824,0.5769,66
688012,中微公司,2025-12-31,66.1901,4.1115,1406
688012,中微公司,2026-03-31,58.2662,-7.9239,484
688012,中微公司,2026-06-30,62.5214,4.2552,2086
688013,天臣医疗,2025-12-31,2.2074,-0.5402,54
688013,天臣医疗,2026-03-31,1.4579,-0.7495,4
688013,天臣医疗,2026-06-30,6.7027,5.2448,115
688015,交控科技,2025-12-31,40.1913,1.5982,130
688015,交控科技,2026-03-31,38.4270,-1.7643,2
688015,交控科技,2026-06-30,39.7480,1.3210,78
688016,心脉医疗,2025-12-31,51.7709,4.2598,215
688016,心脉医疗,2026-03-31,45.2880,-6.4829,6
688016,心脉医疗,2026-06-30,49.2224,3.9344,154
688017,绿的谐波,2025-12-31,22.3120,4.9416,345
688017,绿的谐波,2026-03-31,17.5610,-4.7510,46
688017,绿的谐波,2026-06-30,14.5838,-2.9772,411
688018,乐鑫科技,2025-12-31,61.0987,2.2749,385
688018,乐鑫科技,2026-03-31,52.0551,-9.0436,22
688018,乐鑫科技,2026-06-30,60.2674,8.2123,355
688019,安集科技,2025-12-31,71.1052,11.4530,592
688019,安集科技,2026-03-31,65.5383,-5.5669,134
688019,安集科技,2026-06-30,66.6771,1.1388,643
688020,方邦股份,2025-12-31,28.4377,-0.0459,76
688020,方邦股份,2026-03-31,27.6798,-0.7579,6
688020,方邦股份,2026-06-30,41.2825,13.6027,179
688021,奥福科技,2025-12-31,8.6914,7.4340,125
688021,奥福科技,2026-03-31,1.0348,-7.6566,3
688021,奥福科技,2026-06-30,9.0206,7.9858,157
688022,ST瀚川,2025-12-31,37.2267,-1.6102,107
688022,ST瀚川,2026-03-31,32.4890,-4.7377,3
688022,ST瀚川,2026-06-30,27.3234,-5.1656,0
688023,安恒信息,2025-12-31,29.6399,2.9483,128
688023,安恒信息,2026-03-31,23.8849,-5.7550,5
688023,安恒信息,2026-06-30,27.0083,3.1234,119
688025,杰普特,2025-12-31,38.7898,10.9891,382
688025,杰普特,2026-03-31,27.1201,-11.6697,64
688025,杰普特,2026-06-30,32.8436,5.7235,623
688026,洁特生物,2025-12-31,20.3265,1.9011,97
688026,洁特生物,2026-03-31,17.3100,-3.0165,2
688026,洁特生物,2026-06-30,21.2602,3.9502,91
688027,国盾量子,2025-12-31,33.0406,3.6501,244
688027,国盾量子,2026-03-31,29.7681,-3.2725,19
688027,国盾量子,2026-06-30,33.0415,3.2734,274
688028,沃尔德,2025-12-31,6.4403,3.3200,113
688028,沃尔德,2026-03-31,4.0787,-2.3616,11
688028,沃尔德,2026-06-30,7.2395,3.1608,204
688029,南微医学,2025-12-31,68.0237,10.4491,370
688029,南微医学,2026-03-31,57.0085,-11.0152,28
688029,南微医学,2026-06-30,66.5435,9.5350,285
688030,山石网科,2025-12-31,43.2670,1.3569,106
688030,山石网科,2026-03-31,40.3164,-2.9506,0
688030,山石网科,2026-06-30,40.6831,0.3667,84
688031,星环科技,2025-12-31,43.3591,3.2747,208
688031,星环科技,2026-03-31,24.3279,-19.0312,15
688031,星环科技,2026-06-30,27.0428,2.7149,211
688032,禾迈股份,2025-12-31,63.5847,4.6532,139
688032,禾迈股份,2026-03-31,56.8164,-6.7683,5
688032,禾迈股份,2026-06-30,58.6909,1.8745,127
688033,*ST天宜,2025-12-31,4.8649,0.6845,56
688033,*ST天宜,2026-03-31,4.1636,-0.7013,0
688033,*ST天宜,2026-06-30,4.1636,0.0000,0
688035,德邦科技,2025-12-31,28.8347,-1.6207,114
688035,德邦科技,2026-03-31,29.8339,0.9992,1
688035,德邦科技,2026-06-30,27.6161,-2.2178,190
688036,传音控股,2025-12-31,77.0963,4.5026,674
688036,传音控股,2026-03-31,68.8606,-8.2357,37
688036,传音控股,2026-06-30,74.4656,5.6050,706
688037,芯源微,2025-12-31,65.6419,13.0595,475
688037,芯源微,2026-03-31,54.5391,-11.1028,109
688037,芯源微,2026-06-30,63.3049,8.7658,783
688038,中科通达,2025-12-31,20.6797,-0.1572,76
688038,中科通达,2026-03-31,18.6258,-2.0539,2
688038,中科通达,2026-06-30,21.0135,2.3877,87
688039,当虹科技,2025-12-31,53.6282,3.1288,106
688039,当虹科技,2026-03-31,51.0304,-2.5978,5
688039,当虹科技,2026-06-30,52.9731,1.9427,64
688041,海光信息,2025-12-31,76.9090,3.8334,1557
688041,海光信息,2026-03-31,72.6692,-4.2398,623
688041,海光信息,2026-06-30,76.0971,3.4279,2448
688045,必易微,2025-12-31,33.3084,7.8583,123
688045,必易微,2026-03-31,28.0927,-5.2157,4
688045,必易微,2026-06-30,29.2509,1.1582,307
688046,药康生物,2025-12-31,77.0122,7.7536,188
688046,药康生物,2026-03-31,65.7649,-11.2473,11
688046,药康生物,2026-06-30,79.4325,13.6676,266
688047,龙芯中科,2025-12-31,75.0092,7.6620,355
688047,龙芯中科,2026-03-31,65.9344,-9.0748,10
688047,龙芯中科,2026-06-30,69.8171,3.8827,474
688048,长光华芯,2025-12-31,53.7945,27.8197,202
688048,长光华芯,2026-03-31,48.5395,-5.2550,65
688048,长光华芯,2026-06-30,48.8417,0.3022,421
688049,炬芯科技,2025-12-31,40.2543,2.0073,321
688049,炬芯科技,2026-03-31,33.2183,-7.0360,18
688049,炬芯科技,2026-06-30,35.2054,1.9871,229
688050,爱博医疗,2025-12-31,29.2652,3.2597,162
688050,爱博医疗,2026-03-31,18.7940,-10.4712,7
688050,爱博医疗,2026-06-30,24.4444,5.6504,165
688051,佳华科技,2025-12-31,44.2226,-1.7164,31
688051,佳华科技,2026-03-31,43.6244,-0.5982,0
688051,佳华科技,2026-06-30,45.7743,2.1499,74
688052,纳芯微,2025-12-31,30.1492,5.4468,381
688052,纳芯微,2026-03-31,21.8200,-8.3292,43
688052,纳芯微,2026-06-30,23.9616,2.1416,511
688053,ST思科瑞,2025-12-31,64.3157,0.5289,2
688053,ST思科瑞,2026-03-31,62.8582,-1.4575,0
688053,ST思科瑞,2026-06-30,61.3254,-1.5328,0
688055,龙腾光电,2025-12-31,90.4018,0.4094,89
688055,龙腾光电,2026-03-31,89.6720,-0.7298,2
688055,龙腾光电,2026-06-30,90.2109,0.5389,40
688056,莱伯泰科,2025-12-31,62.9639,3.6220,87
688056,莱伯泰科,2026-03-31,58.1335,-4.8304,2
688056,莱伯泰科,2026-06-30,59.4382,1.3047,66
688057,金达莱,2025-12-31,7.5658,0.9514,44
688057,金达莱,2026-03-31,6.6144,-0.9514,0
688057,金达莱,2026-06-30,7.7872,1.1728,31
688058,宝兰德,2025-12-31,22.4306,11.0594,89
688058,宝兰德,2026-03-31,16.3666,-6.0640,3
688058,宝兰德,2026-06-30,24.3596,7.9930,113
688059,华锐精密,2025-12-31,36.7041,5.2347,183
688059,华锐精密,2026-03-31,29.2663,-7.4378,15
688059,华锐精密,2026-06-30,34.8825,5.6162,506
688060,云涌科技,2025-12-31,1.8442,,60
688060,云涌科技,2026-03-31,1.1724,-0.6718,1
688060,云涌科技,2026-06-30,2.1236,0.9512,86
688061,灿瑞科技,2025-12-31,25.7734,2.5999,73
688061,灿瑞科技,2026-03-31,21.2699,-4.5035,2
688061,灿瑞科技,2026-06-30,66.3946,45.1247,93
688062,迈威生物,2025-12-31,30.3379,12.1757,336
688062,迈威生物,2026-03-31,16.7992,-13.5387,25
688062,迈威生物,2026-06-30,19.9457,3.1465,213
688063,派能科技,2025-12-31,45.0629,2.9227,337
688063,派能科技,2026-03-31,37.0485,-8.0144,16
688063,派能科技,2026-06-30,38.7791,1.7306,355
688065,凯赛生物,2025-12-31,68.0255,4.5424,275
688065,凯赛生物,2026-03-31,60.9379,-7.0876,6
688065,凯赛生物,2026-06-30,64.4496,3.5117,276
688066,*ST航图,2025-12-31,13.4265,0.5943,96
688066,*ST航图,2026-03-31,14.1300,0.7035,5
688066,*ST航图,2026-06-30,10.0797,-4.0503,1
688067,爱威科技,2025-12-31,8.5225,2.7331,110
688067,爱威科技,2026-03-31,6.9369,-1.5856,3
688067,爱威科技,2026-06-30,10.5910,3.6541,129
688068,热景生物,2025-12-31,42.8582,8.6845,309
688068,热景生物,2026-03-31,31.0684,-11.7898,29
688068,热景生物,2026-06-30,37.8462,6.7778,234
688069,德林海,2025-12-31,6.2817,3.2797,97
688069,德林海,2026-03-31,4.3076,-1.9741,2
688069,德林海,2026-06-30,2.7582,-1.5494,56
688070,纵横股份,2025-12-31,26.0608,8.5250,154
688070,纵横股份,2026-03-31,19.9972,-6.0636,2
688070,纵横股份,2026-06-30,20.5484,0.5512,78
688071,华依科技,2025-12-31,8.4409,1.8295,62
688071,华依科技,2026-03-31,8.2053,-0.2356,5
688071,华依科技,2026-06-30,11.6825,3.4772,73
688072,拓荆科技,2025-12-31,68.8523,10.5918,1026
688072,拓荆科技,2026-03-31,63.8793,-4.9730,374
688072,拓荆科技,2026-06-30,68.1233,4.2440,1583
688073,毕得医药,2025-12-31,54.7681,7.9421,179
688073,毕得医药,2026-03-31,32.7011,-22.0670,14
688073,毕得医药,2026-06-30,20.9463,-11.7548,151
688075,安旭生物,2025-12-31,40.5583,0.8997,44
688075,安旭生物,2026-03-31,40.2045,-0.3538,4
688075,安旭生物,2026-06-30,38.7562,-1.4483,62
688076,ST诺泰,2025-12-31,30.5111,0.5082,4
688076,ST诺泰,2026-03-31,30.0029,-0.5082,0
688076,ST诺泰,2026-06-30,30.4056,0.4027,2
688077,大地熊,2025-12-31,5.2463,1.7740,80
688077,大地熊,2026-03-31,4.0664,-1.1799,2
688077,大地熊,2026-06-30,4.2081,0.1417,83
688078,龙软科技,2025-12-31,1.7673,,59
688078,龙软科技,2026-03-31,0.0999,-1.6674,2
688078,龙软科技,2026-06-30,6.8767,6.7768,80
688079,美迪凯,2025-12-31,63.5190,-0.9348,97
688079,美迪凯,2026-03-31,60.3708,-3.1482,0
688079,美迪凯,2026-06-30,58.5864,-1.7844,76
688080,映翰通,2025-12-31,2.8347,1.6764,130
688080,映翰通,2026-03-31,0.0100,-2.8247,1
688080,映翰通,2026-06-30,0.8342,0.8242,70
688081,兴图新科,2025-12-31,16.0870,-2.3608,49
688081,兴图新科,2026-03-31,17.0040,0.9170,2
688081,兴图新科,2026-06-30,22.8655,5.8615,108
688082,盛美上海,2025-12-31,90.7852,2.8290,398
688082,盛美上海,2026-03-31,83.1087,-7.6765,14
688082,盛美上海,2026-06-30,88.0666,4.9579,780
688083,中望软件,2025-12-31,15.8115,5.3756,174
688083,中望软件,2026-03-31,6.8257,-8.9858,3
688083,中望软件,2026-06-30,10.9035,4.0778,150
688084,晶品特装,2025-12-31,67.6127,42.8417,222
688084,晶品特装,2026-03-31,60.9235,-6.6892,5
688084,晶品特装,2026-06-30,57.9131,-3.0104,134
688085,三友医疗,2025-12-31,29.8660,2.6252,135
688085,三友医疗,2026-03-31,25.3478,-4.5182,10
688085,三友医疗,2026-06-30,27.0254,1.6776,112
688087,英科再生,2025-12-31,62.9004,7.4961,165
688087,英科再生,2026-03-31,52.8993,-10.0011,10
688087,英科再生,2026-06-30,65.1324,12.2331,233
688088,虹软科技,2025-12-31,64.2786,7.5401,422
688088,虹软科技,2026-03-31,52.5189,-11.7597,16
688088,虹软科技,2026-06-30,55.9707,3.4518,253
688089,ST嘉必优,2025-12-31,47.6333,2.0118,94
688089,ST嘉必优,2026-03-31,44.8876,-2.7457,0
688089,ST嘉必优,2026-06-30,48.2334,3.3458,109
688090,瑞松科技,2025-12-31,17.0006,-1.2304,70
688090,瑞松科技,2026-03-31,16.0211,-0.9795,2
688090,瑞松科技,2026-06-30,20.8418,4.8207,354
688091,上海谊众,2025-12-31,26.6895,3.7815,214
688091,上海谊众,2026-03-31,20.4065,-6.2830,7
688091,上海谊众,2026-06-30,23.1871,2.7806,132
688092,爱科科技,2025-12-31,49.7015,2.6433,94
688092,爱科科技,2026-03-31,46.2788,-3.4227,2
688092,爱科科技,2026-06-30,49.0710,2.7922,99
688093,世华科技,2025-12-31,21.4820,0.7606,155
688093,世华科技,2026-03-31,20.6669,-0.8151,3
688093,世华科技,2026-06-30,21.2597,0.5928,108
688095,福昕软件,2025-12-31,22.6382,12.6756,324
688095,福昕软件,2026-03-31,7.4583,-15.1799,14
688095,福昕软件,2026-06-30,12.4001,4.9418,263
688096,京源环保,2025-12-31,6.3455,1.2380,80
688096,京源环保,2026-03-31,2.5278,-3.8177,2
688096,京源环保,2026-06-30,1.3734,-1.1544,54
688097,博众精工,2025-12-31,75.4786,3.7113,224
688097,博众精工,2026-03-31,73.7740,-1.7046,8
688097,博众精工,2026-06-30,73.1456,-0.6284,247
688098,申联生物,2025-12-31,21.2435,0.3820,86
688098,申联生物,2026-03-31,16.5961,-4.6474,1
688098,申联生物,2026-06-30,16.8718,0.2757,50
688099,晶晨股份,2025-12-31,67.1659,10.9552,683
688099,晶晨股份,2026-03-31,49.1722,-17.9937,73
688099,晶晨股份,2026-06-30,58.2534,9.0812,809
688100,威胜信息,2025-12-31,66.3510,4.4096,275
688100,威胜信息,2026-03-31,61.2564,-5.0946,5
688100,威胜信息,2026-06-30,64.3022,3.0458,203
688101,三达膜,2025-12-31,69.8089,-0.4179,73
688101,三达膜,2026-03-31,68.2058,-1.6031,0
688101,三达膜,2026-06-30,67.3088,-0.8970,73
688102,斯瑞新材,2025-12-31,9.3824,2.3870,109
688102,斯瑞新材,2026-03-31,8.0216,-1.3608,10
688102,斯瑞新材,2026-06-30,11.6280,3.6064,217
688103,国力电子,2025-12-31,14.2113,2.2847,161
688103,国力电子,2026-03-31,11.6744,-2.5369,2
688103,国力电子,2026-06-30,15.4650,3.7906,124
688105,诺唯赞,2025-12-31,63.3861,0.9523,128
688105,诺唯赞,2026-03-31,60.9971,-2.3890,0
688105,诺唯赞,2026-06-30,61.8315,0.8344,121
688106,金宏气体,2025-12-31,8.3385,2.9337,104
688106,金宏气体,2026-03-31,7.2592,-1.0793,15
688106,金宏气体,2026-06-30,11.6729,4.4137,115
688107,安路科技,2025-12-31,77.5103,3.4996,173
688107,安路科技,2026-03-31,72.6030,-4.9073,3
688107,安路科技,2026-06-30,75.2505,2.6475,277
688108,赛诺医疗,2025-12-31,29.5858,3.0368,167
688108,赛诺医疗,2026-03-31,27.8305,-1.7553,3
688108,赛诺医疗,2026-06-30,27.8406,0.0101,181
688109,品茗科技,2025-12-31,25.5334,12.2903,90
688109,品茗科技,2026-03-31,27.0031,1.4697,5
688109,品茗科技,2026-06-30,22.7494,-4.2537,103
688110,东芯股份,2025-12-31,43.9304,0.5880,162
688110,东芯股份,2026-03-31,41.7638,-2.1666,42
688110,东芯股份,2026-06-30,50.1581,8.3943,575
688111,金山办公,2025-12-31,74.8431,4.8109,1100
688111,金山办公,2026-03-31,66.7765,-8.0666,181
688111,金山办公,2026-06-30,67.2339,0.4574,915
688112,鼎阳科技,2025-12-31,16.1165,0.4485,96
688112,鼎阳科技,2026-03-31,15.5489,-0.5676,8
688112,鼎阳科技,2026-06-30,19.4411,3.8922,178
688113,联测科技,2025-12-31,4.3898,2.1537,108
688113,联测科技,2026-03-31,0.2212,-4.1686,2
688113,联测科技,2026-06-30,4.5502,4.3290,122
688114,华大智造,2025-12-31,74.7096,4.9866,291
688114,华大智造,2026-03-31,66.3171,-8.3925,15
688114,华大智造,2026-06-30,72.0671,5.7500,323
688115,思林杰,2025-12-31,32.2114,-0.2056,55
688115,思林杰,2026-03-31,30.9526,-1.2588,2
688115,思林杰,2026-06-30,33.1671,2.2145,73
688116,天奈科技,2025-12-31,25.1926,8.8874,313
688116,天奈科技,2026-03-31,9.9645,-15.2281,1
688116,天奈科技,2026-06-30,16.9076,6.9431,248
688117,圣诺生物,2025-12-31,41.4147,-1.7492,58
688117,圣诺生物,2026-03-31,40.7848,-0.6299,0
688117,圣诺生物,2026-06-30,42.8991,2.1143,68
688118,普元信息,2025-12-31,5.9580,2.6426,100
688118,普元信息,2026-03-31,1.9510,-4.0070,2
688118,普元信息,2026-06-30,5.8074,3.8564,114
688119,中钢洛耐,2025-12-31,66.1260,-1.3748,49
688119,中钢洛耐,2026-03-31,63.8082,-2.3178,1
688119,中钢洛耐,2026-06-30,63.1260,-0.6822,55
688120,华海清科,2025-12-31,64.0654,10.7852,641
688120,华海清科,2026-03-31,58.8775,-5.1879,119
688120,华海清科,2026-06-30,68.2089,9.3314,987
688121,*ST卓然,2025-12-31,5.4515,0.2774,62
688121,*ST卓然,2026-03-31,5.9757,0.5242,2
688121,*ST卓然,2026-06-30,3.7564,-2.2193,66
688122,西部超导,2025-12-31,60.3684,2.1966,418
688122,西部超导,2026-03-31,50.9591,-9.4093,30
688122,西部超导,2026-06-30,53.2006,2.2415,415
688123,聚辰股份,2025-12-31,59.1050,12.0833,412
688123,聚辰股份,2026-03-31,41.0337,-18.0713,13
688123,聚辰股份,2026-06-30,49.0743,8.0406,336
688125,安达智能,2025-12-31,63.8637,43.7132,33
688125,安达智能,2026-03-31,63.6655,-0.1982,0
688125,安达智能,2026-06-30,63.9221,0.2566,95
688126,沪硅产业,2025-12-31,74.0370,6.7646,459
688126,沪硅产业,2026-03-31,62.5609,-11.4761,21
688126,沪硅产业,2026-06-30,59.8872,-2.6737,636
688127,蓝特光学,2025-12-31,18.1606,12.5903,376
688127,蓝特光学,2026-03-31,9.4693,-8.6913,37
688127,蓝特光学,2026-06-30,13.2371,3.7678,553
688128,中国电研,2025-12-31,81.7270,1.2675,125
688128,中国电研,2026-03-31,79.6768,-2.0502,0
688128,中国电研,2026-06-30,80.7995,1.1227,161
688129,东来技术,2025-12-31,55.6888,2.5903,87
688129,东来技术,2026-03-31,55.0470,-0.6418,7
688129,东来技术,2026-06-30,61.5386,6.4916,86
688130,晶华微,2025-12-31,20.4258,-1.3840,49
688130,晶华微,2026-03-31,19.6985,-0.7273,1
688130,晶华微,2026-06-30,23.0079,3.3094,60
688131,皓元医药,2025-12-31,66.6252,7.8400,362
688131,皓元医药,2026-03-31,53.8922,-12.7330,25
688131,皓元医药,2026-06-30,56.9330,3.0408,260
688132,邦彦技术,2025-12-31,45.3370,3.4873,115
688132,邦彦技术,2026-03-31,26.4202,-18.9168,1
688132,邦彦技术,2026-06-30,27.2216,0.8014,86
688133,泰坦科技,2025-12-31,10.7857,1.4809,81
688133,泰坦科技,2026-03-31,6.5521,-4.2336,0
688133,泰坦科技,2026-06-30,6.9980,0.4459,64
688135,利扬芯片,2025-12-31,2.6645,2.6519,89
688135,利扬芯片,2026-03-31,2.8442,0.1797,3
688135,利扬芯片,2026-06-30,4.6796,1.8354,142
688136,科兴制药,2025-12-31,59.4594,0.1699,173
688136,科兴制药,2026-03-31,53.4936,-5.9658,5
688136,科兴制药,2026-06-30,55.5447,2.0511,116
688137,近岸蛋白,2025-12-31,45.9171,6.6457,52
688137,近岸蛋白,2026-03-31,71.6563,25.7392,4
688137,近岸蛋白,2026-06-30,75.7397,4.0834,69
688138,清溢光电,2025-12-31,68.9233,-2.9294,126
688138,清溢光电,2026-03-31,67.7088,-1.2145,1
688138,清溢光电,2026-06-30,65.8924,-1.8164,86
688139,海尔生物,2025-12-31,68.2427,4.1423,127
688139,海尔生物,2026-03-31,64.0216,-4.2211,2
688139,海尔生物,2026-06-30,64.0180,-0.0036,110
688141,杰华特,2025-12-31,57.2591,29.0254,306
688141,杰华特,2026-03-31,51.6351,-5.6240,21
688141,杰华特,2026-06-30,59.6528,8.0177,502
688143,长盈通,2025-12-31,22.5466,2.1470,149
688143,长盈通,2026-03-31,13.5071,-9.0395,5
688143,长盈通,2026-06-30,23.4449,9.9378,261
688146,中船特气,2025-12-31,49.7014,6.0062,186
688146,中船特气,2026-03-31,30.3820,-19.3194,9
688146,中船特气,2026-06-30,33.6017,3.2197,362
688147,微导纳米,2025-12-31,68.6267,56.7737,289
688147,微导纳米,2026-03-31,63.1386,-5.4881,30
688147,微导纳米,2026-06-30,70.0291,6.8905,468
688148,芳源股份,2025-12-31,29.4235,6.7415,152
688148,芳源股份,2026-03-31,19.3439,-10.0796,2
688148,芳源股份,2026-06-30,19.4353,0.0914,158
688150,莱特光电,2025-12-31,21.7559,0.9347,192
688150,莱特光电,2026-03-31,17.0517,-4.7042,21
688150,莱特光电,2026-06-30,20.3564,3.3047,222
688151,华强科技,2025-12-31,77.2173,0.7265,85
688151,华强科技,2026-03-31,76.3975,-0.8198,2
688151,华强科技,2026-06-30,76.6367,0.2392,95
688152,麒麟信安,2025-12-31,23.8074,11.6532,61
688152,麒麟信安,2026-03-31,22.6132,-1.1942,0
688152,麒麟信安,2026-06-30,23.3046,0.6914,73
688153,唯捷创芯,2025-12-31,63.0137,23.0816,297
688153,唯捷创芯,2026-03-31,54.2283,-8.7854,1
688153,唯捷创芯,2026-06-30,57.1910,2.9627,197
688155,先惠技术,2025-12-31,20.2114,5.6676,135
688155,先惠技术,2026-03-31,18.0138,-2.1976,22
688155,先惠技术,2026-06-30,19.7110,1.6972,284
688156,路德科技,2025-12-31,11.0127,4.2777,70
688156,路德科技,2026-03-31,8.8080,-2.2047,9
688156,路德科技,2026-06-30,14.3732,5.5652,151
688157,松井股份,2025-12-31,61.1123,3.6589,86
688157,松井股份,2026-03-31,57.5444,-3.5679,4
688157,松井股份,2026-06-30,61.6537,4.1093,92
688158,优刻得,2025-12-31,23.7388,12.8656,154
688158,优刻得,2026-03-31,14.8682,-8.8706,26
688158,优刻得,2026-06-30,16.1607,1.2925,237
688159,有方科技,2025-12-31,25.7128,-6.1946,86
688159,有方科技,2026-03-31,24.4810,-1.2318,1
688159,有方科技,2026-06-30,26.4931,2.0121,78
688160,步科股份,2025-12-31,66.0920,3.9823,139
688160,步科股份,2026-03-31,57.9418,-8.1502,7
688160,步科股份,2026-06-30,57.7007,-0.2411,123
688161,威高骨科,2025-12-31,87.7222,-0.0397,105
688161,威高骨科,2026-03-31,85.6178,-2.1044,2
688161,威高骨科,2026-06-30,84.5979,-1.0199,79
688162,巨一科技,2025-12-31,14.2292,1.9312,127
688162,巨一科技,2026-03-31,11.8943,-2.3349,3
688162,巨一科技,2026-06-30,13.3687,1.4744,86
688163,赛伦生物,2025-12-31,26.4233,1.3877,85
688163,赛伦生物,2026-03-31,26.0626,-0.3607,6
688163,赛伦生物,2026-06-30,25.1507,-0.9119,42
688165,埃夫特,2025-12-31,61.6695,4.1938,101
688165,埃夫特,2026-03-31,56.7914,-4.8781,2
688165,埃夫特,2026-06-30,58.1808,1.3894,119
688166,博瑞医药,2025-12-31,22.3686,6.8222,373
688166,博瑞医药,2026-03-31,15.7851,-6.5835,11
688166,博瑞医药,2026-06-30,20.6449,4.8598,370
688167,炬光科技,2025-12-31,20.0785,4.2304,196
688167,炬光科技,2026-03-31,17.7009,-2.3776,68
688167,炬光科技,2026-06-30,25.5382,7.8373,400
688168,安博通,2025-12-31,13.0661,0.1911,70
688168,安博通,2026-03-31,13.3712,0.3051,0
688168,安博通,2026-06-30,14.7786,1.4074,75
688169,石头科技,2025-12-31,42.5604,10.3828,757
688169,石头科技,2026-03-31,26.9917,-15.5687,108
688169,石头科技,2026-06-30,22.3449,-4.6468,562
688170,德龙激光,2025-12-31,25.4984,0.3087,100
688170,德龙激光,2026-03-31,16.0664,-9.4320,3
688170,德龙激光,2026-06-30,26.3774,10.3110,143
688171,纬德信息,2025-12-31,4.6159,-0.1730,40
688171,纬德信息,2026-03-31,5.1152,0.4993,1
688171,纬德信息,2026-06-30,4.9357,-0.1795,68
688172,燕东微,2025-12-31,74.4112,4.6390,306
688172,燕东微,2026-03-31,63.9399,-10.4713,25
688172,燕东微,2026-06-30,78.6150,14.6751,499
688173,希荻微,2025-12-31,16.9569,-0.5755,109
688173,希荻微,2026-03-31,12.2355,-4.7214,1
688173,希荻微,2026-06-30,16.1860,3.9505,252
688175,高凌信息,2025-12-31,59.9695,1.3350,73
688175,高凌信息,2026-03-31,57.4151,-2.5544,1
688175,高凌信息,2026-06-30,58.0857,0.6706,90
688176,亚虹医药,2025-12-31,27.5555,3.9282,100
688176,亚虹医药,2026-03-31,20.3262,-7.2293,1
688176,亚虹医药,2026-06-30,20.8998,0.5736,112
688177,百奥泰,2025-12-31,72.8265,1.8385,163
688177,百奥泰,2026-03-31,70.8011,-2.0254,0
688177,百奥泰,2026-06-30,70.6779,-0.1232,114
688178,万德斯,2025-12-31,40.3217,1.2268,50
688178,万德斯,2026-03-31,39.5047,-0.8170,2
688178,万德斯,2026-06-30,40.2152,0.7105,38
688179,阿拉丁,2025-12-31,6.6462,0.6438,125
688179,阿拉丁,2026-03-31,6.4906,-0.1556,8
688179,阿拉丁,2026-06-30,8.4265,1.9359,150
688180,君实生物,2025-12-31,29.1684,9.9792,380
688180,君实生物,2026-03-31,15.8065,-13.3619,38
688180,君实生物,2026-06-30,26.8683,11.0618,474
688181,八亿时空,2025-12-31,4.2296,0.6173,63
688181,八亿时空,2026-03-31,1.6735,-2.5561,0
688181,八亿时空,2026-06-30,3.4777,1.8042,82
688182,灿勤科技,2025-12-31,71.5945,4.0541,267
688182,灿勤科技,2026-03-31,68.7689,-2.8256,7
688182,灿勤科技,2026-06-30,68.4751,-0.2938,282
688183,生益电子,2025-12-31,82.7221,1.9507,615
688183,生益电子,2026-03-31,74.9852,-7.7369,51
688183,生益电子,2026-06-30,75.5827,0.5975,630
688184,ST帕瓦,2025-12-31,35.5661,-2.0875,3
688184,ST帕瓦,2026-03-31,32.4613,-3.1048,1
688184,ST帕瓦,2026-06-30,34.4353,1.9740,3
688185,康希诺,2025-12-31,11.7949,4.5294,213
688185,康希诺,2026-03-31,6.0209,-5.7740,1
688185,康希诺,2026-06-30,7.2627,1.2418,88
688186,广大特材,2025-12-31,22.0499,-0.8775,93
688186,广大特材,2026-03-31,21.9575,-0.0924,7
688186,广大特材,2026-06-30,21.6695,-0.2880,94
688187,时代电气,2025-12-31,83.2204,4.8909,516
688187,时代电气,2026-03-31,78.2015,-5.0189,34
688187,时代电气,2026-06-30,78.9606,0.7591,420
688188,柏楚电子,2025-12-31,18.7812,4.3176,480
688188,柏楚电子,2026-03-31,14.1695,-4.6117,21
688188,柏楚电子,2026-06-30,16.5464,2.3769,535
688189,ST南新,2025-12-31,45.4753,-4.7424,50
688189,ST南新,2026-03-31,46.0877,0.6124,3
688189,ST南新,2026-06-30,46.2090,0.1213,11
688190,云路股份,2025-12-31,47.3892,6.7016,167
688190,云路股份,2026-03-31,37.1603,-10.2289,6
688190,云路股份,2026-06-30,41.7989,4.6386,138
688191,智洋创新,2025-12-31,36.8620,-0.4420,144
688191,智洋创新,2026-03-31,38.3540,1.4920,1
688191,智洋创新,2026-06-30,41.6257,3.2717,127
688192,迪哲医药,2025-12-31,80.3049,0.3533,374
688192,迪哲医药,2026-03-31,72.5338,-7.7711,59
688192,迪哲医药,2026-06-30,77.5588,5.0250,351
688193,仁度生物,2025-12-31,34.4939,0.4316,56
688193,仁度生物,2026-03-31,32.9884,-1.5055,1
688193,仁度生物,2026-06-30,34.5189,1.5305,71
688195,腾景科技,2025-12-31,21.2932,6.4662,216
688195,腾景科技,2026-03-31,18.9558,-2.3374,84
688195,腾景科技,2026-06-30,18.0386,-0.9172,340
688196,卓越新能,2025-12-31,83.3411,3.6724,96
688196,卓越新能,2026-03-31,78.5590,-4.7821,17
688196,卓越新能,2026-06-30,77.2079,-1.3511,149
688197,首药控股,2025-12-31,35.9506,3.6555,108
688197,首药控股,2026-03-31,27.2777,-8.6729,14
688197,首药控股,2026-06-30,34.7007,7.4230,149
688198,佰仁医疗,2025-12-31,22.5463,3.5137,108
688198,佰仁医疗,2026-03-31,19.2510,-3.2953,8
688198,佰仁医疗,2026-06-30,21.2676,2.0166,112
688199,久日新材,2025-12-31,4.7276,1.6760,113
688199,久日新材,2026-03-31,4.1078,-0.6198,1
688199,久日新材,2026-06-30,6.1852,2.0774,151
688200,华峰测控,2025-12-31,68.5620,10.9904,524
688200,华峰测控,2026-03-31,60.2309,-8.3311,116
688200,华峰测控,2026-06-30,71.3448,11.1139,920
688201,ST信安,2025-12-31,9.6491,1.8951,139
688201,ST信安,2026-03-31,8.2130,-1.4361,3
688201,ST信安,2026-06-30,6.5055,-1.7075,0
688202,美迪西,2025-12-31,18.3200,13.5979,175
688202,美迪西,2026-03-31,10.6107,-7.7093,17
688202,美迪西,2026-06-30,21.8645,11.2538,294
688203,海正生材,2025-12-31,47.7815,8.3335,74
688203,海正生材,2026-03-31,58.7999,11.0184,2
688203,海正生材,2026-06-30,63.7773,4.9774,123
688205,德科立,2025-12-31,38.8974,2.6856,279
688205,德科立,2026-03-31,38.6318,-0.2656,87
688205,德科立,2026-06-30,36.7941,-1.8377,320
688206,概伦电子,2025-12-31,53.5268,2.4116,198
688206,概伦电子,2026-03-31,48.2315,-5.2953,3
688206,概伦电子,2026-06-30,50.9750,2.7435,153
688207,格灵深瞳,2025-12-31,36.2779,3.7104,125
688207,格灵深瞳,2026-03-31,32.2318,-4.0461,0
688207,格灵深瞳,2026-06-30,32.7606,0.5288,85
688208,道通科技,2025-12-31,21.4522,9.7904,476
688208,道通科技,2026-03-31,10.9953,-10.4569,19
688208,道通科技,2026-06-30,15.5452,4.5499,325
688209,英集芯,2025-12-31,64.4581,7.0282,188
688209,英集芯,2026-03-31,60.5524,-3.9057,1
688209,英集芯,2026-06-30,52.7283,-7.8241,175
688210,统联精密,2025-12-31,47.3695,13.9354,178
688210,统联精密,2026-03-31,33.9206,-13.4489,14
688210,统联精密,2026-06-30,32.8862,-1.0344,130
688211,中科微至,2025-12-31,49.0320,1.5607,48
688211,中科微至,2026-03-31,49.1961,0.1641,1
688211,中科微至,2026-06-30,49.8929,0.6968,75
688212,澳华内镜,2025-12-31,34.7668,12.8013,206
688212,澳华内镜,2026-03-31,19.5375,-15.2293,25
688212,澳华内镜,2026-06-30,28.6646,9.1271,166
688213,思特威,2025-12-31,48.2380,4.8588,649
688213,思特威,2026-03-31,32.2857,-15.9523,38
688213,思特威,2026-06-30,42.8460,10.5603,601
688215,瑞晟智能,2025-12-31,19.5450,-1.2662,42
688215,瑞晟智能,2026-03-31,19.9225,0.3775,3
688215,瑞晟智能,2026-06-30,21.5406,1.6181,111
688216,气派科技,2025-12-31,9.0243,1.1411,96
688216,气派科技,2026-03-31,7.4384,-1.5859,2
688216,气派科技,2026-06-30,3.5743,-3.8641,78
688217,睿昂基因,2025-12-31,26.9826,2.1077,66
688217,睿昂基因,2026-03-31,23.6184,-3.3642,0
688217,睿昂基因,2026-06-30,29.0842,5.4658,90
688218,江苏北人,2025-12-31,14.5189,0.4722,91
688218,江苏北人,2026-03-31,13.4380,-1.0809,3
688218,江苏北人,2026-06-30,12.2128,-1.2252,114
688219,会通股份,2025-12-31,18.2998,0.6596,120
688219,会通股份,2026-03-31,16.1742,-2.1256,0
688219,会通股份,2026-06-30,15.5410,-0.6332,96
688220,翱捷科技,2025-12-31,60.1812,2.6049,476
688220,翱捷科技,2026-03-31,46.1615,-14.0197,14
688220,翱捷科技,2026-06-30,58.8686,12.7071,569
688221,前沿生物,2025-12-31,45.9233,12.5427,142
688221,前沿生物,2026-03-31,36.7501,-9.1732,14
688221,前沿生物,2026-06-30,41.2999,4.5498,341
688222,成都先导,2025-12-31,35.5221,0.9664,228
688222,成都先导,2026-03-31,30.5740,-4.9481,13
688222,成都先导,2026-06-30,35.4875,4.9135,196
688223,晶科能源,2025-12-31,77.6561,5.0867,500
688223,晶科能源,2026-03-31,68.6895,-8.9666,28
688223,晶科能源,2026-06-30,72.3948,3.7053,515
688225,亚信安全,2025-12-31,67.0379,4.1386,127
688225,亚信安全,2026-03-31,61.8284,-5.2095,5
688225,亚信安全,2026-06-30,64.9303,3.1019,142
688226,威腾电气,2025-12-31,36.5689,-0.3245,85
688226,威腾电气,2026-03-31,34.0724,-2.4965,2
688226,威腾电气,2026-06-30,32.0256,-2.0468,169
688227,品高股份,2025-12-31,48.1856,37.2739,60
688227,品高股份,2026-03-31,49.3498,1.1642,0
688227,品高股份,2026-06-30,50.7032,1.3534,80
688228,开普云,2025-12-31,45.3519,11.0729,158
688228,开普云,2026-03-31,31.6056,-13.7463,2
688228,开普云,2026-06-30,33.3503,1.7447,138
688229,博睿数据,2025-12-31,11.8359,3.7890,58
688229,博睿数据,2026-03-31,8.1599,-3.6760,1
688229,博睿数据,2026-06-30,10.7518,2.5919,49
688230,芯导科技,2025-12-31,46.4341,0.3299,52
688230,芯导科技,2026-03-31,46.9017,0.4676,1
688230,芯导科技,2026-06-30,48.4369,1.5352,139
688231,隆达股份,2025-12-31,49.0134,8.1315,168
688231,隆达股份,2026-03-31,22.2636,-26.7498,9
688231,隆达股份,2026-06-30,31.5527,9.2891,261
688232,新点软件,2025-12-31,48.8850,4.1081,140
688232,新点软件,2026-03-31,44.7104,-4.1746,3
688232,新点软件,2026-06-30,45.8633,1.1529,151
688233,神工股份,2025-12-31,62.6580,12.6029,165
688233,神工股份,2026-03-31,55.8802,-6.7778,13
688233,神工股份,2026-06-30,66.0369,10.1567,445
688234,天岳先进,2025-12-31,41.8701,8.5207,386
688234,天岳先进,2026-03-31,32.4278,-9.4423,19
688234,天岳先进,2026-06-30,34.6294,2.2016,454
688235,百济神州,2025-12-31,40.9749,7.7499,728
688235,百济神州,2026-03-31,25.3592,-15.6157,130
688235,百济神州,2026-06-30,37.5850,12.2258,691
688236,春立医疗,2025-12-31,14.8463,3.0859,236
688236,春立医疗,2026-03-31,8.9995,-5.8468,12
688236,春立医疗,2026-06-30,11.9933,2.9938,149
688237,超卓航科,2025-12-31,12.0596,1.6999,67
688237,超卓航科,2026-03-31,11.3094,-0.7502,2
688237,超卓航科,2026-06-30,7.9803,-3.3291,65
688238,和元生物,2025-12-31,12.5831,1.0836,102
688238,和元生物,2026-03-31,9.1730,-3.4101,2
688238,和元生物,2026-06-30,11.0600,1.8870,86
688239,航宇科技,2025-12-31,42.4143,5.6154,253
688239,航宇科技,2026-03-31,32.1218,-10.2925,17
688239,航宇科技,2026-06-30,42.2970,10.1752,339
688244,永信至诚,2025-12-31,9.6871,-17.0460,53
688244,永信至诚,2026-03-31,9.0735,-0.6136,1
688244,永信至诚,2026-06-30,10.6794,1.6059,91
688246,嘉和美康,2025-12-31,29.2707,-0.1652,88
688246,嘉和美康,2026-03-31,27.8563,-1.4144,1
688246,嘉和美康,2026-06-30,27.7035,-0.1528,82
688247,宣泰医药,2025-12-31,76.5744,-0.9352,55
688247,宣泰医药,2026-03-31,75.0046,-1.5698,0
688247,宣泰医药,2026-06-30,74.0384,-0.9662,57
688248,南网科技,2025-12-31,89.3466,25.2773,296
688248,南网科技,2026-03-31,82.2478,-7.0988,6
688248,南网科技,2026-06-30,83.5571,1.3093,285
688249,晶合集成,2025-12-31,59.5481,9.9441,539
688249,晶合集成,2026-03-31,44.4421,-15.1060,14
688249,晶合集成,2026-06-30,75.0199,30.5778,600
688251,井松智能,2025-12-31,28.0719,-8.1242,47
688251,井松智能,2026-03-31,26.7172,-1.3547,1
688251,井松智能,2026-06-30,27.9350,1.2178,69
688252,天德钰,2025-12-31,35.1262,-1.2137,115
688252,天德钰,2026-03-31,69.1807,34.0545,0
688252,天德钰,2026-06-30,69.7463,0.5656,149
688253,英诺特,2025-12-31,13.7586,1.0967,85
688253,英诺特,2026-03-31,45.5169,31.7583,1
688253,英诺特,2026-06-30,45.3815,-0.1354,96
688255,凯尔达,2025-12-31,53.8619,2.3874,117
688255,凯尔达,2026-03-31,48.3734,-5.4885,3
688255,凯尔达,2026-06-30,50.7905,2.4171,110
688256,寒武纪,2025-12-31,45.6622,3.7874,2099
688256,寒武纪,2026-03-31,38.3389,-7.3233,662
688256,寒武纪,2026-06-30,42.0252,3.6863,2467
688257,新锐股份,2025-12-31,6.0711,1.8228,147
688257,新锐股份,2026-03-31,6.7740,0.7029,32
688257,新锐股份,2026-06-30,14.2229,7.4489,555
688258,卓易信息,2025-12-31,15.4135,5.5401,211
688258,卓易信息,2026-03-31,13.4463,-1.9672,31
688258,卓易信息,2026-06-30,14.9106,1.4643,245
688259,创耀科技,2025-12-31,53.9566,2.0867,149
688259,创耀科技,2026-03-31,49.9862,-3.9704,0
688259,创耀科技,2026-06-30,50.3527,0.3665,74
688260,昀冢科技,2025-12-31,34.4829,1.5240,55
688260,昀冢科技,2026-03-31,33.8612,-0.6217,1
688260,昀冢科技,2026-06-30,48.5998,14.7386,118
688261,东微半导,2025-12-31,28.5112,4.6942,122
688261,东微半导,2026-03-31,23.9270,-4.5842,7
688261,东微半导,2026-06-30,25.0828,1.1558,142
688262,国芯科技,2025-12-31,21.4411,-0.8849,140
688262,国芯科技,2026-03-31,15.9431,-5.4980,3
688262,国芯科技,2026-06-30,22.5183,6.5752,243
688265,南模生物,2025-12-31,73.0104,0.8880,78
688265,南模生物,2026-03-31,70.5878,-2.4226,0
688265,南模生物,2026-06-30,73.5800,2.9922,60
688266,泽璟制药,2025-12-31,42.7485,11.8191,554
688266,泽璟制药,2026-03-31,26.2852,-16.4633,95
688266,泽璟制药,2026-06-30,36.6626,10.3774,738
688267,中触媒,2025-12-31,34.1389,2.1677,156
688267,中触媒,2026-03-31,31.1958,-2.9431,0
688267,中触媒,2026-06-30,34.4715,3.2757,93
688268,华特气体,2025-12-31,36.1473,-1.7902,53
688268,华特气体,2026-03-31,34.0469,-2.1004,0
688268,华特气体,2026-06-30,32.3015,-1.7454,125
688269,凯立新材,2025-12-31,38.8341,4.2208,103
688269,凯立新材,2026-03-31,35.8102,-3.0239,4
688269,凯立新材,2026-06-30,34.9479,-0.8623,118
688270,ST臻镭,2025-12-31,22.3278,3.3601,261
688270,ST臻镭,2026-03-31,18.5946,-3.7332,91
688270,ST臻镭,2026-06-30,8.7949,-9.7997,36
688271,联影医疗,2025-12-31,69.7705,6.0388,695
688271,联影医疗,2026-03-31,62.8710,-6.8995,104
688271,联影医疗,2026-06-30,66.6088,3.7378,598
688272,富吉瑞,2025-12-31,19.7233,-0.3106,35
688272,富吉瑞,2026-03-31,19.3056,-0.4177,0
688272,富吉瑞,2026-06-30,29.2883,9.9827,36
688273,麦澜德,2025-12-31,13.8272,6.7505,82
688273,麦澜德,2026-03-31,1.5704,-12.2568,6
688273,麦澜德,2026-06-30,3.3535,1.7831,81
688275,万润新能,2025-12-31,31.0182,2.9070,182
688275,万润新能,2026-03-31,13.8015,-17.2167,8
688275,万润新能,2026-06-30,17.2219,3.4204,370
688276,百克生物,2025-12-31,43.6084,1.4512,90
688276,百克生物,2026-03-31,42.4636,-1.1448,1
688276,百克生物,2026-06-30,43.3463,0.8827,94
688277,天智航,2025-12-31,27.6650,4.4084,157
688277,天智航,2026-03-31,21.0598,-6.6052,13
688277,天智航,2026-06-30,22.7617,1.7019,151
688278,特宝生物,2025-12-31,29.1566,9.1693,372
688278,特宝生物,2026-03-31,19.8742,-9.2824,14
688278,特宝生物,2026-06-30,22.1533,2.2791,251
688279,峰岹科技,2025-12-31,77.9796,24.2297,242
688279,峰岹科技,2026-03-31,68.8164,-9.1632,19
688279,峰岹科技,2026-06-30,78.5248,9.7084,430
688280,精进电动,2025-12-31,45.8018,9.4113,192
688280,精进电动,2026-03-31,34.4569,-11.3449,3
688280,精进电动,2026-06-30,33.5489,-0.9080,47
688281,华秦科技,2025-12-31,19.6337,7.2431,329
688281,华秦科技,2026-03-31,12.4161,-7.2176,19
688281,华秦科技,2026-06-30,17.6469,5.2308,332
688282,理工导航,2025-12-31,11.7722,-0.1144,48
688282,理工导航,2026-03-31,8.1331,-3.6391,1
688282,理工导航,2026-06-30,8.9814,0.8483,53
688283,坤恒顺维,2025-12-31,28.6639,5.4749,79
688283,坤恒顺维,2026-03-31,29.4941,0.8302,4
688283,坤恒顺维,2026-06-30,25.2968,-4.1973,75
688285,高铁电气,2025-12-31,76.2975,1.3048,70
688285,高铁电气,2026-03-31,75.7113,-0.5862,2
688285,高铁电气,2026-06-30,76.1743,0.4630,92
688286,敏芯股份,2025-12-31,17.3846,0.5215,123
688286,敏芯股份,2026-03-31,10.5411,-6.8435,2
688286,敏芯股份,2026-06-30,14.4082,3.8671,81
688288,鸿泉技术,2025-12-31,25.2846,5.1701,144
688288,鸿泉技术,2026-03-31,20.2051,-5.0795,10
688288,鸿泉技术,2026-06-30,21.6378,1.4327,91
688289,圣湘生物,2025-12-31,16.7370,4.7978,130
688289,圣湘生物,2026-03-31,13.4250,-3.3120,2
688289,圣湘生物,2026-06-30,15.1443,1.7193,112
688290,景业智能,2025-12-31,57.9933,0.9475,87
688290,景业智能,2026-03-31,55.6274,-2.3659,7
688290,景业智能,2026-06-30,63.4179,7.7905,121
688291,金橙子,2025-12-31,19.6349,14.3093,41
688291,金橙子,2026-03-31,22.4005,2.7656,0
688291,金橙子,2026-06-30,20.6508,-1.7497,125
688292,浩瀚深度,2025-12-31,27.4388,6.9187,51
688292,浩瀚深度,2026-03-31,9.1555,-18.2833,0
688292,浩瀚深度,2026-06-30,8.2754,-0.8801,65
688293,奥浦迈,2025-12-31,55.9531,8.7369,176
688293,奥浦迈,2026-03-31,40.8970,-15.0561,18
688293,奥浦迈,2026-06-30,48.8959,7.9989,233
688295,中复神鹰,2025-12-31,91.2180,6.3060,266
688295,中复神鹰,2026-03-31,87.3459,-3.8721,5
688295,中复神鹰,2026-06-30,86.3312,-1.0147,222
688296,和达科技,2025-12-31,20.1218,3.9889,97
688296,和达科技,2026-03-31,14.7064,-5.4154,1
688296,和达科技,2026-06-30,19.9597,5.2533,110
688297,中无人机,2025-12-31,79.7927,5.0155,238
688297,中无人机,2026-03-31,72.0474,-7.7453,11
688297,中无人机,2026-06-30,76.7572,4.7098,210
688298,东方生物,2025-12-31,51.1203,-0.3202,87
688298,东方生物,2026-03-31,49.7837,-1.3366,2
688298,东方生物,2026-06-30,50.7639,0.9802,59
688299,长阳科技,2025-12-31,5.9783,1.0069,100
688299,长阳科技,2026-03-31,7.0052,1.0269,1
688299,长阳科技,2026-06-30,6.2004,-0.8048,139
688300,联瑞新材,2025-12-31,49.3807,4.9359,222
688300,联瑞新材,2026-03-31,46.5798,-2.8009,20
688300,联瑞新材,2026-06-30,53.6954,7.1156,448
688301,奕瑞科技,2025-12-31,60.4240,6.8336,410
688301,奕瑞科技,2026-03-31,52.2139,-8.2101,56
688301,奕瑞科技,2026-06-30,56.0047,3.7908,703
688302,海创药业,2025-12-31,34.3891,8.5347,67
688302,海创药业,2026-03-31,32.2628,-2.1263,3
688302,海创药业,2026-06-30,34.3108,2.0480,92
688303,大全能源,2025-12-31,82.5179,4.5102,497
688303,大全能源,2026-03-31,78.3337,-4.1842,19
688303,大全能源,2026-06-30,79.6372,1.3035,416
688305,科德数控,2025-12-31,38.0623,-0.7126,79
688305,科德数控,2026-03-31,35.6639,-2.3984,1
688305,科德数控,2026-06-30,37.9376,2.2737,116
688306,均普智能,2025-12-31,69.3991,1.3112,115
688306,均普智能,2026-03-31,66.7462,-2.6529,3
688306,均普智能,2026-06-30,67.0405,0.2943,112
688307,中润光学,2025-12-31,14.5806,2.5639,70
688307,中润光学,2026-03-31,12.5968,-1.9838,8
688307,中润光学,2026-06-30,16.6929,4.0961,144
688308,欧科亿,2025-12-31,31.2246,8.6001,197
688308,欧科亿,2026-03-31,20.2512,-10.9734,18
688308,欧科亿,2026-06-30,23.5238,3.2726,393
688309,恒誉科技,2025-12-31,54.2843,1.7855,82
688309,恒誉科技,2026-03-31,49.2142,-5.0701,0
688309,恒誉科技,2026-06-30,50.4621,1.2479,182
688310,迈得医疗,2025-12-31,6.7006,-1.8166,112
688310,迈得医疗,2026-03-31,6.1245,-0.5761,7
688310,迈得医疗,2026-06-30,11.3366,5.2121,83
688311,盟升电子,2025-12-31,46.8523,2.8540,180
688311,盟升电子,2026-03-31,43.2981,-3.5542,12
688311,盟升电子,2026-06-30,42.9982,-0.2999,181
688312,燕麦科技,2025-12-31,11.6184,0.0119,174
688312,燕麦科技,2026-03-31,7.4352,-4.1832,5
688312,燕麦科技,2026-06-30,9.2317,1.7965,114
688313,仕佳光子,2025-12-31,54.0499,15.4341,543
688313,仕佳光子,2026-03-31,36.9298,-17.1201,55
688313,仕佳光子,2026-06-30,50.0109,13.0811,736
688314,康拓医疗,2025-12-31,6.8679,2.3994,70
688314,康拓医疗,2026-03-31,4.8946,-1.9733,1
688314,康拓医疗,2026-06-30,8.1376,3.2430,54
688315,诺禾致源,2025-12-31,20.2082,-0.1244,109
688315,诺禾致源,2026-03-31,19.0662,-1.1420,0
688315,诺禾致源,2026-06-30,19.5184,0.4522,91
688316,青云科技,2025-12-31,15.6425,1.2157,37
688316,青云科技,2026-03-31,12.1330,-3.5095,2
688316,青云科技,2026-06-30,9.9401,-2.1929,53
688317,之江生物,2025-12-31,46.7068,0.9793,68
688317,之江生物,2026-03-31,43.8537,-2.8531,5
688317,之江生物,2026-06-30,42.3873,-1.4664,61
688318,财富趋势,2025-12-31,4.2860,1.6094,242
688318,财富趋势,2026-03-31,1.6517,-2.6343,9
688318,财富趋势,2026-06-30,3.9077,2.2560,215
688319,欧林生物,2025-12-31,34.3316,3.4944,150
688319,欧林生物,2026-03-31,29.3295,-5.0021,12
688319,欧林生物,2026-06-30,33.4585,4.1290,150
688320,禾川科技,2025-12-31,24.7735,5.8219,119
688320,禾川科技,2026-03-31,20.2111,-4.5624,3
688320,禾川科技,2026-06-30,19.4513,-0.7598,142
688321,微芯生物,2025-12-31,34.2386,0.7243,360
688321,微芯生物,2026-03-31,27.8176,-6.4210,5
688321,微芯生物,2026-06-30,24.3775,-3.4401,236
688322,奥比中光,2025-12-31,43.6856,15.0004,532
688322,奥比中光,2026-03-31,26.0323,-17.6533,24
688322,奥比中光,2026-06-30,32.6373,6.6050,416
688323,瑞华泰,2025-12-31,54.8143,0.9373,59
688323,瑞华泰,2026-03-31,50.7231,-4.0912,1
688323,瑞华泰,2026-06-30,44.7244,-5.9987,94
688325,赛微微电,2025-12-31,55.7428,17.3048,45
688325,赛微微电,2026-03-31,52.4843,-3.2585,8
688325,赛微微电,2026-06-30,50.0499,-2.4344,87
688326,经纬恒润,2025-12-31,14.6401,-2.2374,207
688326,经纬恒润,2026-03-31,8.7327,-5.9074,10
688326,经纬恒润,2026-06-30,12.1694,3.4367,181
688327,云从科技,2025-12-31,27.6020,9.2607,191
688327,云从科技,2026-03-31,15.7091,-11.8929,2
688327,云从科技,2026-06-30,18.8315,3.1224,203
688328,深科达,2025-12-31,10.9581,4.8876,108
688328,深科达,2026-03-31,9.6032,-1.3549,3
688328,深科达,2026-06-30,12.9844,3.3812,169
688329,艾隆科技,2025-12-31,15.9418,8.9469,175
688329,艾隆科技,2026-03-31,7.7085,-8.2333,6
688329,艾隆科技,2026-06-30,15.5318,7.8233,133
688330,宏力达,2025-12-31,40.9206,0.5741,43
688330,宏力达,2026-03-31,40.3610,-0.5596,3
688330,宏力达,2026-06-30,42.8845,2.5235,90
688331,荣昌生物,2025-12-31,48.8009,12.2002,392
688331,荣昌生物,2026-03-31,35.7332,-13.0677,181
688331,荣昌生物,2026-06-30,66.2557,30.5225,637
688332,中科蓝讯,2025-12-31,15.5505,0.7542,100
688332,中科蓝讯,2026-03-31,38.3239,22.7734,11
688332,中科蓝讯,2026-06-30,41.3107,2.9868,186
688333,铂力特,2025-12-31,22.7725,8.0087,336
688333,铂力特,2026-03-31,15.0489,-7.7236,11
688333,铂力特,2026-06-30,18.7152,3.6663,179
688334,西高院,2025-12-31,43.4538,0.9393,106
688334,西高院,2026-03-31,38.8482,-4.6056,2
688334,西高院,2026-06-30,69.0336,30.1854,86
688335,复洁科技,2025-12-31,21.4213,-0.9638,46
688335,复洁科技,2026-03-31,16.4613,-4.9600,1
688335,复洁科技,2026-06-30,17.9535,1.4922,58
688336,三生国健,2025-12-31,92.8522,4.8804,371
688336,三生国健,2026-03-31,86.8430,-6.0092,53
688336,三生国健,2026-06-30,90.6734,3.8304,361
688337,普源精电,2025-12-31,52.6588,28.3422,136
688337,普源精电,2026-03-31,46.3382,-6.3206,16
688337,普源精电,2026-06-30,47.5096,1.1714,229
688338,赛科希德,2025-12-31,3.4775,0.6997,47
688338,赛科希德,2026-03-31,2.7778,-0.6997,0
688338,赛科希德,2026-06-30,4.5185,1.7407,48
688339,亿华通,2025-12-31,11.8495,3.5868,80
688339,亿华通,2026-03-31,7.1900,-4.6595,0
688339,亿华通,2026-06-30,10.2698,3.0798,108
688343,云天励飞,2025-12-31,32.7621,4.8209,237
688343,云天励飞,2026-03-31,24.2564,-8.5057,46
688343,云天励飞,2026-06-30,19.5386,-4.7178,318
688345,博力威,2025-12-31,50.8065,0.6012,110
688345,博力威,2026-03-31,49.1113,-1.6952,1
688345,博力威,2026-06-30,50.2473,1.1360,111
688347,华虹宏力,2025-12-31,40.5946,2.1873,571
688347,华虹宏力,2026-03-31,32.6498,-7.9448,105
688347,华虹宏力,2026-06-30,45.9140,13.2642,1249
688348,昱能科技,2025-12-31,25.1768,2.7871,90
688348,昱能科技,2026-03-31,21.8931,-3.2837,1
688348,昱能科技,2026-06-30,22.6157,0.7226,82
688349,三一重能,2025-12-31,9.5121,-18.1581,274
688349,三一重能,2026-03-31,2.2667,-7.2454,5
688349,三一重能,2026-06-30,3.0595,0.7928,304
688350,富淼科技,2025-12-31,52.0855,-0.4351,60
688350,富淼科技,2026-03-31,44.0616,-8.0239,0
688350,富淼科技,2026-06-30,43.0111,-1.0505,74
688351,微电生理,2025-12-31,24.5465,5.0073,156
688351,微电生理,2026-03-31,75.3892,50.8427,6
688351,微电生理,2026-06-30,77.8428,2.4536,168
688352,颀中科技,2025-12-31,28.9109,10.0542,199
688352,颀中科技,2026-03-31,15.4994,-13.4115,1
688352,颀中科技,2026-06-30,21.9988,6.4994,213
688353,华盛锂电,2025-12-31,52.9310,0.0389,158
688353,华盛锂电,2026-03-31,38.9357,-13.9953,9
688353,华盛锂电,2026-06-30,41.0103,2.0746,247
688355,明志科技,2025-12-31,6.0298,2.4189,98
688355,明志科技,2026-03-31,3.9947,-2.0351,5
688355,明志科技,2026-06-30,6.0818,2.0871,116
688356,键凯科技,2025-12-31,8.3583,2.4292,117
688356,键凯科技,2026-03-31,6.5947,-1.7636,3
688356,键凯科技,2026-06-30,13.5701,6.9754,130
688357,建龙微纳,2025-12-31,22.4792,2.0306,93
688357,建龙微纳,2026-03-31,16.2990,-6.1802,4
688357,建龙微纳,2026-06-30,17.9680,1.6690,81
688358,祥生医疗,2025-12-31,50.7826,0.5995,82
688358,祥生医疗,2026-03-31,49.6608,-1.1218,0
688358,祥生医疗,2026-06-30,54.1172,4.4564,96
688359,三孚新科,2025-12-31,10.0724,1.5015,74
688359,三孚新科,2026-03-31,9.6529,-0.4195,5
688359,三孚新科,2026-06-30,17.1952,7.5423,203
688360,德马科技,2025-12-31,40.8772,0.3224,56
688360,德马科技,2026-03-31,40.4215,-0.4557,0
688360,德马科技,2026-06-30,39.5105,-0.9110,81
688361,中科飞测,2025-12-31,67.8510,10.2287,647
688361,中科飞测,2026-03-31,52.0929,-15.7581,123
688361,中科飞测,2026-06-30,62.6448,10.5519,987
688362,甬矽电子,2025-12-31,54.9503,21.0083,199
688362,甬矽电子,2026-03-31,50.2403,-4.7100,11
688362,甬矽电子,2026-06-30,51.4837,1.2434,321
688363,华熙生物,2025-12-31,72.5224,-0.0839,185
688363,华熙生物,2026-03-31,68.2683,-4.2541,5
688363,华熙生物,2026-06-30,69.5925,1.3242,162
688365,光云科技,2025-12-31,54.1315,2.1033,150
688365,光云科技,2026-03-31,52.1252,-2.0063,9
688365,光云科技,2026-06-30,52.1788,0.0536,157
688366,昊海生科,2025-12-31,3.2846,0.3963,57
688366,昊海生科,2026-03-31,1.7575,-1.5271,0
688366,昊海生科,2026-06-30,1.7264,-0.0311,46
688367,工大高科,2025-12-31,18.2854,2.2191,41
688367,工大高科,2026-03-31,16.0081,-2.2773,1
688367,工大高科,2026-06-30,17.1019,1.0938,45
688368,晶丰明源,2025-12-31,25.1917,2.9810,101
688368,晶丰明源,2026-03-31,22.3159,-2.8758,8
688368,晶丰明源,2026-06-30,29.4631,7.1472,387
688369,致远互联,2025-12-31,15.4625,4.9479,134
688369,致远互联,2026-03-31,10.4064,-5.0561,2
688369,致远互联,2026-06-30,17.7881,7.3817,125
688370,丛麟科技,2025-12-31,14.8531,3.4337,35
688370,丛麟科技,2026-03-31,70.9054,56.0523,0
688370,丛麟科技,2026-06-30,70.5263,-0.3791,42
688371,菲沃泰,2025-12-31,69.1851,-0.2315,135
688371,菲沃泰,2026-03-31,67.1357,-2.0494,1
688371,菲沃泰,2026-06-30,68.3234,1.1877,121
688372,伟测科技,2025-12-31,61.7376,35.2279,465
688372,伟测科技,2026-03-31,46.6067,-15.1309,77
688372,伟测科技,2026-06-30,51.6357,5.0290,498
688373,盟科药业,2025-12-31,45.3359,13.5104,93
688373,盟科药业,2026-03-31,36.7312,-8.6047,3
688373,盟科药业,2026-06-30,37.3034,0.5722,84
688375,国博电子,2025-12-31,87.4692,1.1663,309
688375,国博电子,2026-03-31,84.7778,-2.6914,27
688375,国博电子,2026-06-30,88.6061,3.8283,384
688376,美埃科技,2025-12-31,75.1628,50.5525,135
688376,美埃科技,2026-03-31,71.1655,-3.9973,10
688376,美埃科技,2026-06-30,72.7354,1.5699,164
688377,迪威尔,2025-12-31,46.5924,2.0697,181
688377,迪威尔,2026-03-31,41.1324,-5.4600,15
688377,迪威尔,2026-06-30,44.5551,3.4227,150
688378,奥来德,2025-12-31,7.8046,2.6089,152
688378,奥来德,2026-03-31,5.6235,-2.1811,5
688378,奥来德,2026-06-30,12.5496,6.9261,396
688379,华光新材,2025-12-31,10.4854,-2.0555,49
688379,华光新材,2026-03-31,7.9829,-2.5025,0
688379,华光新材,2026-06-30,14.0028,6.0199,116
688380,中微半导,2025-12-31,16.6864,2.4319,142
688380,中微半导,2026-03-31,5.0073,-11.6791,1
688380,中微半导,2026-06-30,5.1171,0.1098,158
688381,帝奥微,2025-12-31,28.9724,0.4063,72
688381,帝奥微,2026-03-31,19.7981,-9.1743,0
688381,帝奥微,2026-06-30,20.6585,0.8604,120
688382,益方生物,2025-12-31,50.0257,12.9920,448
688382,益方生物,2026-03-31,44.1346,-5.8911,39
688382,益方生物,2026-06-30,60.1588,16.0242,354
688383,新益昌,2025-12-31,6.6705,1.6750,127
688383,新益昌,2026-03-31,4.8280,-1.8425,2
688383,新益昌,2026-06-30,5.1368,0.3088,141
688385,复旦微电,2025-12-31,68.7252,14.4064,625
688385,复旦微电,2026-03-31,57.9776,-10.7476,90
688385,复旦微电,2026-06-30,59.5648,1.5872,601
688386,泛亚微透,2025-12-31,15.8871,-0.3703,113
688386,泛亚微透,2026-03-31,11.2814,-4.6057,9
688386,泛亚微透,2026-06-30,12.3619,1.0805,135
688387,信科移动,2025-12-31,54.5364,2.2335,256
688387,信科移动,2026-03-31,52.4451,-2.0913,47
688387,信科移动,2026-06-30,58.7351,6.2900,468
688388,嘉元科技,2025-12-31,37.7254,5.1566,228
688388,嘉元科技,2026-03-31,30.6225,-7.1029,56
688388,嘉元科技,2026-06-30,36.4995,5.8770,623
688389,普门科技,2025-12-31,15.5135,3.4862,105
688389,普门科技,2026-03-31,14.0669,-1.4466,3
688389,普门科技,2026-06-30,15.1684,1.1015,112
688390,固德威,2025-12-31,22.5808,12.4696,359
688390,固德威,2026-03-31,13.6362,-8.9446,60
688390,固德威,2026-06-30,27.4123,13.7761,691
688391,钜泉科技,2025-12-31,47.5016,0.6553,94
688391,钜泉科技,2026-03-31,47.0565,-0.4451,6
688391,钜泉科技,2026-06-30,48.0175,0.9610,89
688392,骄成超声,2025-12-31,48.0631,11.4475,274
688392,骄成超声,2026-03-31,37.6297,-10.4334,28
688392,骄成超声,2026-06-30,47.1514,9.5217,373
688393,安必平,2025-12-31,27.5061,1.0749,79
688393,安必平,2026-03-31,24.5432,-2.9629,3
688393,安必平,2026-06-30,29.9980,5.4548,123
688395,正弦电气,2025-12-31,7.1304,2.5868,98
688395,正弦电气,2026-03-31,5.8601,-1.2703,4
688395,正弦电气,2026-06-30,7.2707,1.4106,141
688396,华润微,2025-12-31,80.6856,5.6940,566
688396,华润微,2026-03-31,73.3039,-7.3817,11
688396,华润微,2026-06-30,78.1873,4.8834,928
688398,赛特新材,2025-12-31,6.6965,-0.1829,67
688398,赛特新材,2026-03-31,8.6720,1.9755,9
688398,赛特新材,2026-06-30,7.9875,-0.6845,89
688399,硕世生物,2025-12-31,33.6395,-0.4085,81
688399,硕世生物,2026-03-31,31.8740,-1.7655,0
688399,硕世生物,2026-06-30,32.3907,0.5167,101
688400,凌云光,2025-12-31,10.1635,4.9354,176
688400,凌云光,2026-03-31,5.1406,-5.0229,3
688400,凌云光,2026-06-30,9.5394,4.3988,316
688401,路维光电,2025-12-31,26.3708,3.9712,171
688401,路维光电,2026-03-31,23.1526,-3.2182,24
688401,路维光电,2026-06-30,23.3855,0.2329,204
688403,汇成股份,2025-12-31,47.6733,7.5332,267
688403,汇成股份,2026-03-31,36.5991,-11.0742,8
688403,汇成股份,2026-06-30,43.6693,7.0702,325
688408,中信博,2025-12-31,22.9621,6.5257,177
688408,中信博,2026-03-31,10.8346,-12.1275,5
688408,中信博,2026-06-30,13.9621,3.1275,147
688409,富创精密,2025-12-31,64.3675,16.8934,191
688409,富创精密,2026-03-31,61.0867,-3.2808,42
688409,富创精密,2026-06-30,71.8337,10.7470,693
688410,山外山,2025-12-31,29.9758,4.5212,290
688410,山外山,2026-03-31,18.6344,-11.3414,13
688410,山外山,2026-06-30,25.0643,6.4299,233
688411,海博思创,2025-12-31,13.5074,-4.3075,211
688411,海博思创,2026-03-31,31.6757,18.1683,21
688411,海博思创,2026-06-30,41.4803,9.8046,496
688416,恒烁股份,2025-12-31,21.3109,-3.1744,79
688416,恒烁股份,2026-03-31,15.6053,-5.7056,2
688416,恒烁股份,2026-06-30,22.2879,6.6826,252
688418,震有科技,2025-12-31,21.2148,3.6404,85
688418,震有科技,2026-03-31,17.5752,-3.6396,4
688418,震有科技,2026-06-30,20.1370,2.5618,113
688419,耐科装备,2025-12-31,51.4244,47.4712,69
688419,耐科装备,2026-03-31,52.3675,0.9431,2
688419,耐科装备,2026-06-30,26.4751,-25.8924,77
688420,美腾科技,2025-12-31,21.9517,1.9218,77
688420,美腾科技,2026-03-31,14.4999,-7.4518,0
688420,美腾科技,2026-06-30,41.7221,27.2222,114
688425,铁建重工,2025-12-31,76.6914,1.6410,229
688425,铁建重工,2026-03-31,74.3822,-2.3092,6
688425,铁建重工,2026-06-30,75.1301,0.7479,192
688426,康为世纪,2025-12-31,25.3593,-5.2673,56
688426,康为世纪,2026-03-31,20.4092,-4.9501,4
688426,康为世纪,2026-06-30,75.3095,54.9003,93
688428,诺诚健华,2025-12-31,34.9877,1.6109,227
688428,诺诚健华,2026-03-31,17.3780,-17.6097,43
688428,诺诚健华,2026-06-30,33.8395,16.4615,303
688429,时创能源,2025-12-31,24.2154,0.8443,95
688429,时创能源,2026-03-31,17.0734,-7.1420,1
688429,时创能源,2026-06-30,74.8414,57.7680,66
688432,有研硅,2025-12-31,84.6945,26.1828,129
688432,有研硅,2026-03-31,79.6706,-5.0239,3
688432,有研硅,2026-06-30,81.0104,1.3398,176
688433,华曙高科,2025-12-31,73.7678,8.3770,196
688433,华曙高科,2026-03-31,65.2207,-8.5471,20
688433,华曙高科,2026-06-30,72.5435,7.3228,251
688435,英方软件,2025-12-31,12.7766,-4.3407,82
688435,英方软件,2026-03-31,12.9015,0.1249,3
688435,英方软件,2026-06-30,5.2486,-7.6529,84
688439,振华风光,2025-12-31,67.5260,2.8281,232
688439,振华风光,2026-03-31,61.0871,-6.4389,2
688439,振华风光,2026-06-30,60.9353,-0.1518,143
688443,智翔金泰,2025-12-31,30.9083,8.7929,209
688443,智翔金泰,2026-03-31,19.2794,-11.6289,5
688443,智翔金泰,2026-06-30,37.8155,18.5361,164
688448,磁谷科技,2025-12-31,16.5247,-0.7838,48
688448,磁谷科技,2026-03-31,11.5661,-4.9586,0
688448,磁谷科技,2026-06-30,8.0192,-3.5469,45
688449,联芸科技,2025-12-31,64.9439,55.2987,136
688449,联芸科技,2026-03-31,61.4745,-3.4694,3
688449,联芸科技,2026-06-30,61.2140,-0.2605,236
688450,光格科技,2025-12-31,11.9159,2.1271,92
688450,光格科技,2026-03-31,5.0513,-6.8646,4
688450,光格科技,2026-06-30,3.7138,-1.3375,52
688455,科捷智能,2025-12-31,36.5952,3.0984,52
688455,科捷智能,2026-03-31,52.7820,16.1868,8
688455,科捷智能,2026-06-30,51.0951,-1.6869,42
688456,有研粉材,2025-12-31,51.2639,3.1814,70
688456,有研粉材,2026-03-31,45.7670,-5.4969,0
688456,有研粉材,2026-06-30,54.9288,9.1618,283
688458,美芯晟,2025-12-31,25.3624,2.9941,158
688458,美芯晟,2026-03-31,18.3420,-7.0204,8
688458,美芯晟,2026-06-30,25.5530,7.2110,83
688459,哈铁科技,2025-12-31,41.3460,0.2088,66
688459,哈铁科技,2026-03-31,38.4404,-2.9056,1
688459,哈铁科技,2026-06-30,77.1712,38.7308,51
688466,金科环境,2025-12-31,33.7089,0.6948,87
688466,金科环境,2026-03-31,29.0333,-4.6756,1
688466,金科环境,2026-06-30,35.7269,6.6936,122
688468,科美诊断,2025-12-31,48.8991,0.3297,73
688468,科美诊断,2026-03-31,46.2769,-2.6222,0
688468,科美诊断,2026-06-30,46.8807,0.6038,80
688469,芯联集成,2025-12-31,27.9004,6.3408,293
688469,芯联集成,2026-03-31,17.6306,-10.2698,25
688469,芯联集成,2026-06-30,41.4768,23.8462,601
688472,阿特斯,2025-12-31,41.9060,14.2328,643
688472,阿特斯,2026-03-31,20.3752,-21.5308,24
688472,阿特斯,2026-06-30,72.6989,52.3237,645
688475,萤石网络,2025-12-31,86.6110,16.3070,320
688475,萤石网络,2026-03-31,82.2201,-4.3909,1
688475,萤石网络,2026-06-30,85.1080,2.8879,410
688478,晶升股份,2025-12-31,34.8512,1.6502,94
688478,晶升股份,2026-03-31,34.4426,-0.4086,7
688478,晶升股份,2026-06-30,37.4913,3.0487,113
688479,友车科技,2025-12-31,30.6733,2.2946,84
688479,友车科技,2026-03-31,21.5230,-9.1503,1
688479,友车科技,2026-06-30,22.5652,1.0422,55
688480,赛恩斯,2025-12-31,24.4994,-13.2888,66
688480,赛恩斯,2026-03-31,22.9073,-1.5921,4
688480,赛恩斯,2026-06-30,25.2110,2.3037,152
688484,南芯科技,2025-12-31,55.4590,13.6815,291
688484,南芯科技,2026-03-31,37.8089,-17.6501,21
688484,南芯科技,2026-06-30,43.1687,5.3598,276
688485,九州一轨,2025-12-31,16.1701,0.4072,50
688485,九州一轨,2026-03-31,11.1470,-5.0231,0
688485,九州一轨,2026-06-30,4.6164,-6.5306,54
688486,龙迅股份,2025-12-31,50.5421,9.2484,174
688486,龙迅股份,2026-03-31,24.0197,-26.5224,6
688486,龙迅股份,2026-06-30,23.5422,-0.4775,274
688488,艾迪药业,2025-12-31,65.1041,13.6607,186
688488,艾迪药业,2026-03-31,56.6771,-8.4270,16
688488,艾迪药业,2026-06-30,62.6302,5.9531,138
688489,三未信安,2025-12-31,41.5250,0.4536,59
688489,三未信安,2026-03-31,41.0385,-0.4865,1
688489,三未信安,2026-06-30,41.1878,0.1493,87
688496,*ST清越,2025-12-31,63.4039,-1.3808,84
688496,*ST清越,2026-03-31,60.8463,-2.5576,1
688496,*ST清越,2026-06-30,59.1785,-1.6678,0
688498,源杰科技,2025-12-31,41.1845,-2.0130,733
688498,源杰科技,2026-03-31,39.9222,-1.2623,351
688498,源杰科技,2026-06-30,44.0683,4.1461,1426
688499,利元亨,2025-12-31,41.0701,2.5101,169
688499,利元亨,2026-03-31,37.5636,-3.5065,6
688499,利元亨,2026-06-30,39.6932,2.1296,149
688500,慧辰股份,2025-12-31,42.8880,0.9965,53
688500,慧辰股份,2026-03-31,43.1775,0.2895,4
688500,慧辰股份,2026-06-30,41.0868,-2.0907,67
688501,青达环保,2025-12-31,13.9802,2.7414,57
688501,青达环保,2026-03-31,11.7133,-2.2669,1
688501,青达环保,2026-06-30,12.4034,0.6901,61
688502,茂莱光学,2025-12-31,39.0289,3.6480,210
688502,茂莱光学,2026-03-31,67.0816,28.0527,15
688502,茂莱光学,2026-06-30,64.7931,-2.2885,216
688503,聚和材料,2025-12-31,26.6691,15.4331,198
688503,聚和材料,2026-03-31,21.2606,-5.4085,46
688503,聚和材料,2026-06-30,19.2134,-2.0472,497
688505,复旦张江,2025-12-31,43.5361,0.3760,72
688505,复旦张江,2026-03-31,42.6465,-0.8896,0
688505,复旦张江,2026-06-30,43.0234,0.3769,74
688506,百利天恒,2025-12-31,73.0261,8.1351,633
688506,百利天恒,2026-03-31,14.7536,-58.2725,135
688506,百利天恒,2026-06-30,19.2325,4.4789,594
688507,索辰科技,2025-12-31,19.0087,3.8005,125
688507,索辰科技,2026-03-31,12.8489,-6.1598,8
688507,索辰科技,2026-06-30,6.4965,-6.3524,104
688508,芯朋微,2025-12-31,6.4223,1.5454,182
688508,芯朋微,2026-03-31,3.8308,-2.5915,6
688508,芯朋微,2026-06-30,15.6590,11.8282,213
688509,正元地信,2025-12-31,4.2343,-2.6791,87
688509,正元地信,2026-03-31,0.8164,-3.4179,2
688509,正元地信,2026-06-30,0.7114,-0.1050,40
688510,航亚科技,2025-12-31,29.7654,12.6871,264
688510,航亚科技,2026-03-31,17.1676,-12.5978,18
688510,航亚科技,2026-06-30,27.8828,10.7152,268
688511,天微电子,2026-06-30,1.7302,,38
688512,慧智微,2025-12-31,27.9003,2.1891,175
688512,慧智微,2026-03-31,22.0492,-5.8511,4
688512,慧智微,2026-06-30,19.6245,-2.4247,114
688513,苑东生物,2025-12-31,21.4230,13.7546,228
688513,苑东生物,2026-03-31,13.0783,-8.3447,46
688513,苑东生物,2026-06-30,21.1964,8.1181,208
688515,裕太微,2025-12-31,33.2140,1.8644,137
688515,裕太微,2026-03-31,26.1010,-7.1130,4
688515,裕太微,2026-06-30,25.8048,-0.2962,194
688516,奥特维,2025-12-31,16.4614,8.0262,243
688516,奥特维,2026-03-31,11.9781,-4.4833,35
688516,奥特维,2026-06-30,15.9161,3.9380,398
688517,金冠电气,2025-12-31,52.1039,0.8261,96
688517,金冠电气,2026-03-31,49.4426,-2.6613,3
688517,金冠电气,2026-06-30,52.1297,2.6871,111
688518,联赢激光,2025-12-31,24.5430,10.4144,312
688518,联赢激光,2026-03-31,12.2070,-12.3360,15
688518,联赢激光,2026-06-30,18.7049,6.4979,293
688519,南亚新材,2025-12-31,67.4491,2.8956,313
688519,南亚新材,2026-03-31,63.9142,-3.5349,41
688519,南亚新材,2026-06-30,70.6145,6.7003,481
688520,神州细胞,2025-12-31,77.3909,2.8630,218
688520,神州细胞,2026-03-31,73.2275,-4.1634,2
688520,神州细胞,2026-06-30,76.2402,3.0127,173
688521,芯原股份,2025-12-31,56.8183,0.0212,733
688521,芯原股份,2026-03-31,51.1501,-5.6682,373
688521,芯原股份,2026-06-30,53.4898,2.3397,1431
688522,纳睿雷达,2025-12-31,21.0032,5.9452,217
688522,纳睿雷达,2026-03-31,9.7238,-11.2794,5
688522,纳睿雷达,2026-06-30,14.7627,5.0389,206
688523,航天环宇,2025-12-31,20.3365,5.9426,102
688523,航天环宇,2026-03-31,19.6588,-0.6777,9
688523,航天环宇,2026-06-30,14.4780,-5.1808,211
688525,佰维存储,2025-12-31,34.4063,0.9980,635
688525,佰维存储,2026-03-31,22.6863,-11.7200,246
688525,佰维存储,2026-06-30,18.8596,-3.8267,858
688526,科前生物,2025-12-31,19.5133,1.4804,114
688526,科前生物,2026-03-31,16.7345,-2.7788,0
688526,科前生物,2026-06-30,17.3906,0.6561,75
688528,秦川物联,2025-12-31,5.8052,2.7037,91
688528,秦川物联,2026-03-31,4.7268,-1.0784,3
688528,秦川物联,2026-06-30,6.2875,1.5607,104
688529,豪森智能,2025-12-31,44.1901,1.3081,55
688529,豪森智能,2026-03-31,42.8820,-1.3081,0
688529,豪森智能,2026-06-30,44.0657,1.1837,54
688530,欧莱新材,2025-12-31,39.2585,3.1088,109
688530,欧莱新材,2026-03-31,26.5199,-12.7386,3
688530,欧莱新材,2026-06-30,16.6459,-9.8740,97
688531,日联科技,2025-12-31,29.8159,9.9276,224
688531,日联科技,2026-03-31,24.4482,-5.3677,9
688531,日联科技,2026-06-30,40.4813,16.0331,504
688533,上声电子,2025-12-31,75.0053,0.5913,109
688533,上声电子,2026-03-31,72.5768,-2.4285,2
688533,上声电子,2026-06-30,74.5283,1.9515,83
688535,华海诚科,2025-12-31,12.3383,1.1682,104
688535,华海诚科,2026-03-31,9.7519,-2.5864,5
688535,华海诚科,2026-06-30,17.4967,7.7448,176
688536,思瑞浦,2025-12-31,50.6745,7.1233,423
688536,思瑞浦,2026-03-31,39.3362,-11.3383,60
688536,思瑞浦,2026-06-30,51.1835,11.8473,646
688538,和辉光电,2025-12-31,45.1417,0.5763,211
688538,和辉光电,2026-03-31,38.8416,-6.3001,4
688538,和辉光电,2026-06-30,37.6277,-1.2139,205
688539,高华科技,2025-12-31,9.8745,-2.1008,79
688539,高华科技,2026-03-31,5.2313,-4.6432,5
688539,高华科技,2026-06-30,4.1834,-1.0479,98
688543,国科军工,2025-12-31,21.8997,11.7385,182
688543,国科军工,2026-03-31,13.5382,-8.3615,17
688543,国科军工,2026-06-30,55.8014,42.2632,201
688545,兴福电子,2025-12-31,13.1750,5.8678,98
688545,兴福电子,2026-03-31,45.9301,32.7551,6
688545,兴福电子,2026-06-30,44.7952,-1.1349,306
688548,广钢气体,2025-12-31,45.7411,19.9446,262
688548,广钢气体,2026-03-31,32.2571,-13.4840,78
688548,广钢气体,2026-06-30,43.8035,11.5464,522
688549,中巨芯,2025-12-31,34.9503,5.5011,169
688549,中巨芯,2026-03-31,29.6205,-5.3298,9
688549,中巨芯,2026-06-30,31.2396,1.6191,283
688550,瑞联新材,2025-12-31,43.7564,1.7846,179
688550,瑞联新材,2026-03-31,40.6572,-3.0992,5
688550,瑞联新材,2026-06-30,44.3860,3.7288,120
688551,科威尔,2025-12-31,10.4336,4.7980,138
688551,科威尔,2026-03-31,3.3477,-7.0859,1
688551,科威尔,2026-06-30,8.5868,5.2391,123
688552,航天南湖,2025-12-31,32.7591,-0.9672,157
688552,航天南湖,2026-03-31,31.6603,-1.0988,14
688552,航天南湖,2026-06-30,76.4166,44.7563,156
688553,汇宇制药,2025-12-31,22.7670,7.4354,198
688553,汇宇制药,2026-03-31,12.4382,-10.3288,7
688553,汇宇制药,2026-06-30,15.1387,2.7005,165
688556,高测股份,2025-12-31,14.5612,5.7876,175
688556,高测股份,2026-03-31,9.5120,-5.0492,11
688556,高测股份,2026-06-30,9.4307,-0.0813,198
688557,兰剑智能,2025-12-31,14.3559,2.5959,170
688557,兰剑智能,2026-03-31,11.5103,-2.8456,4
688557,兰剑智能,2026-06-30,11.7988,0.2885,83
688558,国盛智科,2025-12-31,6.0869,-0.3235,70
688558,国盛智科,2026-03-31,4.6365,-1.4504,0
688558,国盛智科,2026-06-30,6.3814,1.7449,95
688559,海目星,2025-12-31,37.6510,2.8440,199
688559,海目星,2026-03-31,31.0094,-6.6416,14
688559,海目星,2026-06-30,38.7364,7.7270,345
688560,明冠新材,2025-12-31,16.4419,0.5632,51
688560,明冠新材,2026-03-31,16.0198,-0.4221,2
688560,明冠新材,2026-06-30,16.2260,0.2062,75
688561,奇安信,2025-12-31,47.8301,4.7751,306
688561,奇安信,2026-03-31,41.8098,-6.0203,1
688561,奇安信,2026-06-30,44.6321,2.8223,259
688562,航天软件,2025-12-31,14.9090,-14.0461,56
688562,航天软件,2026-03-31,11.3593,-3.5497,2
688562,航天软件,2026-06-30,59.6315,48.2722,91
688563,航材股份,2025-12-31,31.8143,2.7831,204
688563,航材股份,2026-03-31,26.6412,-5.1731,11
688563,航材股份,2026-06-30,28.0012,1.3600,237
688565,力源科技,2025-12-31,5.9588,1.8325,89
688565,力源科技,2026-03-31,4.1508,-1.8080,0
688565,力源科技,2026-06-30,11.3562,7.2054,99
688566,吉贝尔,2025-12-31,58.7685,4.8139,100
688566,吉贝尔,2026-03-31,52.8212,-5.9473,0
688566,吉贝尔,2026-06-30,52.9612,0.1400,67
688567,孚能科技,2025-12-31,57.3002,3.9644,199
688567,孚能科技,2026-03-31,51.1139,-6.1863,1
688567,孚能科技,2026-06-30,53.8554,2.7415,175
688568,中科星图,2025-12-31,72.4309,8.2606,353
688568,中科星图,2026-03-31,70.8563,-1.5746,59
688568,中科星图,2026-06-30,72.3095,1.4532,423
688569,铁科轨道,2025-12-31,77.9950,0.2719,58
688569,铁科轨道,2026-03-31,76.1037,-1.8913,4
688569,铁科轨道,2026-06-30,74.4579,-1.6458,67
688570,天玛智控,2025-12-31,56.9600,1.0682,63
688570,天玛智控,2026-03-31,55.8918,-1.0682,0
688570,天玛智控,2026-06-30,56.3801,0.4883,54
688571,杭华股份,2025-12-31,66.2764,0.0234,73
688571,杭华股份,2026-03-31,65.1699,-1.1065,2
688571,杭华股份,2026-06-30,63.7800,-1.3899,65
688573,信宇人,2025-12-31,10.2178,7.5824,74
688573,信宇人,2026-03-31,5.7329,-4.4849,3
688573,信宇人,2026-06-30,5.0177,-0.7152,68
688575,亚辉龙,2025-12-31,25.2416,5.6101,123
688575,亚辉龙,2026-03-31,19.6592,-5.5824,0
688575,亚辉龙,2026-06-30,24.4262,4.7670,122
688576,西山科技,2025-12-31,26.7901,-0.4365,60
688576,西山科技,2026-03-31,29.4149,2.6248,4
688576,西山科技,2026-06-30,27.3227,-2.0922,54
688577,浙海德曼,2025-12-31,14.8221,2.1630,182
688577,浙海德曼,2026-03-31,12.1270,-2.6951,10
688577,浙海德曼,2026-06-30,12.2141,0.0871,132
688578,艾力斯,2025-12-31,57.2816,7.4676,545
688578,艾力斯,2026-03-31,48.0319,-9.2497,40
688578,艾力斯,2026-06-30,55.8933,7.8614,610
688579,地纬智能,2025-12-31,35.1402,2.6922,138
688579,地纬智能,2026-03-31,31.4548,-3.6854,2
688579,地纬智能,2026-06-30,34.1344,2.6796,83
688580,伟思医疗,2025-12-31,9.0021,-0.4023,77
688580,伟思医疗,2026-03-31,6.5291,-2.4730,5
688580,伟思医疗,2026-06-30,7.9683,1.4392,127
688581,安杰思,2025-12-31,45.4014,2.7664,116
688581,安杰思,2026-03-31,39.9257,-5.4757,2
688581,安杰思,2026-06-30,44.1736,4.2479,99
688582,芯动联科,2025-12-31,41.3962,0.8525,281
688582,芯动联科,2026-03-31,36.3999,-4.9963,3
688582,芯动联科,2026-06-30,58.1558,21.7559,261
688583,思看科技,2025-12-31,15.3384,6.7287,171
688583,思看科技,2026-03-31,21.1140,5.7756,4
688583,思看科技,2026-06-30,26.6907,5.5767,183
688584,上海合晶,2025-12-31,72.3329,3.5463,213
688584,上海合晶,2026-03-31,65.7292,-6.6037,4
688584,上海合晶,2026-06-30,65.1092,-0.6200,158
688585,上纬新材,2025-12-31,84.3101,0.2758,74
688585,上纬新材,2026-03-31,83.9758,-0.3343,3
688585,上纬新材,2026-06-30,85.3253,1.3495,104
688586,江航装备,2025-12-31,67.4447,0.8719,107
688586,江航装备,2026-03-31,66.2781,-1.1666,0
688586,江航装备,2026-06-30,67.4331,1.1550,152
688588,凌志软件,2025-12-31,12.1030,-0.2813,121
688588,凌志软件,2026-03-31,10.6426,-1.4604,1
688588,凌志软件,2026-06-30,11.5724,0.9298,107
688589,力合微,2025-12-31,18.6165,1.2755,80
688589,力合微,2026-03-31,15.3492,-3.2673,0
688589,力合微,2026-06-30,15.2863,-0.0629,73
688590,新致软件,2025-12-31,52.3908,3.4617,177
688590,新致软件,2026-03-31,38.9193,-13.4715,6
688590,新致软件,2026-06-30,40.5386,1.6193,109
688591,泰凌微,2025-12-31,27.6919,0.8451,258
688591,泰凌微,2026-03-31,19.7465,-7.9454,9
688591,泰凌微,2026-06-30,20.7864,1.0399,144
688592,司南导航,2025-12-31,2.6868,-1.1008,36
688592,司南导航,2026-03-31,5.5616,2.8748,3
688592,司南导航,2026-06-30,7.4550,1.8934,48
688593,新相微,2025-12-31,48.7454,3.7361,136
688593,新相微,2026-03-31,45.8529,-2.8925,16
688593,新相微,2026-06-30,60.0734,14.2205,251
688595,芯海科技,2025-12-31,23.2262,2.5460,142
688595,芯海科技,2026-03-31,20.7624,-2.4638,1
688595,芯海科技,2026-06-30,21.1764,0.4140,79
688596,正帆科技,2025-12-31,26.1664,-0.3664,126
688596,正帆科技,2026-03-31,24.4042,-1.7622,2
688596,正帆科技,2026-06-30,32.8693,8.4651,302
688597,煜邦电力,2025-12-31,40.8086,-0.2398,97
688597,煜邦电力,2026-03-31,39.1273,-1.6813,2
688597,煜邦电力,2026-06-30,41.9573,2.8300,68
688598,金博股份,2025-12-31,15.4155,3.5505,130
688598,金博股份,2026-03-31,8.3964,-7.0191,3
688598,金博股份,2026-06-30,13.0585,4.6621,158
688599,天合光能,2025-12-31,51.7025,6.3184,534
688599,天合光能,2026-03-31,40.7530,-10.9495,22
688599,天合光能,2026-06-30,44.2845,3.5315,552
688600,皖仪科技,2025-12-31,9.6671,1.2956,122
688600,皖仪科技,2026-03-31,7.4764,-2.1907,7
688600,皖仪科技,2026-06-30,8.8447,1.3683,121
688601,力芯微,2025-12-31,52.1707,-1.9670,95
688601,力芯微,2026-03-31,46.1069,-6.0638,0
688601,力芯微,2026-06-30,47.4846,1.3777,114
688602,康鹏科技,2025-12-31,28.6099,-0.7493,96
688602,康鹏科技,2026-03-31,19.3039,-9.3060,0
688602,康鹏科技,2026-06-30,19.6501,0.3462,43
688603,天承科技,2025-12-31,28.0087,4.8226,87
688603,天承科技,2026-03-31,16.0733,-11.9354,7
688603,天承科技,2026-06-30,28.7004,12.6271,262
688605,先锋精科,2025-12-31,50.5678,43.8488,108
688605,先锋精科,2026-03-31,39.3398,-11.2280,2
688605,先锋精科,2026-06-30,44.3657,5.0259,216
688606,奥泰生物,2025-12-31,56.1211,5.8098,115
688606,奥泰生物,2026-03-31,53.5186,-2.6025,10
688606,奥泰生物,2026-06-30,49.7465,-3.7721,69
688607,康众科技,2025-12-31,19.9942,-7.9244,44
688607,康众科技,2026-03-31,21.2929,1.2987,8
688607,康众科技,2026-06-30,20.5113,-0.7816,89
688608,恒玄科技,2025-12-31,37.5878,6.9930,587
688608,恒玄科技,2026-03-31,23.5288,-14.0590,44
688608,恒玄科技,2026-06-30,37.2583,13.7295,458
688609,九联科技,2025-12-31,7.3938,2.9878,156
688609,九联科技,2026-03-31,4.4035,-2.9903,1
688609,九联科技,2026-06-30,8.8770,4.4735,242
688610,埃科光电,2025-12-31,18.7361,9.9780,131
688610,埃科光电,2026-03-31,8.3696,-10.3665,7
688610,埃科光电,2026-06-30,29.7135,21.3439,180
688611,杭州柯林,2025-12-31,9.4134,0.2250,51
688611,杭州柯林,2026-03-31,13.5162,4.1028,4
688611,杭州柯林,2026-06-30,13.9214,0.4052,92
688612,威迈斯,2025-12-31,27.9736,10.9565,339
688612,威迈斯,2026-03-31,15.4158,-12.5578,1
688612,威迈斯,2026-06-30,18.8675,3.4517,199
688613,奥精医疗,2025-12-31,21.4972,-0.8277,79
688613,奥精医疗,2026-03-31,17.1659,-4.3313,2
688613,奥精医疗,2026-06-30,21.0589,3.8930,111
688615,合合信息,2025-12-31,43.0898,10.9066,445
688615,合合信息,2026-03-31,26.5500,-16.5398,13
688615,合合信息,2026-06-30,31.3556,4.8056,432
688616,西力科技,2025-12-31,9.1621,0.9387,95
688616,西力科技,2026-03-31,6.2817,-2.8804,1
688616,西力科技,2026-06-30,10.9790,4.6973,141
688617,惠泰医疗,2025-12-31,57.4429,9.3367,499
688617,惠泰医疗,2026-03-31,46.2717,-11.1712,62
688617,惠泰医疗,2026-06-30,50.8044,4.5327,482
688618,三旺通信,2025-12-31,53.5516,3.6483,126
688618,三旺通信,2026-03-31,49.5991,-3.9525,2
688618,三旺通信,2026-06-30,49.2366,-0.3625,77
688619,罗普特,2025-12-31,18.0426,0.8227,51
688619,罗普特,2026-03-31,17.1666,-0.8760,0
688619,罗普特,2026-06-30,17.9453,0.7787,67
688620,安凯微,2025-12-31,13.5402,0.0155,82
688620,安凯微,2026-03-31,13.0271,-0.5131,2
688620,安凯微,2026-06-30,44.7858,31.7587,188
688621,阳光诺和,2025-12-31,17.2674,5.6409,156
688621,阳光诺和,2026-03-31,9.7758,-7.4916,9
688621,阳光诺和,2026-06-30,13.0491,3.2733,117
688622,*ST禾信,2025-12-31,24.7791,-1.1316,67
688622,*ST禾信,2026-03-31,22.6216,-2.1575,0
688622,*ST禾信,2026-06-30,22.4590,-0.1626,2
688623,双元科技,2025-12-31,14.9212,1.7584,56
688623,双元科技,2026-03-31,20.3562,5.4350,1
688623,双元科技,2026-06-30,56.0807,35.7245,37
688625,呈和科技,2025-12-31,18.7655,-0.0339,90
688625,呈和科技,2026-03-31,18.4398,-0.3257,11
688625,呈和科技,2026-06-30,20.6609,2.2211,202
688626,翔宇医疗,2025-12-31,70.7073,1.7616,103
688626,翔宇医疗,2026-03-31,64.5036,-6.2037,11
688626,翔宇医疗,2026-06-30,66.0056,1.5020,137
688627,精智达,2025-12-31,53.2141,14.6465,306
688627,精智达,2026-03-31,33.2825,-19.9316,62
688627,精智达,2026-06-30,44.0362,10.7537,667
688628,优利德,2025-12-31,59.7079,0.0478,85
688628,优利德,2026-03-31,54.5295,-5.1784,1
688628,优利德,2026-06-30,59.6044,5.0749,222
688629,华丰科技,2025-12-31,37.6789,7.5115,474
688629,华丰科技,2026-03-31,20.7821,-16.8968,43
688629,华丰科技,2026-06-30,66.5227,45.7406,518
688630,芯碁微装,2025-12-31,22.6963,7.3754,334
688630,芯碁微装,2026-03-31,22.0010,-0.6953,90
688630,芯碁微装,2026-06-30,35.8304,13.8294,949
688631,莱斯信息,2025-12-31,43.3808,4.5226,157
688631,莱斯信息,2026-03-31,32.2292,-11.1516,4
688631,莱斯信息,2026-06-30,72.3493,40.1201,112
688633,星球石墨,2025-12-31,4.9615,-1.4519,61
688633,星球石墨,2026-03-31,2.1267,-2.8348,7
688633,星球石墨,2026-06-30,2.4073,0.2806,117
688635,长进光子,2026-06-30,2.8048,,2499
688636,智明达,2025-12-31,13.9495,1.9621,270
688636,智明达,2026-03-31,8.8734,-5.0761,10
688636,智明达,2026-06-30,12.4855,3.6121,163
688638,誉辰智能,2025-12-31,17.9922,5.3050,67
688638,誉辰智能,2026-03-31,14.7386,-3.2536,3
688638,誉辰智能,2026-06-30,21.5407,6.8021,100
688639,华恒生物,2025-12-31,25.3647,6.5070,231
688639,华恒生物,2026-03-31,19.1344,-6.2303,4
688639,华恒生物,2026-06-30,24.0996,4.9652,167
688646,逸飞激光,2025-12-31,21.1600,-0.9194,7
688646,逸飞激光,2026-03-31,18.6712,-2.4888,2
688646,逸飞激光,2026-06-30,13.7795,-4.8917,5
688648,中邮科技,2025-12-31,26.4475,-1.6976,69
688648,中邮科技,2026-03-31,18.1331,-8.3144,3
688648,中邮科技,2026-06-30,20.1354,2.0023,102
688651,盛邦安全,2025-12-31,17.5735,5.6452,87
688651,盛邦安全,2026-03-31,17.3462,-0.2273,4
688651,盛邦安全,2026-06-30,16.1418,-1.2044,96
688652,京仪装备,2025-12-31,50.7619,9.9123,324
688652,京仪装备,2026-03-31,40.5107,-10.2512,32
688652,京仪装备,2026-06-30,57.4906,16.9799,461
688653,康希通信,2025-12-31,19.4417,1.0900,113
688653,康希通信,2026-03-31,19.5015,0.0598,0
688653,康希通信,2026-06-30,22.8411,3.3396,248
688655,迅捷兴,2025-12-31,6.6984,0.8826,100
688655,迅捷兴,2026-03-31,3.3622,-3.3362,0
688655,迅捷兴,2026-06-30,8.0370,4.6748,68
688656,浩欧博,2025-12-31,73.3783,3.1212,112
688656,浩欧博,2026-03-31,68.7382,-4.6401,1
688656,浩欧博,2026-06-30,70.4368,1.6986,98
688657,浩辰软件,2025-12-31,30.3471,-0.0508,81
688657,浩辰软件,2026-03-31,25.4767,-4.8704,3
688657,浩辰软件,2026-06-30,23.7792,-1.6975,53
688658,悦康药业,2025-12-31,73.8190,17.1446,232
688658,悦康药业,2026-03-31,56.5180,-17.3010,10
688658,悦康药业,2026-06-30,58.1761,1.6581,201
688659,元琛科技,2025-12-31,16.1656,2.7877,97
688659,元琛科技,2026-03-31,11.9695,-4.1961,3
688659,元琛科技,2026-06-30,16.0990,4.1295,124
688660,电气风电,2025-12-31,63.1685,-0.1531,121
688660,电气风电,2026-03-31,60.6843,-2.4842,3
688660,电气风电,2026-06-30,62.3287,1.6444,183
688661,和林微纳,2025-12-31,14.5802,6.0967,214
688661,和林微纳,2026-03-31,13.6238,-0.9564,16
688661,和林微纳,2026-06-30,23.9995,10.3757,215
688662,富信科技,2025-12-31,11.9759,-2.9729,46
688662,富信科技,2026-03-31,8.7950,-3.1809,0
688662,富信科技,2026-06-30,5.9273,-2.8677,73
688663,新风光,2025-12-31,50.9189,3.3257,89
688663,新风光,2026-03-31,49.5558,-1.3631,5
688663,新风光,2026-06-30,50.6087,1.0529,137
688665,四方光电,2025-12-31,72.9503,1.4340,91
688665,四方光电,2026-03-31,71.0532,-1.8971,0
688665,四方光电,2026-06-30,73.5123,2.4591,53
688667,菱电电控,2025-12-31,6.2230,-0.0226,77
688667,菱电电控,2026-03-31,5.1352,-1.0878,0
688667,菱电电控,2026-06-30,7.5094,2.3742,101
688668,鼎通科技,2025-12-31,52.3316,8.8720,368
688668,鼎通科技,2026-03-31,45.5972,-6.7344,40
688668,鼎通科技,2026-06-30,58.9396,13.3424,715
688669,聚石化学,2025-12-31,43.5174,1.6765,61
688669,聚石化学,2026-03-31,41.5188,-1.9986,0
688669,聚石化学,2026-06-30,45.1693,3.6505,36
688670,金迪克,2025-12-31,3.8666,1.1666,43
688670,金迪克,2026-03-31,3.1236,-0.7430,0
688670,金迪克,2026-06-30,4.3764,1.2528,78
688671,碧兴物联,2025-12-31,29.6865,-2.3512,52
688671,碧兴物联,2026-03-31,29.9570,0.2705,0
688671,碧兴物联,2026-06-30,29.9412,-0.0158,52
688676,金盘科技,2025-12-31,68.5882,10.0107,523
688676,金盘科技,2026-03-31,56.4943,-12.0939,26
688676,金盘科技,2026-06-30,63.6576,7.1633,551
688677,海泰新光,2025-12-31,50.9218,7.7354,300
688677,海泰新光,2026-03-31,42.8299,-8.0919,27
688677,海泰新光,2026-06-30,38.9524,-3.8775,304
688678,福立旺,2025-12-31,48.7553,2.7676,260
688678,福立旺,2026-03-31,37.5352,-11.2201,6
688678,福立旺,2026-06-30,42.7880,5.2528,271
688679,通源环境,2025-12-31,12.4948,-2.9585,37
688679,通源环境,2026-03-31,9.6892,-2.8056,0
688679,通源环境,2026-06-30,9.5606,-0.1286,110
688680,海优新材,2025-12-31,12.4508,2.5947,91
688680,海优新材,2026-03-31,12.5117,0.0609,7
688680,海优新材,2026-06-30,16.8078,4.2961,109
688681,科汇股份,2025-12-31,43.1970,7.0983,150
688681,科汇股份,2026-03-31,35.6964,-7.5006,4
688681,科汇股份,2026-06-30,42.6259,6.9295,152
688682,霍莱沃,2025-12-31,12.9252,1.6029,63
688682,霍莱沃,2026-03-31,11.8663,-1.0589,5
688682,霍莱沃,2026-06-30,12.2725,0.4062,87
688683,莱尔科技,2025-12-31,54.7476,0.1739,52
688683,莱尔科技,2026-03-31,52.6165,-2.1311,1
688683,莱尔科技,2026-06-30,51.5284,-1.0881,112
688685,迈信林,2025-12-31,7.4791,1.2494,110
688685,迈信林,2026-03-31,6.1693,-1.3098,0
688685,迈信林,2026-06-30,7.9878,1.8185,96
688686,奥普特,2025-12-31,16.3152,3.7732,239
688686,奥普特,2026-03-31,11.6316,-4.6836,4
688686,奥普特,2026-06-30,15.9755,4.3439,230
688687,凯因科技,2025-12-31,28.4931,-0.0671,104
688687,凯因科技,2026-03-31,27.6963,-0.7968,1
688687,凯因科技,2026-06-30,25.7093,-1.9870,63
688689,银河微电,2025-12-31,68.3726,2.4465,116
688689,银河微电,2026-03-31,65.4047,-2.9679,1
688689,银河微电,2026-06-30,66.1322,0.7275,121
688690,纳微科技,2025-12-31,36.2103,3.2198,222
688690,纳微科技,2026-03-31,29.6509,-6.5594,2
688690,纳微科技,2026-06-30,33.1662,3.5153,263
688691,灿芯股份,2025-12-31,37.7810,9.2700,206
688691,灿芯股份,2026-03-31,12.4758,-25.3052,8
688691,灿芯股份,2026-06-30,9.5584,-2.9174,182
688692,达梦数据,2025-12-31,63.0555,7.2760,317
688692,达梦数据,2026-03-31,50.4648,-12.5907,20
688692,达梦数据,2026-06-30,58.7677,8.3029,362
688693,锴威特,2025-12-31,26.7611,-4.4154,47
688693,锴威特,2026-03-31,24.4199,-2.3412,2
688693,锴威特,2026-06-30,26.3824,1.9625,69
688695,中创股份,2025-12-31,30.0307,-3.2417,77
688695,中创股份,2026-03-31,28.5345,-1.4962,0
688695,中创股份,2026-06-30,31.3801,2.8456,95
688696,极米科技,2025-12-31,29.4425,13.4833,193
688696,极米科技,2026-03-31,20.0791,-9.3634,23
688696,极米科技,2026-06-30,22.9984,2.9193,162
688697,纽威数控,2025-12-31,6.1352,1.0467,113
688697,纽威数控,2026-03-31,5.2516,-0.8836,7
688697,纽威数控,2026-06-30,6.3566,1.1050,159
688698,伟创电气,2025-12-31,79.2914,10.0365,287
688698,伟创电气,2026-03-31,67.6131,-11.6783,16
688698,伟创电气,2026-06-30,62.4278,-5.1853,195
688699,明微电子,2025-12-31,47.0296,2.2364,39
688699,明微电子,2026-03-31,44.6757,-2.3539,2
688699,明微电子,2026-06-30,41.4302,-3.2455,123
688700,东威科技,2025-12-31,11.2332,1.1663,284
688700,东威科技,2026-03-31,6.9517,-4.2815,17
688700,东威科技,2026-06-30,14.6977,7.7460,547
688701,卓锦股份,2025-12-31,20.5726,-0.6594,57
688701,卓锦股份,2026-03-31,21.0232,0.4506,2
688701,卓锦股份,2026-06-30,22.6857,1.6625,92
688702,盛科通信,2025-12-31,77.6711,7.3209,411
688702,盛科通信,2026-03-31,64.6424,-13.0287,80
688702,盛科通信,2026-06-30,71.6997,7.0573,836
688707,振华新材,2025-12-31,48.2993,1.0218,90
688707,振华新材,2026-03-31,47.1967,-1.1026,0
688707,振华新材,2026-06-30,41.8718,-5.3249,82
688708,佳驰科技,2025-12-31,64.8254,40.5967,214
688708,佳驰科技,2026-03-31,57.6566,-7.1688,11
688708,佳驰科技,2026-06-30,52.8032,-4.8534,206
688709,成都华微,2025-12-31,55.9759,3.5633,216
688709,成都华微,2026-03-31,42.6166,-13.3593,6
688709,成都华微,2026-06-30,47.4292,4.8126,248
688710,益诺思,2025-12-31,71.9743,7.4464,165
688710,益诺思,2026-03-31,66.0122,-5.9621,32
688710,益诺思,2026-06-30,72.9911,6.9789,298
688711,宏微科技,2025-12-31,11.4353,-0.9086,87
688711,宏微科技,2026-03-31,10.5752,-0.8601,4
688711,宏微科技,2026-06-30,11.3685,0.7933,102
688712,北芯生命,2026-03-31,1.0223,,36
688712,北芯生命,2026-06-30,5.7895,4.7672,2247
688716,中研股份,2025-12-31,4.2571,0.3297,60
688716,中研股份,2026-03-31,5.2051,0.9480,1
688716,中研股份,2026-06-30,4.8434,-0.3617,60
688717,艾罗能源,2025-12-31,46.9264,14.3336,189
688717,艾罗能源,2026-03-31,28.1719,-18.7545,68
688717,艾罗能源,2026-06-30,45.7610,17.5891,490
688718,唯赛勃,2025-12-31,67.7558,0.6993,79
688718,唯赛勃,2026-03-31,65.4386,-2.3172,1
688718,唯赛勃,2026-06-30,67.1716,1.7330,101
688719,爱科赛博,2025-12-31,26.9696,-0.5937,87
688719,爱科赛博,2026-03-31,24.1735,-2.7961,2
688719,爱科赛博,2026-06-30,28.0127,3.8392,154
688720,艾森股份,2025-12-31,20.8207,-1.6056,102
688720,艾森股份,2026-03-31,13.6307,-7.1900,4
688720,艾森股份,2026-06-30,20.6379,7.0072,164
688721,龙图光罩,2025-12-31,32.2231,24.5885,93
688721,龙图光罩,2026-03-31,30.1751,-2.0480,2
688721,龙图光罩,2026-06-30,25.6307,-4.5444,95
688722,同益中,2025-12-31,47.9325,-0.8405,63
688722,同益中,2026-03-31,47.8198,-0.1127,4
688722,同益中,2026-06-30,48.3230,0.5032,67
688726,拉普拉斯,2025-12-31,32.3690,31.4516,164
688726,拉普拉斯,2026-03-31,19.8670,-12.5020,15
688726,拉普拉斯,2026-06-30,21.5310,1.6640,189
688727,恒坤新材,2025-12-31,10.9928,,2086
688727,恒坤新材,2026-03-31,6.0349,-4.9579,26
688727,恒坤新材,2026-06-30,6.9604,0.9255,270
688728,格科微,2025-12-31,80.3790,3.9500,365
688728,格科微,2026-03-31,74.8050,-5.5740,6
688728,格科微,2026-06-30,76.3162,1.5112,370
688729,屹唐股份,2025-12-31,2.8418,1.8944,2009
688729,屹唐股份,2026-03-31,2.3507,-0.4911,6
688729,屹唐股份,2026-06-30,27.7669,25.4162,201
688733,壹石通,2025-12-31,11.1006,3.6004,80
688733,壹石通,2026-03-31,9.7481,-1.3525,3
688733,壹石通,2026-06-30,9.3317,-0.4164,117
688737,中自科技,2025-12-31,12.5593,0.7769,71
688737,中自科技,2026-03-31,10.3467,-2.2126,0
688737,中自科技,2026-06-30,14.4069,4.0602,106
688739,成大生物,2025-12-31,58.8079,1.9552,106
688739,成大生物,2026-03-31,55.7856,-3.0223,0
688739,成大生物,2026-06-30,56.6899,0.9043,59
688750,金天钛业,2025-12-31,41.9776,33.3792,86
688750,金天钛业,2026-03-31,39.0140,-2.9636,3
688750,金天钛业,2026-06-30,38.4865,-0.5275,89
688755,汉邦科技,2025-12-31,1.2788,1.2333,171
688755,汉邦科技,2026-03-31,0.1659,-1.1129,1
688755,汉邦科技,2026-06-30,47.7440,47.5781,96
688757,胜科纳米,2025-12-31,2.7023,0.6337,157
688757,胜科纳米,2026-03-31,59.9306,57.2283,0
688757,胜科纳米,2026-06-30,45.6442,-14.2864,172
688758,赛分科技,2025-12-31,9.2126,8.1930,81
688758,赛分科技,2026-03-31,46.9358,37.7232,6
688758,赛分科技,2026-06-30,46.0836,-0.8522,186
688759,必贝特,2025-12-31,16.9422,,1800
688759,必贝特,2026-03-31,13.8088,-3.1334,85
688759,必贝特,2026-06-30,13.7121,-0.0967,669
688765,禾元生物,2025-12-31,0.6057,,1363
688765,禾元生物,2026-03-31,3.3488,2.7431,146
688765,禾元生物,2026-06-30,3.8162,0.4674,490
688766,普冉股份,2025-12-31,29.1583,5.6845,221
688766,普冉股份,2026-03-31,28.4096,-0.7487,66
688766,普冉股份,2026-06-30,38.1838,9.7742,846
688767,博拓生物,2025-12-31,39.3402,0.6435,76
688767,博拓生物,2026-03-31,37.0624,-2.2778,4
688767,博拓生物,2026-06-30,38.1443,1.0819,82
688768,容知日新,2025-12-31,26.7093,2.2559,98
688768,容知日新,2026-03-31,15.0843,-11.6250,0
688768,容知日新,2026-06-30,16.8593,1.7750,70
688772,珠海冠宇,2025-12-31,64.9497,12.8443,668
688772,珠海冠宇,2026-03-31,47.1075,-17.8422,27
688772,珠海冠宇,2026-06-30,49.3614,2.2539,366
688775,影石创新,2025-12-31,12.9667,1.2304,427
688775,影石创新,2026-03-31,7.3441,-5.6226,10
688775,影石创新,2026-06-30,71.8998,64.5557,270
688776,国光电气,2025-12-31,66.6902,-0.7885,141
688776,国光电气,2026-03-31,65.3502,-1.3400,10
688776,国光电气,2026-06-30,64.2650,-1.0852,127
688777,中控技术,2025-12-31,31.3606,4.3122,394
688777,中控技术,2026-03-31,29.9951,-1.3655,89
688777,中控技术,2026-06-30,31.3690,1.3739,775
688778,厦钨新能,2025-12-31,80.5911,8.7874,609
688778,厦钨新能,2026-03-31,72.4645,-8.1266,59
688778,厦钨新能,2026-06-30,76.7140,4.2495,580
688779,五矿新能,2025-12-31,53.6804,2.4839,211
688779,五矿新能,2026-03-31,46.2727,-7.4077,12
688779,五矿新能,2026-06-30,48.4717,2.1990,298
688781,视涯科技,2026-03-31,5.3748,,184
688781,视涯科技,2026-06-30,5.4868,0.1120,2305
688783,西安奕材,2025-12-31,2.1296,,1665
688783,西安奕材,2026-03-31,4.3715,2.2419,194
688783,西安奕材,2026-06-30,14.3877,10.0162,875
688785,恒运昌,2026-03-31,21.1026,,39
688785,恒运昌,2026-06-30,45.7925,24.6899,2431
688786,悦安新材,2025-12-31,12.1555,1.7815,93
688786,悦安新材,2026-03-31,10.2261,-1.9294,1
688786,悦安新材,2026-06-30,11.5012,1.2751,120
688787,海天瑞声,2025-12-31,35.0942,6.7519,145
688787,海天瑞声,2026-03-31,28.8980,-6.1962,9
688787,海天瑞声,2026-06-30,28.3810,-0.5170,192
688788,科思科技,2025-12-31,4.5613,0.5208,67
688788,科思科技,2026-03-31,4.0390,-0.5223,3
688788,科思科技,2026-06-30,2.3957,-1.6433,64
688789,宏华数科,2025-12-31,62.6855,4.9450,217
688789,宏华数科,2026-03-31,55.0088,-7.6767,5
688789,宏华数科,2026-06-30,63.1909,8.1821,154
688790,昂瑞微,2025-12-31,1.4009,,1864
688790,昂瑞微,2026-03-31,5.0181,3.6172,116
688790,昂瑞微,2026-06-30,1.4169,-3.6012,1005
688793,倍轻松,2025-12-31,21.0869,0.3802,36
688793,倍轻松,2026-03-31,19.9717,-1.1152,1
688793,倍轻松,2026-06-30,19.8376,-0.1341,55
688795,摩尔线程,2025-12-31,4.4395,,1983
688795,摩尔线程,2026-03-31,8.3167,3.8772,316
688795,摩尔线程,2026-06-30,18.1385,9.8218,1428
688796,百奥赛图,2025-12-31,45.0793,,2321
688796,百奥赛图,2026-03-31,43.8425,-1.2368,99
688796,百奥赛图,2026-06-30,62.2435,18.4010,557
688797,臻宝科技,2026-06-30,8.8699,,2723
688798,艾为电子,2025-12-31,21.9612,7.2195,232
688798,艾为电子,2026-03-31,13.8418,-8.1194,10
688798,艾为电子,2026-06-30,15.6636,1.8218,162
688799,华纳药厂,2025-12-31,48.4918,5.2224,203
688799,华纳药厂,2026-03-31,45.2618,-3.2300,16
688799,华纳药厂,2026-06-30,48.5606,3.2988,165
688800,瑞可达,2025-12-31,15.5772,5.2904,216
688800,瑞可达,2026-03-31,9.4948,-6.0824,4
688800,瑞可达,2026-06-30,15.7329,6.2381,305
688802,沐曦股份,2025-12-31,1.8188,,2092
688802,沐曦股份,2026-03-31,10.6200,8.8012,249
688802,沐曦股份,2026-06-30,24.8457,14.2257,1684
688805,健信超导,2025-12-31,2.6025,,2140
688805,健信超导,2026-03-31,5.7283,3.1258,13
688805,健信超导,2026-06-30,10.3647,4.6364,539
688807,优迅股份,2025-12-31,2.0872,,2264
688807,优迅股份,2026-03-31,7.2361,5.1489,25
688807,优迅股份,2026-06-30,12.2399,5.0038,524
688808,联讯仪器,2026-06-30,40.5935,,2676
688809,强一股份,2025-12-31,17.7143,,2319
688809,强一股份,2026-03-31,23.4312,5.7169,109
688809,强一股份,2026-06-30,27.2116,3.7804,1249
688811,有研复材,2026-06-30,3.1996,,2385
688813,泰金新能,2026-03-31,0.2145,,50
688813,泰金新能,2026-06-30,21.5448,21.3303,2444
688816,易思维,2026-03-31,0.0112,,5
688816,易思维,2026-06-30,0.9108,0.8996,2187
688818,电科蓝天,2026-03-31,2.8271,,144
688818,电科蓝天,2026-06-30,13.4510,10.6239,2274
688819,天能股份,2025-12-31,90.2839,2.5802,364
688819,天能股份,2026-03-31,87.7870,-2.4969,8
688819,天能股份,2026-06-30,89.8498,2.0628,259
688820,盛合晶微,2026-06-30,8.3119,,2622
688981,中芯国际,2025-12-31,38.6183,5.8088,1363
688981,中芯国际,2026-03-31,28.2194,-10.3989,355
688981,中芯国际,2026-06-30,34.4970,6.2776,1865
689009,九号公司,2025-12-31,0.0000,0.0000,598
689009,九号公司,2026-03-31,0.0000,0.0000,79
689009,九号公司,2026-06-30,0.0000,0.0000,364
900901,云赛B股,2025-12-31,6.4799,1.4094,0
900901,云赛B股,2026-03-31,3.6667,-2.8132,0
900901,云赛B股,2026-06-30,7.8093,4.1426,0
900902,市北B股,2025-12-31,4.1799,0.0000,0
900902,市北B股,2026-03-31,4.1773,-0.0026,0
900902,市北B股,2026-06-30,4.1773,0.0000,0
900903,大众B股,2025-12-31,20.4605,-0.5599,0
900903,大众B股,2026-03-31,19.8769,-0.5836,0
900903,大众B股,2026-06-30,19.8769,0.0000,0
900905,老凤祥B,2025-12-31,15.2287,2.0312,0
900905,老凤祥B,2026-03-31,14.8344,-0.3943,0
900905,老凤祥B,2026-06-30,13.5236,-1.3108,0
900906,中毅达B,2025-12-31,2.9776,0.0000,0
900906,中毅达B,2026-03-31,2.3815,-0.5961,0
900906,中毅达B,2026-06-30,2.3815,0.0000,0
900908,氯碱B股,2025-12-31,7.9365,1.0416,0
900908,氯碱B股,2026-03-31,10.0206,2.0841,0
900908,氯碱B股,2026-06-30,10.6366,0.6160,0
900910,海立B股,2025-12-31,18.0480,-2.0907,0
900910,海立B股,2026-03-31,18.0315,-0.0165,0
900910,海立B股,2026-06-30,18.9073,0.8758,0
900911,金桥B股,2025-12-31,7.9596,2.5035,0
900911,金桥B股,2026-03-31,5.9759,-1.9837,0
900911,金桥B股,2026-06-30,4.6600,-1.3159,0
900912,外高B股,2025-12-31,6.9774,0.0000,0
900912,外高B股,2026-03-31,6.9774,0.0000,0
900912,外高B股,2026-06-30,6.9774,0.0000,0
900914,锦在线B,2025-12-31,1.9458,-0.8994,0
900914,锦在线B,2026-03-31,1.9458,0.0000,0
900914,锦在线B,2026-06-30,1.9458,0.0000,0
900915,ST中路B,2025-12-31,1.7334,-0.0524,0
900915,ST中路B,2026-06-30,6.1184,,0
900916,凤凰B股,2025-12-31,5.8042,0.0549,0
900916,凤凰B股,2026-03-31,5.8013,-0.0029,0
900916,凤凰B股,2026-06-30,5.7178,-0.0835,0
900917,海欣B股,2025-12-31,15.8101,-0.0007,0
900917,海欣B股,2026-03-31,15.8101,0.0000,0
900917,海欣B股,2026-06-30,15.8037,-0.0064,0
900918,耀皮B股,2025-12-31,17.4984,0.0000,0
900918,耀皮B股,2026-03-31,17.4984,0.0000,0
900918,耀皮B股,2026-06-30,17.4984,0.0000,0
900920,动力B股,2025-12-31,2.7115,1.3487,0
900920,动力B股,2026-03-31,3.5871,0.8756,0
900920,动力B股,2026-06-30,5.1425,1.5554,0
900922,三毛B股,2025-12-31,20.4724,0.0000,0
900922,三毛B股,2026-03-31,20.4724,0.0000,0
900922,三毛B股,2026-06-30,20.4724,0.0000,0
900923,百联B股,2025-12-31,3.1361,0.0000,0
900923,百联B股,2026-03-31,3.1361,0.0000,0
900923,百联B股,2026-06-30,3.1361,0.0000,0
900924,上工B股,2025-12-31,12.1533,2.5921,0
900924,上工B股,2026-03-31,13.4574,1.3041,0
900924,上工B股,2026-06-30,12.8613,-0.5961,0
900925,机电B股,2025-12-31,10.4446,-0.1369,0
900925,机电B股,2026-03-31,7.9550,-2.4896,0
900925,机电B股,2026-06-30,8.5675,0.6125,0
900926,宝信B,2025-12-31,5.1985,0.5776,0
900926,宝信B,2026-03-31,3.9836,-1.2149,0
900926,宝信B,2026-06-30,6.7348,2.7512,0
900932,陆家B股,2025-12-31,12.6274,0.0185,0
900932,陆家B股,2026-03-31,13.9582,1.3308,0
900932,陆家B股,2026-06-30,15.3017,1.3435,0
900934,锦江B股,2025-12-31,11.3654,1.5769,0
900934,锦江B股,2026-03-31,14.1923,2.8269,0
900934,锦江B股,2026-06-30,17.3141,3.1218,0
900936,鄂资B股,2025-12-31,63.0700,1.0697,0
900936,鄂资B股,2026-03-31,63.0700,0.0000,0
900936,鄂资B股,2026-06-30,63.0700,0.0000,0
900938,海科B,2025-12-31,10.1519,0.0000,0
900938,海科B,2026-03-31,10.3441,0.1922,0
900938,海科B,2026-06-30,10.6096,0.2655,0
900939,汇丽B,2025-12-31,0.6258,0.0000,0
900939,汇丽B,2026-06-30,0.6258,,0
900940,大名城B,2025-12-31,21.7077,0.0000,0
900940,大名城B,2026-03-31,21.7077,0.0000,0
900940,大名城B,2026-06-30,21.7077,0.0000,0
900941,东信B股,2025-12-31,2.2311,-0.4697,0
900941,东信B股,2026-03-31,2.2311,0.0000,0
900941,东信B股,2026-06-30,2.0640,-0.1671,0
900942,黄山B股,2025-12-31,5.9576,-0.9911,0
900942,黄山B股,2026-03-31,3.0562,-2.9014,0
900942,黄山B股,2026-06-30,5.5220,2.4658,0
900943,开开B股,2025-12-31,2.3880,-0.1043,0
900943,开开B股,2026-03-31,2.3880,0.0000,0
900943,开开B股,2026-06-30,2.3880,0.0000,0
900947,振华B股,2025-12-31,48.6525,-0.5154,0
900947,振华B股,2026-03-31,49.1735,0.5210,0
900947,振华B股,2026-06-30,49.1735,0.0000,0
900948,伊泰B股,2025-12-31,39.9669,0.7490,0
900948,伊泰B股,2026-03-31,40.3844,0.4175,0
900948,伊泰B股,2026-06-30,40.3589,-0.0255,0
920000,安徽凤凰,2025-12-31,14.9314,-0.3887,2
920000,安徽凤凰,2026-03-31,27.2172,12.2858,1
920000,安徽凤凰,2026-06-30,28.2116,0.9944,5
920001,纬达光电,2025-12-31,58.2430,4.1139,32
920001,纬达光电,2026-03-31,51.8388,-6.4042,1
920001,纬达光电,2026-06-30,51.0940,-0.7448,7
920002,万达轴承,2025-12-31,41.4432,7.1901,33
920002,万达轴承,2026-03-31,33.7618,-7.6814,1
920002,万达轴承,2026-06-30,40.1363,6.3745,45
920003,中诚咨询,2025-12-31,2.3053,,5
920003,中诚咨询,2026-03-31,5.3945,3.0892,0
920003,中诚咨询,2026-06-30,4.4614,-0.9331,2
920005,鼎佳精密,2025-12-31,0.1033,0.1033,3
920005,鼎佳精密,2026-06-30,2.1332,,3
920006,晟楠科技,2025-12-31,4.5659,0.6614,6
920006,晟楠科技,2026-03-31,4.0488,-0.5171,0
920006,晟楠科技,2026-06-30,2.5217,-1.5271,5
920007,酉立智能,2025-12-31,1.7981,,5
920007,酉立智能,2026-03-31,1.6006,-0.1975,0
920007,酉立智能,2026-06-30,4.2720,2.6714,1
920008,成电光信,2025-12-31,2.7906,1.2366,5
920008,成电光信,2026-03-31,1.8302,-0.9604,0
920008,成电光信,2026-06-30,3.3880,1.5578,2
920009,丹娜生物,2025-12-31,0.4388,,12
920009,丹娜生物,2026-06-30,0.1598,,4
920010,凯添燃气,2025-12-31,26.7847,0.0028,3
920010,凯添燃气,2026-03-31,26.9347,0.1500,0
920010,凯添燃气,2026-06-30,26.0386,-0.8961,4
920011,晨光电机,2026-03-31,0.0000,,26
920011,晨光电机,2026-06-30,0.7235,0.7235,2
920012,创达新材,2026-03-31,52.7622,,0
920012,创达新材,2026-06-30,23.7678,-28.9944,3
920014,特瑞斯,2025-12-31,12.3602,-3.0518,3
920014,特瑞斯,2026-03-31,12.8370,0.4768,0
920014,特瑞斯,2026-06-30,14.5804,1.7434,7
920015,锦华新材,2025-12-31,18.2633,,19
920015,锦华新材,2026-03-31,10.2669,-7.9964,5
920015,锦华新材,2026-06-30,18.4343,8.1674,65
920016,中草香料,2025-12-31,8.2371,-0.8797,6
920016,中草香料,2026-03-31,6.6273,-1.6098,0
920016,中草香料,2026-06-30,7.0551,0.4278,1
920017,星昊医药,2025-12-31,46.4226,0.6787,9
920017,星昊医药,2026-03-31,45.7426,-0.6800,3
920017,星昊医药,2026-06-30,45.5822,-0.1604,2
920018,宏远股份,2025-12-31,9.2278,8.7111,3
920018,宏远股份,2026-03-31,19.5538,10.3260,6
920018,宏远股份,2026-06-30,16.5617,-2.9921,9
920019,铜冠矿建,2025-12-31,71.5555,55.7437,30
920019,铜冠矿建,2026-03-31,68.4865,-3.0690,0
920019,铜冠矿建,2026-06-30,71.6467,3.1602,38
920020,泰凯英,2025-12-31,3.7899,,6
920020,泰凯英,2026-03-31,28.8893,25.0994,1
920020,泰凯英,2026-06-30,29.0788,0.1895,7
920021,流金科技,2025-12-31,14.1526,1.5989,2
920021,流金科技,2026-03-31,13.5447,-0.6079,1
920021,流金科技,2026-06-30,12.7586,-0.7861,7
920022,世昌股份,2025-12-31,0.3943,0.3943,5
920022,世昌股份,2026-03-31,0.0000,-0.3943,0
920022,世昌股份,2026-06-30,0.5702,0.5702,6
920023,*ST田野,2025-12-31,15.0666,0.0175,1
920023,*ST田野,2026-03-31,15.4531,0.3865,0
920023,*ST田野,2026-06-30,14.3111,-1.1420,0
920026,卓兆点胶,2025-12-31,33.0317,1.1229,4
920026,卓兆点胶,2026-03-31,32.9948,-0.0369,2
920026,卓兆点胶,2026-06-30,18.8129,-14.1819,5
920027,交大铁发,2025-12-31,23.0058,-12.3278,1
920027,交大铁发,2026-03-31,15.1918,-7.8140,0
920027,交大铁发,2026-06-30,34.1776,18.9858,2
920028,新恒泰,2026-03-31,5.5442,,0
920028,新恒泰,2026-06-30,29.2961,23.7519,10
920029,开发科技,2025-12-31,19.1292,10.9512,47
920029,开发科技,2026-03-31,13.8954,-5.2338,9
920029,开发科技,2026-06-30,76.6637,62.7683,52
920030,德众汽车,2025-12-31,4.0718,2.9143,1
920030,德众汽车,2026-03-31,7.4953,3.4235,0
920030,德众汽车,2026-06-30,8.0446,0.5493,1
920033,康普化学,2025-12-31,29.2144,0.3222,4
920033,康普化学,2026-03-31,28.7523,-0.4621,0
920033,康普化学,2026-06-30,27.2028,-1.5495,6
920035,精创电气,2025-12-31,0.3452,,2
920035,精创电气,2026-03-31,1.1277,0.7825,0
920035,精创电气,2026-06-30,8.0491,6.9214,2
920036,觅睿科技,2025-12-31,100.0000,,0
920036,觅睿科技,2026-03-31,5.5453,-94.4547,0
920036,觅睿科技,2026-06-30,3.9537,-1.5916,3
920037,广信科技,2025-12-31,30.7500,8.2957,66
920037,广信科技,2026-03-31,7.3887,-23.3613,8
920037,广信科技,2026-06-30,15.9352,8.5465,57
920038,森合高科,2026-06-30,55.8954,,0
920039,国义招标,2025-12-31,70.2590,-1.2574,2
920039,国义招标,2026-03-31,71.0435,0.7845,0
920039,国义招标,2026-06-30,70.5694,-0.4741,0
920045,蘅东光,2025-12-31,42.7462,,39
920045,蘅东光,2026-03-31,47.7237,4.9775,8
920045,蘅东光,2026-06-30,59.0460,11.3223,216
920046,亿能电力,2025-12-31,5.2071,-7.0187,1
920046,亿能电力,2026-03-31,5.8164,0.6093,0
920046,亿能电力,2026-06-30,4.4388,-1.3776,1
920047,诺思兰德,2025-12-31,18.8888,3.6550,52
920047,诺思兰德,2026-03-31,17.2886,-1.6002,40
920047,诺思兰德,2026-06-30,18.4757,1.1871,59
920050,爱伦医疗,2025-12-31,100.0000,,0
920050,爱伦医疗,2026-03-31,21.8917,-78.1083,0
920050,爱伦医疗,2026-06-30,27.8821,5.9904,1
920055,隆源股份,2026-03-31,5.1155,,4
920055,隆源股份,2026-06-30,4.9869,-0.1286,3
920056,能之光,2025-12-31,1.8125,0.0710,3
920056,能之光,2026-03-31,3.9877,2.1752,0
920056,能之光,2026-06-30,2.0017,-1.9860,2
920057,百甲科技,2025-12-31,18.7646,4.4128,3
920057,百甲科技,2026-03-31,16.2134,-2.5512,0
920057,百甲科技,2026-06-30,15.7979,-0.4155,5
920058,华洋赛车,2025-12-31,20.4927,-0.9150,12
920058,华洋赛车,2026-03-31,20.6794,0.1867,3
920058,华洋赛车,2026-06-30,18.6423,-2.0371,10
920060,万源通,2025-12-31,13.4393,8.3632,37
920060,万源通,2026-03-31,6.4196,-7.0197,0
920060,万源通,2026-06-30,10.1241,3.7045,44
920061,西磁科技,2025-12-31,13.6196,-0.6107,1
920061,西磁科技,2026-03-31,13.1572,-0.4624,0
920061,西磁科技,2026-06-30,12.7175,-0.4397,2
920062,科润智控,2025-12-31,0.8373,0.2096,4
920062,科润智控,2026-03-31,0.6855,-0.1518,0
920062,科润智控,2026-06-30,0.9581,0.2726,2
920066,科拜尔,2025-12-31,10.8962,5.4867,11
920066,科拜尔,2026-03-31,9.0796,-1.8166,0
920066,科拜尔,2026-06-30,6.3081,-2.7715,6
920068,天工股份,2025-12-31,3.3999,-0.3347,2
920068,天工股份,2026-03-31,8.6548,5.2549,0
920068,天工股份,2026-06-30,66.2322,57.5774,43
920069,普昂医疗,2025-12-31,75.8451,,0
920069,普昂医疗,2026-03-31,28.7133,-47.1318,2
920069,普昂医疗,2026-06-30,19.2595,-9.4538,8
920072,科莱瑞迪,2026-06-30,3.6101,,84
920075,柏星龙,2025-12-31,10.8007,-1.9017,4
920075,柏星龙,2026-03-31,9.8007,-1.0000,0
920075,柏星龙,2026-06-30,9.9778,0.1771,6
920076,国亮新材,2025-12-31,9.9330,,0
920076,国亮新材,2026-03-31,4.2620,-5.6710,0
920076,国亮新材,2026-06-30,6.7483,2.4863,9
920077,吉林碳谷,2025-12-31,53.6864,3.7926,53
920077,吉林碳谷,2026-03-31,48.2315,-5.4549,36
920077,吉林碳谷,2026-06-30,50.3137,2.0822,64
920078,族兴新材,2026-03-31,6.7934,,0
920078,族兴新材,2026-06-30,5.7985,-0.9949,5
920080,奥美森,2025-12-31,5.3895,-65.3837,3
920080,奥美森,2026-03-31,6.0706,0.6811,0
920080,奥美森,2026-06-30,3.4832,-2.5874,1
920082,方正阀门,2025-12-31,2.0533,-2.0580,6
920082,方正阀门,2026-03-31,2.2127,0.1594,0
920082,方正阀门,2026-06-30,3.6694,1.4567,4
920083,金戈新材,2026-06-30,2.0881,,14
920086,科马材料,2026-03-31,1.2636,,0
920086,科马材料,2026-06-30,1.2715,0.0079,7
920087,秋乐种业,2025-12-31,56.7773,-1.9925,5
920087,秋乐种业,2026-03-31,56.6751,-0.1022,0
920087,秋乐种业,2026-06-30,57.2206,0.5455,4
920088,科力股份,2025-12-31,0.0770,-3.9531,3
920088,科力股份,2026-06-30,9.3134,,39
920089,禾昌聚合,2025-12-31,3.2121,-0.8596,4
920089,禾昌聚合,2026-03-31,6.1687,2.9566,2
920089,禾昌聚合,2026-06-30,9.3120,3.1433,4
920090,*ST同辉,2025-12-31,1.1184,-3.4466,3
920090,*ST同辉,2026-03-31,5.8719,4.7535,0
920090,*ST同辉,2026-06-30,6.4762,0.6043,0
920091,大鹏工业,2025-12-31,4.0039,,10
920091,大鹏工业,2026-03-31,6.9466,2.9427,0
920091,大鹏工业,2026-06-30,4.5826,-2.3640,5
920092,汉鑫科技,2025-12-31,8.9259,-1.6285,0
920092,汉鑫科技,2026-03-31,9.1209,0.1950,0
920092,汉鑫科技,2026-06-30,7.2043,-1.9166,0
920096,嘉晨智能,2026-06-30,2.9091,,10
920098,科隆新材,2025-12-31,23.5353,-6.5967,9
920098,科隆新材,2026-03-31,22.7575,-0.7778,0
920098,科隆新材,2026-06-30,22.7419,-0.0156,4
920099,瑞华技术,2025-12-31,17.1305,-2.9112,7
920099,瑞华技术,2026-03-31,7.6417,-9.4888,1
920099,瑞华技术,2026-06-30,10.3096,2.6679,6
920100,三协电机,2025-12-31,1.2050,-3.1391,4
920100,三协电机,2026-03-31,8.3978,7.1928,0
920100,三协电机,2026-06-30,12.8028,4.4050,40
920101,志高机械,2025-12-31,20.8791,17.3693,12
920101,志高机械,2026-03-31,18.0005,-2.8786,0
920101,志高机械,2026-06-30,14.6231,-3.3774,13
920106,林泰新材,2025-12-31,33.6312,8.5125,61
920106,林泰新材,2026-03-31,37.1994,3.5682,4
920106,林泰新材,2026-06-30,41.6374,4.4380,51
920108,宏海科技,2025-12-31,2.4396,-0.6595,10
920108,宏海科技,2026-03-31,4.3313,1.8917,1
920108,宏海科技,2026-06-30,3.9590,-0.3723,9
920110,雷特科技,2025-12-31,28.7282,1.0528,6
920110,雷特科技,2026-03-31,26.7258,-2.0024,0
920110,雷特科技,2026-06-30,27.1072,0.3814,3
920111,聚星科技,2025-12-31,14.6951,6.8041,35
920111,聚星科技,2026-03-31,6.7603,-7.9348,0
920111,聚星科技,2026-06-30,14.0164,7.2561,49
920112,巴兰仕,2025-12-31,2.0341,,2
920112,巴兰仕,2026-06-30,0.8949,,5
920116,星图测控,2025-12-31,23.6722,10.0337,48
920116,星图测控,2026-03-31,74.9878,51.3156,36
920116,星图测控,2026-06-30,75.7292,0.7414,58
920118,太湖远大,2025-12-31,2.6338,-7.6777,2
920118,太湖远大,2026-03-31,3.4830,0.8492,1
920118,太湖远大,2026-06-30,5.8374,2.3544,2
920119,美德乐,2026-03-31,27.3947,,3
920119,美德乐,2026-06-30,27.2471,-0.1476,12
920121,江天科技,2025-12-31,2.7176,,5
920121,江天科技,2026-03-31,3.4221,0.7045,0
920121,江天科技,2026-06-30,0.5102,-2.9119,2
920122,中纺标,2025-12-31,54.0304,0.2050,11
920122,中纺标,2026-03-31,51.6523,-2.3781,2
920122,中纺标,2026-06-30,51.7486,0.0963,5
920123,芭薇股份,2025-12-31,15.0207,-2.0916,6
920123,芭薇股份,2026-03-31,14.7904,-0.2303,0
920123,芭薇股份,2026-06-30,15.2528,0.4624,5
920124,南特科技,2025-12-31,12.4928,,2
920124,南特科技,2026-03-31,12.4443,-0.0485,0
920124,南特科技,2026-06-30,9.8464,-2.5979,2
920125,鸿仕达,2026-03-31,65.7652,,0
920125,鸿仕达,2026-06-30,27.8825,-37.8827,11
920126,永大股份,2026-06-30,7.7388,,21
920128,胜业电气,2025-12-31,40.8958,32.6433,0
920128,胜业电气,2026-03-31,39.9065,-0.9893,0
920128,胜业电气,2026-06-30,8.3935,-31.5130,0
920130,立方控股,2025-12-31,30.2746,1.1852,0
920130,立方控股,2026-03-31,28.7646,-1.5100,0
920130,立方控股,2026-06-30,28.6097,-0.1549,4
920132,泰鹏智能,2025-12-31,4.4345,-11.7540,3
920132,泰鹏智能,2026-03-31,3.9624,-0.4721,0
920132,泰鹏智能,2026-06-30,4.9623,0.9999,5
920136,永励精密,2026-06-30,0.8167,,375
920139,华岭股份,2025-12-31,50.9546,4.7373,35
920139,华岭股份,2026-03-31,45.6817,-5.2729,0
920139,华岭股份,2026-06-30,50.8588,5.1771,48
920145,恒合股份,2025-12-31,3.3277,-1.3973,3
920145,恒合股份,2026-06-30,0.2387,,5
920146,华阳变速,2025-12-31,14.7417,2.9050,1
920146,华阳变速,2026-03-31,16.4254,1.6837,0
920146,华阳变速,2026-06-30,18.5938,2.1684,3
920149,旭杰科技,2025-12-31,1.1445,-1.7299,2
920149,旭杰科技,2026-03-31,0.9827,-0.1618,0
920149,旭杰科技,2026-06-30,0.0751,-0.9076,3
920152,昆工科技,2025-12-31,14.0413,1.4827,6
920152,昆工科技,2026-03-31,12.2887,-1.7526,1
920152,昆工科技,2026-06-30,12.9943,0.7056,2
920156,海昌智能,2026-06-30,2.0807,,6
920158,长江能科,2025-12-31,8.1153,-42.6939,4
920158,长江能科,2026-03-31,6.6183,-1.4970,0
920158,长江能科,2026-06-30,2.5844,-4.0339,3
920159,农大科技,2026-03-31,4.1664,,0
920159,农大科技,2026-06-30,5.9824,1.8160,7
920160,北矿检测,2025-12-31,2.1688,,5
920160,北矿检测,2026-03-31,2.9901,0.8213,1
920160,北矿检测,2026-06-30,3.5473,0.5572,1
920161,龙辰科技,2026-06-30,5.5064,,13
920163,方大新材,2025-12-31,2.6012,-0.0033,1
920163,方大新材,2026-03-31,4.6858,2.0846,0
920163,方大新材,2026-06-30,3.1120,-1.5738,3
920165,珈凯生物,2026-06-30,87.8506,,0
920166,海圣医疗,2026-03-31,0.4229,,0
920166,海圣医疗,2026-06-30,2.5740,2.1511,1
920167,同享科技,2025-12-31,44.9320,-0.2694,7
920167,同享科技,2026-03-31,46.2281,1.2961,4
920167,同享科技,2026-06-30,45.8351,-0.3930,14
920168,通宝光电,2025-12-31,53.2838,,0
920168,通宝光电,2026-03-31,12.5819,-40.7019,0
920168,通宝光电,2026-06-30,16.5082,3.9263,2
920169,七丰精工,2025-12-31,24.3893,1.4293,1
920169,七丰精工,2026-03-31,26.6004,2.2111,0
920169,七丰精工,2026-06-30,25.1384,-1.4620,1
920171,志晟信息,2025-12-31,1.8981,0.5807,0
920171,志晟信息,2026-03-31,1.3150,-0.5831,0
920171,志晟信息,2026-06-30,1.3137,-0.0013,1
920174,五新智能,2025-12-31,50.4730,4.6106,42
920174,五新智能,2026-03-31,15.9172,-34.5558,4
920174,五新智能,2026-06-30,25.5824,9.6652,61
920176,维琪科技,2026-06-30,68.8360,,0
920177,恒道科技,2026-03-31,66.7578,,0
920177,恒道科技,2026-06-30,29.3464,-37.4114,4
920178,锐翔智能,2026-06-30,17.7942,,8
920179,凯德石英,2025-12-31,14.5501,-0.6176,16
920179,凯德石英,2026-03-31,19.7990,5.2489,9
920179,凯德石英,2026-06-30,23.1960,3.3970,46
920180,爱得科技,2026-03-31,26.1195,,0
920180,爱得科技,2026-06-30,17.0328,-9.0867,4
920181,赛英电子,2026-03-31,5.4667,,25
920181,赛英电子,2026-06-30,3.0188,-2.4479,4
920183,海菲曼,2026-03-31,2.2069,,0
920183,海菲曼,2026-06-30,8.0225,5.8156,2
920184,国源科技,2025-12-31,1.1563,1.1420,2
920184,国源科技,2026-06-30,0.5727,,3
920185,贝特瑞,2025-12-31,79.9035,1.4657,113
920185,贝特瑞,2026-03-31,77.3213,-2.5822,47
920185,贝特瑞,2026-06-30,78.4962,1.1749,130
920186,中科仪,2026-03-31,24.4789,,0
920186,中科仪,2026-06-30,8.1661,-16.3128,56
920187,通领科技,2026-03-31,0.9850,,0
920187,通领科技,2026-06-30,8.4732,7.4882,2
920188,悦龙科技,2026-03-31,1.7781,,6
920188,悦龙科技,2026-06-30,7.8539,6.0758,4
920189,康美特,2026-06-30,60.0583,,329
920190,雷神科技,2025-12-31,51.9200,0.5487,1
920190,雷神科技,2026-03-31,51.3352,-0.5848,0
920190,雷神科技,2026-06-30,50.5072,-0.8280,11
920191,瑞尔竞达,2026-06-30,7.3522,,4
920193,吉和昌,2026-06-30,0.0000,,371
920195,三祥科技,2025-12-31,34.0090,0.2550,4
920195,三祥科技,2026-03-31,33.1548,-0.8542,1
920195,三祥科技,2026-06-30,33.8130,0.6582,3
920198,微创光电,2025-12-31,2.2848,-0.6575,0
920198,微创光电,2026-03-31,2.2848,0.0000,0
920198,微创光电,2026-06-30,2.9329,0.6481,0
920199,倍益康,2025-12-31,25.3809,0.5121,0
920199,倍益康,2026-03-31,25.6424,0.2615,1
920199,倍益康,2026-06-30,24.3676,-1.2748,4
920200,振宏股份,2026-06-30,12.0142,,6
920204,沪江材料,2025-12-31,7.5163,0.1091,4
920204,沪江材料,2026-03-31,8.5104,0.9941,0
920204,沪江材料,2026-06-30,7.0271,-1.4833,3
920206,彩客科技,2026-06-30,7.2659,,11
920207,众诚科技,2025-12-31,21.4607,1.3473,5
920207,众诚科技,2026-03-31,21.5766,0.1159,0
920207,众诚科技,2026-06-30,20.2020,-1.3746,2
920208,青矩技术,2025-12-31,9.8821,,43
920208,青矩技术,2026-03-31,1.8011,-8.0810,3
920208,青矩技术,2026-06-30,9.3319,7.5308,46
920211,新睿电子,2026-06-30,9.6409,,0
920212,智新电子,2025-12-31,11.1866,0.4809,0
920212,智新电子,2026-03-31,12.8419,1.6553,2
920212,智新电子,2026-06-30,11.4789,-1.3630,2
920218,新天力,2026-06-30,2.7884,,9
920220,朗信电气,2026-06-30,26.4107,,6
920221,易实精密,2025-12-31,3.1836,-0.7542,6
920221,易实精密,2026-03-31,2.5240,-0.6596,1
920221,易实精密,2026-06-30,3.0221,0.4981,4
920222,益坤电气,2026-06-30,2.8517,,40
920223,荣亿精密,2025-12-31,9.8055,2.0362,12
920223,荣亿精密,2026-03-31,6.3567,-3.4488,2
920223,荣亿精密,2026-06-30,5.9261,-0.4306,4
920225,利通科技,2025-12-31,27.0413,17.4396,60
920225,利通科技,2026-03-31,19.7524,-7.2889,7
920225,利通科技,2026-06-30,18.8568,-0.8956,23
920227,美登科技,2025-12-31,0.8746,0.1170,4
920227,美登科技,2026-03-31,3.4157,2.5411,3
920227,美登科技,2026-06-30,0.5697,-2.8460,3
920230,欧康医药,2025-12-31,6.6258,-1.1729,3
920230,欧康医药,2026-03-31,7.1753,0.5495,0
920230,欧康医药,2026-06-30,4.0367,-3.1386,2
920237,力佳科技,2025-12-31,66.2073,-0.6397,2
920237,力佳科技,2026-03-31,65.8315,-0.3758,0
920237,力佳科技,2026-06-30,64.9497,-0.8818,2
920238,长鹰硬科,2026-06-30,74.7051,,0
920239,长虹能源,2025-12-31,65.8984,1.6823,45
920239,长虹能源,2026-03-31,62.0849,-3.8135,2
920239,长虹能源,2026-06-30,65.6629,3.5780,54
920242,建邦科技,2025-12-31,13.1372,0.1964,14
920242,建邦科技,2026-03-31,9.5568,-3.5804,1
920242,建邦科技,2026-06-30,9.9427,0.3859,7
920245,威博液压,2025-12-31,49.6750,1.4594,2
920245,威博液压,2026-03-31,48.9480,-0.7270,0
920245,威博液压,2026-06-30,47.5453,-1.4027,6
920247,华密新材,2025-12-31,45.5854,2.7881,33
920247,华密新材,2026-03-31,42.9448,-2.6406,1
920247,华密新材,2026-06-30,46.5310,3.5862,43
920249,利尔达,2025-12-31,4.0105,-3.4332,7
920249,利尔达,2026-03-31,3.6961,-0.3144,0
920249,利尔达,2026-06-30,4.4289,0.7328,8
920252,天宏锂电,2025-12-31,24.0488,0.3103,1
920252,天宏锂电,2026-03-31,25.4388,1.3900,0
920252,天宏锂电,2026-06-30,24.7743,-0.6645,3
920260,中寰股份,2025-12-31,2.4023,0.6006,3
920260,中寰股份,2026-03-31,1.1529,-1.2494,1
920260,中寰股份,2026-06-30,0.4834,-0.6695,2
920261,一诺威,2025-12-31,17.3899,6.1995,40
920261,一诺威,2026-03-31,11.2860,-6.1039,2
920261,一诺威,2026-06-30,18.7252,7.4392,43
920262,太湖雪,2025-12-31,42.3636,-2.2150,4
920262,太湖雪,2026-03-31,44.7119,2.3483,3
920262,太湖雪,2026-06-30,44.3329,-0.3790,4
920263,中航泰达,2025-12-31,13.5170,1.1682,3
920263,中航泰达,2026-03-31,15.4061,1.8891,0
920263,中航泰达,2026-06-30,15.2454,-0.1607,1
920266,生物谷,2025-12-31,31.9290,24.5462,1
920266,生物谷,2026-03-31,32.5867,0.6577,0
920266,生物谷,2026-06-30,31.2802,-1.3065,2
920267,鑫汇科,2025-12-31,14.4538,-2.3533,2
920267,鑫汇科,2026-03-31,13.0334,-1.4204,1
920267,鑫汇科,2026-06-30,14.7145,1.6811,5
920270,天铭科技,2025-12-31,57.0023,-2.7067,1
920270,天铭科技,2026-03-31,58.4975,1.4952,0
920270,天铭科技,2026-06-30,58.4927,-0.0048,2
920271,邦德股份,2025-12-31,6.7391,1.5705,6
920271,邦德股份,2026-03-31,4.7813,-1.9578,2
920271,邦德股份,2026-06-30,5.9268,1.1455,3
920273,一致魔芋,2025-12-31,37.1593,-0.6104,6
920273,一致魔芋,2026-03-31,36.4336,-0.7257,0
920273,一致魔芋,2026-06-30,35.6208,-0.8128,13
920274,宏裕包材,2025-12-31,50.5968,-3.1799,3
920274,宏裕包材,2026-03-31,50.1917,-0.4051,0
920274,宏裕包材,2026-06-30,50.4324,0.2407,6
920275,驱动力,2025-12-31,15.6717,-0.2168,2
920275,驱动力,2026-03-31,16.0099,0.3382,0
920275,驱动力,2026-06-30,15.6274,-0.3825,4
920278,鹿得医疗,2025-12-31,3.7134,-3.0696,2
920278,鹿得医疗,2026-03-31,5.3430,1.6296,0
920278,鹿得医疗,2026-06-30,1.0545,-4.2885,1
920284,灵鸽科技,2025-12-31,34.6455,-0.7617,40
920284,灵鸽科技,2026-03-31,27.6912,-6.9543,4
920284,灵鸽科技,2026-06-30,22.4568,-5.2344,23
920299,灿能电力,2025-12-31,13.8807,1.0174,3
920299,灿能电力,2026-03-31,13.0918,-0.7889,0
920299,灿能电力,2026-06-30,13.2400,0.1482,1
920300,辰光医疗,2025-12-31,5.3615,-3.9459,2
920300,辰光医疗,2026-03-31,5.2774,-0.0841,1
920300,辰光医疗,2026-06-30,5.5874,0.3100,3
920304,迪尔化工,2025-12-31,2.5109,0.8256,2
920304,迪尔化工,2026-03-31,38.4241,35.9132,0
920304,迪尔化工,2026-06-30,39.9376,1.5135,2
920339,恒太照明,2025-12-31,32.7873,0.4866,2
920339,恒太照明,2026-03-31,32.6558,-0.1315,1
920339,恒太照明,2026-06-30,32.2409,-0.4149,0
920344,三元基因,2025-12-31,55.0582,0.0370,1
920344,三元基因,2026-03-31,54.8526,-0.2056,0
920344,三元基因,2026-06-30,54.9545,0.1019,5
920346,威贸电子,2025-12-31,12.0927,0.3715,6
920346,威贸电子,2026-03-31,12.1531,0.0604,1
920346,威贸电子,2026-06-30,11.9369,-0.2162,8
920351,华光源海,2026-03-31,11.7591,,0
920351,华光源海,2026-06-30,8.6096,-3.1495,2
920357,雅葆轩,2025-12-31,4.2814,-0.1070,6
920357,雅葆轩,2026-03-31,3.7381,-0.5433,1
920357,雅葆轩,2026-06-30,14.7563,11.0182,6
920363,莱赛激光,2025-12-31,9.0360,1.1245,3
920363,莱赛激光,2026-03-31,7.9379,-1.0981,0
920363,莱赛激光,2026-06-30,8.9095,0.9716,1
920367,新赣江,2025-12-31,14.5360,0.9991,1
920367,新赣江,2026-03-31,13.5799,-0.9561,0
920367,新赣江,2026-06-30,17.2490,3.6691,0
920368,连城数控,2025-12-31,45.2540,0.3669,43
920368,连城数控,2026-03-31,43.0652,-2.1888,38
920368,连城数控,2026-06-30,43.7159,0.6507,63
920370,新安洁,2025-12-31,47.7272,0.0401,1
920370,新安洁,2026-03-31,48.2521,0.5249,0
920370,新安洁,2026-06-30,47.4472,-0.8049,3
920371,欧福蛋业,2025-12-31,71.9461,-0.2358,3
920371,欧福蛋业,2026-03-31,71.6987,-0.2474,4
920371,欧福蛋业,2026-06-30,69.7112,-1.9875,3
920374,云里物里,2025-12-31,24.9306,-0.8243,0
920374,云里物里,2026-03-31,24.9306,0.0000,0
920374,云里物里,2026-06-30,24.1170,-0.8136,0
920375,派诺科技,2025-12-31,16.1514,0.3366,2
920375,派诺科技,2026-03-31,12.9069,-3.2445,1
920375,派诺科技,2026-06-30,8.6542,-4.2527,3
920378,泰德股份,2025-12-31,35.2101,-1.3502,3
920378,泰德股份,2026-03-31,35.1639,-0.0462,0
920378,泰德股份,2026-06-30,35.1639,0.0000,0
920392,佳合科技,2025-12-31,22.1482,0.9738,1
920392,佳合科技,2026-03-31,12.6525,-9.4957,0
920392,佳合科技,2026-06-30,12.8603,0.2078,0
920394,民士达,2025-12-31,77.1266,2.4783,59
920394,民士达,2026-03-31,74.6747,-2.4519,18
920394,民士达,2026-06-30,80.5508,5.8761,121
920395,朗鸿科技,2025-12-31,2.6134,-2.3538,6
920395,朗鸿科技,2026-03-31,1.1435,-1.4699,0
920395,朗鸿科技,2026-06-30,2.1529,1.0094,5
920396,常辅股份,2025-12-31,15.6456,0.0357,2
920396,常辅股份,2026-03-31,15.4588,-0.1868,0
920396,常辅股份,2026-06-30,17.4581,1.9993,7
920402,硅烷科技,2025-12-31,38.0801,5.3724,36
920402,硅烷科技,2026-03-31,34.0968,-3.9833,0
920402,硅烷科技,2026-06-30,38.6698,4.5730,49
920403,康农种业,2025-12-31,21.0610,4.2267,30
920403,康农种业,2026-03-31,17.4153,-3.6457,6
920403,康农种业,2026-06-30,28.4572,11.0419,32
920405,海希通讯,2025-12-31,42.2561,-3.9992,11
920405,海希通讯,2026-03-31,41.1559,-1.1002,1
920405,海希通讯,2026-06-30,42.7909,1.6350,2
920407,驰诚股份,2025-12-31,6.5338,1.9787,2
920407,驰诚股份,2026-03-31,6.1244,-0.4094,3
920407,驰诚股份,2026-06-30,5.0451,-1.0793,5
920414,欧普泰,2025-12-31,8.8573,2.3685,8
920414,欧普泰,2026-03-31,8.2592,-0.5981,0
920414,欧普泰,2026-06-30,7.2029,-1.0563,2
920415,恒拓开源,2025-12-31,30.8846,1.1382,6
920415,恒拓开源,2026-03-31,28.7963,-2.0883,1
920415,恒拓开源,2026-06-30,28.3706,-0.4257,7
920418,苏轴股份,2025-12-31,53.9485,6.0199,51
920418,苏轴股份,2026-03-31,47.8657,-6.0828,5
920418,苏轴股份,2026-06-30,52.5369,4.6712,56
920419,路斯股份,2025-12-31,47.6599,-1.4196,18
920419,路斯股份,2026-03-31,46.8684,-0.7915,1
920419,路斯股份,2026-06-30,48.6189,1.7505,17
920422,润普食品,2025-12-31,38.3208,-5.2255,3
920422,润普食品,2026-03-31,38.6163,0.2955,1
920422,润普食品,2026-06-30,37.3029,-1.3134,10
920425,乐创技术,2025-12-31,21.4486,0.0283,2
920425,乐创技术,2026-03-31,21.4203,-0.0283,0
920425,乐创技术,2026-06-30,21.7744,0.3541,6
920427,华维设计,2025-12-31,22.0314,0.0914,3
920427,华维设计,2026-03-31,23.4858,1.4544,0
920427,华维设计,2026-06-30,21.5118,-1.9740,2
920429,康比特,2025-12-31,42.4118,-0.4296,9
920429,康比特,2026-03-31,40.4461,-1.9657,0
920429,康比特,2026-06-30,41.6515,1.2054,6
920433,大唐药业,2025-12-31,45.0319,-1.3043,1
920433,大唐药业,2026-03-31,44.7299,-0.3020,0
920433,大唐药业,2026-06-30,45.2157,0.4858,2
920436,大地电气,2025-12-31,64.4771,-0.0671,3
920436,大地电气,2026-03-31,64.5656,0.0885,1
920436,大地电气,2026-06-30,64.6673,0.1017,3
920438,戈碧迦,2025-12-31,31.7380,4.3471,60
920438,戈碧迦,2026-03-31,23.6554,-8.0826,5
920438,戈碧迦,2026-06-30,27.8240,4.1686,84
920445,龙竹科技,2025-12-31,3.2398,-2.0021,3
920445,龙竹科技,2026-03-31,2.0215,-1.2183,0
920445,龙竹科技,2026-06-30,5.4245,3.4030,5
920454,同心传动,2025-12-31,22.5508,21.1173,5
920454,同心传动,2026-03-31,0.7159,-21.8349,0
920454,同心传动,2026-06-30,3.9527,3.2368,1
920455,汇隆活塞,2025-12-31,2.5230,0.1519,4
920455,汇隆活塞,2026-03-31,2.3464,-0.1766,0
920455,汇隆活塞,2026-06-30,2.7574,0.4110,4
920469,富恒新材,2025-12-31,10.8046,0.4321,4
920469,富恒新材,2026-03-31,10.6722,-0.1324,0
920469,富恒新材,2026-06-30,10.3633,-0.3089,1
920471,美邦科技,2025-12-31,9.5515,0.0551,2
920471,美邦科技,2026-03-31,9.4964,-0.0551,0
920471,美邦科技,2026-06-30,9.8150,0.3186,3
920475,三友科技,2025-12-31,0.0364,,2
920475,三友科技,2026-03-31,0.5301,0.4937,0
920475,三友科技,2026-06-30,0.2694,-0.2607,1
920476,海能技术,2025-12-31,17.9611,1.0377,26
920476,海能技术,2026-03-31,15.8574,-2.1037,9
920476,海能技术,2026-06-30,18.2887,2.4313,13
920478,峆一药业,2025-12-31,1.6436,,0
920478,峆一药业,2026-06-30,1.4295,,2
920489,佳先股份,2025-12-31,4.9463,-0.6537,1
920489,佳先股份,2026-03-31,5.0351,0.0888,1
920489,佳先股份,2026-06-30,6.0044,0.9693,2
920491,奥迪威,2025-12-31,16.9867,8.2521,47
920491,奥迪威,2026-03-31,8.0499,-8.9368,2
920491,奥迪威,2026-06-30,20.6312,12.5813,58
920493,并行科技,2025-12-31,27.1202,1.0633,51
920493,并行科技,2026-03-31,23.9714,-3.1488,42
920493,并行科技,2026-06-30,24.2796,0.3082,57
920496,许昌智能,2025-12-31,14.7385,-1.0977,5
920496,许昌智能,2026-03-31,13.7407,-0.9978,0
920496,许昌智能,2026-06-30,13.4457,-0.2950,4
920504,博迅生物,2025-12-31,3.3596,3.0512,5
920504,博迅生物,2026-03-31,2.5723,-0.7873,1
920504,博迅生物,2026-06-30,2.1422,-0.4301,5
920505,九菱科技,2025-12-31,2.3399,-0.2687,4
920505,九菱科技,2026-03-31,1.5193,-0.8206,1
920505,九菱科技,2026-06-30,2.0644,0.5451,11
920508,殷图网联,2025-12-31,10.2557,0.8126,5
920508,殷图网联,2026-03-31,10.1955,-0.0602,0
920508,殷图网联,2026-06-30,9.8158,-0.3797,2
920509,同惠电子,2025-12-31,8.7273,,41
920509,同惠电子,2026-03-31,1.8302,-6.8971,0
920509,同惠电子,2026-06-30,8.8253,6.9951,52
920510,丰光精密,2025-12-31,55.1068,4.4470,36
920510,丰光精密,2026-03-31,49.4226,-5.6842,0
920510,丰光精密,2026-06-30,50.9494,1.5268,8
920519,万德股份,2025-12-31,11.4107,1.3165,6
920519,万德股份,2026-03-31,12.6923,1.2816,0
920519,万德股份,2026-06-30,9.6309,-3.0614,6
920522,纳科诺尔,2025-12-31,38.4376,10.3826,184
920522,纳科诺尔,2026-03-31,25.8210,-12.6166,65
920522,纳科诺尔,2026-06-30,27.0256,1.2046,104
920523,德瑞锂电,2025-12-31,2.3997,0.1156,1
920523,德瑞锂电,2026-03-31,2.2670,-0.1327,0
920523,德瑞锂电,2026-06-30,2.6294,0.3624,8
920526,凯华材料,2025-12-31,1.0113,0.5027,0
920526,凯华材料,2026-03-31,1.2732,0.2619,0
920526,凯华材料,2026-06-30,1.8547,0.5815,1
920527,夜光明,2025-12-31,4.7419,0.3442,3
920527,夜光明,2026-03-31,2.1902,-2.5517,0
920527,夜光明,2026-06-30,15.6262,13.4360,4
920533,骏创科技,2025-12-31,10.6474,5.9057,37
920533,骏创科技,2026-03-31,3.2923,-7.3551,0
920533,骏创科技,2026-06-30,8.7101,5.4178,48
920541,铁大科技,2025-12-31,36.3134,1.0162,6
920541,铁大科技,2026-03-31,36.5577,0.2443,2
920541,铁大科技,2026-06-30,36.6530,0.0953,6
920547,无锡晶海,2025-12-31,16.5059,0.6213,3
920547,无锡晶海,2026-03-31,13.5717,-2.9342,1
920547,无锡晶海,2026-06-30,13.0397,-0.5320,2
920553,凯腾精工,2025-12-31,20.0491,0.2123,2
920553,凯腾精工,2026-03-31,19.9970,-0.0521,0
920553,凯腾精工,2026-06-30,21.0466,1.0496,5
920556,雅达股份,2025-12-31,0.0477,-0.5260,2
920556,雅达股份,2026-06-30,0.2195,,3
920564,天润科技,2025-12-31,3.0968,1.9864,2
920564,天润科技,2026-03-31,2.6135,-0.4833,1
920564,天润科技,2026-06-30,0.9176,-1.6959,0
920566,梓橦宫,2025-12-31,3.2716,0.1877,5
920566,梓橦宫,2026-03-31,3.0839,-0.1877,0
920566,梓橦宫,2026-06-30,3.1882,0.1043,2
920570,坤博精工,2025-12-31,26.7829,3.4635,5
920570,坤博精工,2026-03-31,25.8314,-0.9515,0
920570,坤博精工,2026-06-30,23.0680,-2.7634,3
920571,国航远洋,2025-12-31,9.1907,6.4738,37
920571,国航远洋,2026-03-31,3.7570,-5.4337,0
920571,国航远洋,2026-06-30,13.4289,9.6719,46
920575,*ST康乐,2025-12-31,16.5568,1.0934,6
920575,*ST康乐,2026-03-31,17.2370,0.6802,1
920575,*ST康乐,2026-06-30,12.0715,-5.1655,0
920576,天力复合,2025-12-31,78.2628,1.9737,33
920576,天力复合,2026-03-31,75.5070,-2.7558,1
920576,天力复合,2026-06-30,76.5876,1.0806,46
920578,巨能股份,2025-12-31,6.0059,,2
920578,巨能股份,2026-03-31,7.8725,1.8666,2
920578,巨能股份,2026-06-30,15.4292,7.5567,0
920579,机科股份,2025-12-31,20.2897,6.2264,30
920579,机科股份,2026-03-31,12.1471,-8.1426,1
920579,机科股份,2026-06-30,11.5329,-0.6142,6
920580,科创新材,2025-12-31,1.0558,,5
920580,科创新材,2026-06-30,0.8890,,6
920592,华信永道,2025-12-31,47.1903,3.3809,32
920592,华信永道,2026-03-31,41.1469,-6.0434,0
920592,华信永道,2026-06-30,41.1922,0.0453,6
920593,鼎智科技,2025-12-31,52.7741,7.6827,61
920593,鼎智科技,2026-03-31,44.8689,-7.9052,3
920593,鼎智科技,2026-06-30,49.6632,4.7943,71
920599,同力股份,2025-12-31,39.4922,7.4841,104
920599,同力股份,2026-03-31,32.4358,-7.0564,46
920599,同力股份,2026-06-30,38.0640,5.6282,120
920608,丰安股份,2025-12-31,10.0102,0.1536,3
920608,丰安股份,2026-03-31,9.8920,-0.1182,1
920608,丰安股份,2026-06-30,8.8724,-1.0196,7
920627,力王股份,2025-12-31,2.4327,0.9793,3
920627,力王股份,2026-03-31,2.7661,0.3334,0
920627,力王股份,2026-06-30,2.0159,-0.7502,4
920634,新威凌,2025-12-31,26.0374,-0.4659,2
920634,新威凌,2026-03-31,27.4465,1.4091,0
920634,新威凌,2026-06-30,26.5326,-0.9139,0
920639,晨光电缆,2025-12-31,4.0751,1.5733,3
920639,晨光电缆,2026-03-31,5.7119,1.6368,1
920639,晨光电缆,2026-06-30,6.3309,0.6190,4
920640,富士达,2025-12-31,62.5882,5.3428,64
920640,富士达,2026-03-31,56.8039,-5.7843,10
920640,富士达,2026-06-30,61.8907,5.0868,77
920641,格利尔,2025-12-31,10.6913,2.2521,4
920641,格利尔,2026-03-31,43.3185,32.6272,0
920641,格利尔,2026-06-30,41.3991,-1.9194,3
920642,通易航天,2025-12-31,46.6520,0.4048,5
920642,通易航天,2026-03-31,45.4169,-1.2351,0
920642,通易航天,2026-06-30,46.0210,0.6041,2
920651,天罡股份,2025-12-31,17.6744,14.4149,2
920651,天罡股份,2026-03-31,19.6543,1.9799,0
920651,天罡股份,2026-06-30,2.3803,-17.2740,4
920656,海昇药业,2025-12-31,8.9616,-0.8402,7
920656,海昇药业,2026-03-31,7.7570,-1.2046,3
920656,海昇药业,2026-06-30,8.9880,1.2310,5
920662,方盛股份,2025-12-31,5.9094,-3.9321,2
920662,方盛股份,2026-03-31,4.9830,-0.9264,2
920662,方盛股份,2026-06-30,4.2024,-0.7806,2
920663,明阳科技,2025-12-31,10.4131,0.5633,2
920663,明阳科技,2026-03-31,5.9896,-4.4235,0
920663,明阳科技,2026-06-30,6.7291,0.7395,6
920665,科强股份,2025-12-31,6.6391,-3.1151,1
920665,科强股份,2026-03-31,7.5722,0.9331,0
920665,科强股份,2026-06-30,8.1636,0.5914,3
920670,数字人,2025-12-31,1.9297,0.5613,0
920670,数字人,2026-03-31,1.3687,-0.5610,0
920670,数字人,2026-06-30,1.3687,0.0000,0
920679,前进科技,2025-12-31,33.9976,5.0610,7
920679,前进科技,2026-03-31,18.9208,-15.0768,2
920679,前进科技,2026-06-30,19.7137,0.7929,7
920682,球冠电缆,2025-12-31,34.1365,-0.1970,4
920682,球冠电缆,2026-03-31,33.4074,-0.7291,1
920682,球冠电缆,2026-06-30,30.2443,-3.1631,11
920685,新芝生物,2025-12-31,9.3913,1.3174,8
920685,新芝生物,2026-03-31,7.4713,-1.9200,1
920685,新芝生物,2026-06-30,6.0619,-1.4094,11
920689,克莱特,2025-12-31,34.2231,-0.7558,7
920689,克莱特,2026-03-31,30.6321,-3.5910,0
920689,克莱特,2026-06-30,31.6261,0.9940,9
920690,捷众科技,2025-12-31,6.5532,1.4527,8
920690,捷众科技,2026-03-31,6.2188,-0.3344,2
920690,捷众科技,2026-06-30,5.2169,-1.0019,3
920693,阿为特,2025-12-31,45.7122,5.2521,31
920693,阿为特,2026-03-31,39.7092,-6.0030,4
920693,阿为特,2026-06-30,37.3028,-2.4064,11
920694,中裕科技,2025-12-31,12.5310,-0.7674,6
920694,中裕科技,2026-03-31,11.5936,-0.9374,0
920694,中裕科技,2026-06-30,12.7363,1.1427,7
920699,海达尔,2025-12-31,8.1161,-2.7016,11
920699,海达尔,2026-03-31,7.7498,-0.3663,2
920699,海达尔,2026-06-30,5.9130,-1.8368,4
920701,豪声电子,2025-12-31,37.0014,0.2073,3
920701,豪声电子,2026-03-31,36.7941,-0.2073,0
920701,豪声电子,2026-06-30,36.9634,0.1693,4
920703,广厦环能,2025-12-31,11.0316,-0.2798,6
920703,广厦环能,2026-03-31,7.3519,-3.6797,0
920703,广厦环能,2026-06-30,9.0999,1.7480,4
920706,铁拓机械,2025-12-31,2.8480,1.5970,2
920706,铁拓机械,2026-03-31,3.0741,0.2261,0
920706,铁拓机械,2026-06-30,4.0218,0.9477,2
920717,瑞星股份,2025-12-31,20.3714,-0.4495,3
920717,瑞星股份,2026-03-31,20.2244,-0.1470,0
920717,瑞星股份,2026-06-30,20.8510,0.6266,8
920718,合肥高科,2025-12-31,6.7021,0.4366,4
920718,合肥高科,2026-03-31,4.9739,-1.7282,1
920718,合肥高科,2026-06-30,5.0520,0.0781,4
920719,宁新新材,2025-12-31,8.7131,-2.1302,2
920719,宁新新材,2026-03-31,12.3880,3.6749,1
920719,宁新新材,2026-06-30,12.0417,-0.3463,3
920720,吉冈精密,2025-12-31,9.8433,5.1989,36
920720,吉冈精密,2026-03-31,1.6273,-8.2160,3
920720,吉冈精密,2026-06-30,9.2747,7.6474,42
920725,惠丰钻石,2025-12-31,5.3725,-0.9652,4
920725,惠丰钻石,2026-03-31,5.2729,-0.0996,0
920725,惠丰钻石,2026-06-30,9.1585,3.8856,7
920726,朱老六,2025-12-31,0.8554,0.4007,3
920726,朱老六,2026-03-31,1.2753,0.4199,1
920726,朱老六,2026-06-30,0.3261,-0.9492,3
920729,永顺生物,2025-12-31,5.2635,0.3693,3
920729,永顺生物,2026-03-31,4.6672,-0.5963,0
920729,永顺生物,2026-06-30,4.8859,0.2187,1
920735,德源药业,2025-12-31,17.1114,4.6401,59
920735,德源药业,2026-03-31,10.1173,-6.9941,2
920735,德源药业,2026-06-30,15.7581,5.6408,53
920748,路桥信息,2025-12-31,77.2577,-0.0982,0
920748,路桥信息,2026-03-31,61.7679,-15.4898,0
920748,路桥信息,2026-06-30,59.3115,-2.4564,1
920751,惠同新材,2025-12-31,42.3180,1.0274,4
920751,惠同新材,2026-03-31,41.3904,-0.9276,1
920751,惠同新材,2026-06-30,41.6934,0.3030,3
920753,天纺标,2025-12-31,34.2520,0.9407,4
920753,天纺标,2026-03-31,32.8920,-1.3600,1
920753,天纺标,2026-06-30,30.8634,-2.0286,1
920765,美之高,2025-12-31,37.4939,-4.4768,4
920765,美之高,2026-03-31,36.7162,-0.7777,0
920765,美之高,2026-06-30,35.5457,-1.1705,5
920768,拾比佰,2025-12-31,24.3758,-0.4701,4
920768,拾比佰,2026-03-31,24.3981,0.0223,2
920768,拾比佰,2026-06-30,24.8797,0.4816,6
920770,艾能聚,2025-12-31,17.0295,1.9142,2
920770,艾能聚,2026-03-31,15.4176,-1.6119,0
920770,艾能聚,2026-06-30,12.3594,-3.0582,4
920779,武汉蓝电,2025-12-31,0.0019,-1.1731,1
920779,武汉蓝电,2026-03-31,0.5183,0.5164,0
920779,武汉蓝电,2026-06-30,0.0501,-0.4682,3
920781,瑞奇智造,2025-12-31,0.4996,0.0461,0
920781,瑞奇智造,2026-03-31,0.5580,0.0584,0
920781,瑞奇智造,2026-06-30,0.6504,0.0924,2
920786,骑士乳业,2025-12-31,1.6798,-0.2124,1
920786,骑士乳业,2026-03-31,0.7041,-0.9757,0
920786,骑士乳业,2026-06-30,0.0001,-0.7040,1
920790,联迪信息,2025-12-31,20.4823,0.5918,4
920790,联迪信息,2026-03-31,19.7819,-0.7004,0
920790,联迪信息,2026-06-30,18.2670,-1.5149,7
920792,东和新材,2025-12-31,0.3776,,3
920792,东和新材,2026-03-31,0.4566,0.0790,1
920792,东和新材,2026-06-30,0.3243,-0.1323,3
920799,艾融软件,2025-12-31,13.1451,1.0148,57
920799,艾融软件,2026-03-31,8.3563,-4.7888,2
920799,艾融软件,2026-06-30,14.4124,6.0561,67
920802,保丽洁,2025-12-31,10.1446,-1.5385,3
920802,保丽洁,2026-03-31,8.8831,-1.2615,2
920802,保丽洁,2026-06-30,8.2242,-0.6589,5
920806,云星宇,2025-12-31,72.4527,3.3375,30
920806,云星宇,2026-03-31,69.1636,-3.2891,0
920806,云星宇,2026-06-30,71.8245,2.6609,44
920807,奔朗新材,2025-12-31,6.8747,0.4987,5
920807,奔朗新材,2026-03-31,6.3271,-0.5476,1
920807,奔朗新材,2026-06-30,5.0641,-1.2630,7
920808,曙光数创,2025-12-31,74.2526,-3.5006,64
920808,曙光数创,2026-03-31,73.1675,-1.0851,39
920808,曙光数创,2026-06-30,72.9417,-0.2258,72
920809,安达科技,2025-12-31,17.0316,9.3248,36
920809,安达科技,2026-03-31,8.4646,-8.5670,2
920809,安达科技,2026-06-30,17.6654,9.2008,47
920810,春光智能,2025-12-31,10.7251,0.0108,2
920810,春光智能,2026-03-31,10.7059,-0.0192,0
920810,春光智能,2026-06-30,11.0156,0.3097,4
920819,颖泰生物,2025-12-31,68.5702,3.4102,40
920819,颖泰生物,2026-03-31,64.6752,-3.8950,1
920819,颖泰生物,2026-06-30,68.7071,4.0319,45
920821,则成电子,2025-12-31,25.1998,3.9284,34
920821,则成电子,2026-03-31,16.1504,-9.0494,0
920821,则成电子,2026-06-30,21.4772,5.3268,43
920826,盖世食品,2025-12-31,1.2610,0.6239,3
920826,盖世食品,2026-03-31,0.7922,-0.4688,1
920826,盖世食品,2026-06-30,1.8361,1.0439,5
920832,齐鲁华信,2025-12-31,2.0694,,1
920832,齐鲁华信,2026-03-31,3.4455,1.3761,0
920832,齐鲁华信,2026-06-30,9.3826,5.9371,2
920833,美心翼申,2025-12-31,41.3469,-6.3207,3
920833,美心翼申,2026-03-31,34.1860,-7.1609,1
920833,美心翼申,2026-06-30,37.7652,3.5792,2
920834,三维装备,2025-12-31,29.0867,0.1577,5
920834,三维装备,2026-03-31,27.2885,-1.7982,2
920834,三维装备,2026-06-30,26.2145,-1.0740,2
920837,华原股份,2025-12-31,71.2267,0.0069,1
920837,华原股份,2026-03-31,71.2198,-0.0069,0
920837,华原股份,2026-06-30,70.9205,-0.2993,10
920839,万通液压,2025-12-31,11.2812,0.9282,53
920839,万通液压,2026-03-31,5.5404,-5.7408,6
920839,万通液压,2026-06-30,10.8208,5.2804,61
920855,浙江大农,2025-12-31,61.7272,0.1314,3
920855,浙江大农,2026-03-31,62.1954,0.4682,0
920855,浙江大农,2026-06-30,62.1450,-0.0504,6
920856,浩淼科技,2025-12-31,5.6422,0.1795,6
920856,浩淼科技,2026-03-31,6.2581,0.6159,1
920856,浩淼科技,2026-06-30,7.3057,1.0476,5
920857,泓禧科技,2025-12-31,80.2127,1.9906,7
920857,泓禧科技,2026-03-31,80.5281,0.3154,1
920857,泓禧科技,2026-06-30,76.8928,-3.6353,5
920866,绿亨科技,2025-12-31,4.1201,0.7467,0
920866,绿亨科技,2026-03-31,2.7673,-1.3528,0
920866,绿亨科技,2026-06-30,3.3218,0.5545,2
920870,恒进感应,2025-12-31,10.0632,0.2177,4
920870,恒进感应,2026-03-31,9.8943,-0.1689,0
920870,恒进感应,2026-06-30,9.4116,-0.4827,5
920871,派特尔,2025-12-31,5.9118,-1.1375,2
920871,派特尔,2026-03-31,7.4062,1.4944,1
920871,派特尔,2026-06-30,5.1773,-2.2289,3
920873,中设咨询,2025-12-31,3.7218,1.4568,1
920873,中设咨询,2026-03-31,5.1352,1.4134,0
920873,中设咨询,2026-06-30,3.3491,-1.7861,2
920876,慧为智能,2025-12-31,19.6050,0.7470,4
920876,慧为智能,2026-03-31,19.1450,-0.4600,0
920876,慧为智能,2026-06-30,19.9163,0.7713,2
920879,基康技术,2025-12-31,10.2519,0.3059,5
920879,基康技术,2026-03-31,8.4425,-1.8094,0
920879,基康技术,2026-06-30,13.0527,4.6102,43
920885,星辰科技,2025-12-31,18.7735,0.6297,3
920885,星辰科技,2026-03-31,17.6842,-1.0893,1
920885,星辰科技,2026-06-30,17.6815,-0.0027,12
920892,广咨国际,2025-12-31,57.5659,0.0647,0
920892,广咨国际,2026-03-31,57.4123,-0.1536,0
920892,广咨国际,2026-06-30,56.0788,-1.3335,2
920895,花溪科技,2025-12-31,8.9238,0.0393,5
920895,花溪科技,2026-03-31,9.8032,0.8794,1
920895,花溪科技,2026-06-30,8.5139,-1.2893,5
920896,旺成科技,2025-12-31,5.6435,3.6374,4
920896,旺成科技,2026-03-31,3.0947,-2.5488,1
920896,旺成科技,2026-06-30,2.9716,-0.1231,8
920906,舜宇精工,2025-12-31,5.1268,0.7850,4
920906,舜宇精工,2026-03-31,5.4081,0.2813,3
920906,舜宇精工,2026-06-30,5.8272,0.4191,7
920914,远航精密,2025-12-31,50.7159,-1.6027,24
920914,远航精密,2026-03-31,47.4449,-3.2710,2
920914,远航精密,2026-06-30,47.9883,0.5434,12
920924,广脉科技,2025-12-31,6.2709,-0.2386,3
920924,广脉科技,2026-03-31,6.1552,-0.1157,0
920924,广脉科技,2026-06-30,6.2123,0.0571,5
920925,锦好医疗,2025-12-31,25.8755,0.7790,4
920925,锦好医疗,2026-03-31,15.2316,-10.6439,2
920925,锦好医疗,2026-06-30,13.4756,-1.7560,7
920926,鸿智科技,2025-12-31,72.5229,0.2824,2
920926,鸿智科技,2026-03-31,72.5207,-0.0022,0
920926,鸿智科技,2026-06-30,73.0646,0.5439,6
920931,无锡鼎邦,2025-12-31,0.5311,,2
920931,无锡鼎邦,2026-03-31,0.3081,-0.2230,1
920931,无锡鼎邦,2026-06-30,1.5648,1.2567,4
920932,科达自控,2025-12-31,5.6815,-0.3963,3
920932,科达自控,2026-03-31,4.7272,-0.9543,0
920932,科达自控,2026-06-30,5.1639,0.4367,3
920942,恒立钻具,2025-12-31,2.6870,-0.0293,0
920942,恒立钻具,2026-03-31,2.6845,-0.0025,0
920942,恒立钻具,2026-06-30,2.8499,0.1654,3
920943,优机股份,2025-12-31,6.4566,0.8441,2
920943,优机股份,2026-03-31,6.8055,0.3489,1
920943,优机股份,2026-06-30,7.2964,0.4909,3
920946,森萱医药,2025-12-31,74.9269,1.6833,38
920946,森萱医药,2026-03-31,72.6552,-2.2717,3
920946,森萱医药,2026-06-30,75.2239,2.5687,47
920950,迅安科技,2025-12-31,14.4173,0.3171,2
920950,迅安科技,2026-03-31,14.3188,-0.0985,2
920950,迅安科技,2026-06-30,14.5580,0.2392,4
920953,国子软件,2025-12-31,17.3863,4.4248,38
920953,国子软件,2026-03-31,12.6929,-4.6934,0
920953,国子软件,2026-06-30,17.3897,4.6968,47
920957,汉维科技,2025-12-31,25.1914,1.3224,2
920957,汉维科技,2026-03-31,25.0682,-0.1232,1
920957,汉维科技,2026-06-30,21.0194,-4.0488,7
920961,创远信科,2025-12-31,15.3817,0.0789,7
920961,创远信科,2026-03-31,14.1050,-1.2767,1
920961,创远信科,2026-06-30,14.6365,0.5315,9
920964,润农节水,2025-12-31,3.9514,-2.2974,4
920964,润农节水,2026-03-31,3.7059,-0.2455,1
920964,润农节水,2026-06-30,5.6900,1.9841,6
920970,大禹生物,2025-12-31,1.2737,-7.3254,2
920970,大禹生物,2026-03-31,1.9493,0.6756,0
920970,大禹生物,2026-06-30,0.9487,-1.0006,3
920971,天马新材,2025-12-31,6.0616,4.7087,34
920971,天马新材,2026-03-31,2.1869,-3.8747,0
920971,天马新材,2026-06-30,3.2949,1.1080,13
920974,凯大催化,2025-12-31,6.7581,0.3658,3
920974,凯大催化,2026-03-31,6.3923,-0.3658,0
920974,凯大催化,2026-06-30,6.5833,0.1910,3
920976,视声智能,2025-12-31,17.3577,0.7460,7
920976,视声智能,2026-03-31,18.3119,0.9542,1
920976,视声智能,2026-06-30,18.4548,0.1429,10
920978,开特股份,2025-12-31,26.2985,3.3218,108
920978,开特股份,2026-03-31,8.6006,-17.6979,7
920978,开特股份,2026-06-30,17.0997,8.4991,66
920981,晶赛科技,2025-12-31,1.7752,0.1196,3
920981,晶赛科技,2026-03-31,2.0400,0.2648,1
920981,晶赛科技,2026-06-30,2.8868,0.8468,6
920982,锦波生物,2025-12-31,18.3594,-6.6259,100
920982,锦波生物,2026-03-31,14.1179,-4.2415,45
920982,锦波生物,2026-06-30,17.0120,2.8941,88
920985,海泰新能,2025-12-31,4.2911,-0.3453,7
920985,海泰新能,2026-03-31,4.0527,-0.2384,2
920985,海泰新能,2026-06-30,4.3335,0.2808,6
920992,中科美菱,2025-12-31,43.8987,40.9178,4
920992,中科美菱,2026-03-31,39.3345,-4.5642,0
920992,中科美菱,2026-06-30,39.8454,0.5109,2
